tick,pop,recente,referencia,ativo
0,60,0.000,0.000,0
1,60,0.000,0.000,0
2,60,0.000,0.000,0
3,60,0.000,0.000,0
4,100,0.000,0.000,0
5,112,0.000,0.000,0
6,118,0.000,0.000,0
7,119,0.000,0.000,0
8,140,0.000,0.000,0
9,167,0.000,0.000,0
10,183,0.000,0.000,0
11,188,0.000,0.000,0
12,195,0.000,0.000,0
13,200,0.000,0.000,0
14,206,0.000,0.000,0
15,211,0.000,0.000,0
16,214,0.000,0.000,0
17,215,0.000,0.000,0
18,218,0.000,0.000,0
19,220,0.000,0.000,0
20,222,0.000,0.000,0
21,225,0.000,0.000,0
22,228,0.000,0.000,0
23,231,0.000,0.000,0
24,232,0.000,0.000,0
25,236,0.000,0.000,0
26,239,0.000,0.000,0
27,242,0.000,0.000,0
28,245,0.000,0.000,0
29,246,0.000,0.000,0
30,249,0.000,0.000,0
31,249,0.000,0.000,0
32,251,0.000,0.000,0
33,251,0.000,0.000,0
34,252,0.000,0.000,0
35,253,0.000,0.000,0
36,254,0.000,0.000,0
37,256,0.000,0.000,0
38,257,0.000,0.000,0
39,258,0.000,0.000,0
40,258,0.000,0.000,0
41,259,0.000,0.000,0
42,259,0.000,0.000,0
43,262,0.000,0.000,0
44,263,0.000,0.000,0
45,264,0.000,0.000,0
46,266,0.000,0.000,0
47,267,0.000,0.000,0
48,268,0.000,0.000,0
49,269,0.000,0.000,0
50,271,0.000,0.000,0
51,272,0.000,0.000,0
52,273,0.000,0.000,0
53,275,0.000,0.000,0
54,275,0.000,0.000,0
55,276,0.000,0.000,0
56,277,0.000,0.000,0
57,277,0.000,0.000,0
58,277,0.000,0.000,0
59,277,0.000,0.000,0
60,278,0.000,0.000,0
61,278,0.000,0.000,0
62,278,0.000,0.000,0
63,278,0.000,0.000,0
64,278,0.000,0.000,0
65,278,0.000,0.000,0
66,279,0.000,0.000,0
67,279,0.000,0.000,0
68,281,0.000,0.000,0
69,282,0.000,0.000,0
70,282,0.000,0.000,0
71,283,0.000,0.000,0
72,286,0.000,0.000,0
73,287,0.000,0.000,0
74,288,0.000,0.000,0
75,288,0.000,0.000,0
76,288,0.000,0.000,0
77,289,0.000,0.000,0
78,289,0.000,0.000,0
79,289,0.000,0.000,0
80,290,0.000,0.000,0
81,290,0.000,0.000,0
82,291,0.000,0.000,0
83,291,0.000,0.000,0
84,292,0.000,0.000,0
85,292,0.000,0.000,0
86,292,0.000,0.000,0
87,294,0.000,0.000,0
88,294,0.000,0.000,0
89,294,0.000,0.000,0
90,295,0.000,0.000,0
91,295,0.000,0.000,0
92,295,0.000,0.000,0
93,296,0.000,0.000,0
94,296,0.000,0.000,0
95,295,0.000,0.000,0
96,296,0.000,0.000,0
97,298,0.000,0.000,0
98,298,0.000,0.000,0
99,300,0.000,0.000,0
100,300,0.000,0.000,0
101,300,0.000,0.000,0
102,299,0.000,0.000,0
103,299,0.000,0.000,0
104,298,0.000,0.000,0
105,298,0.000,0.000,0
106,298,0.000,0.000,0
107,298,0.000,0.000,0
108,298,0.000,0.000,0
109,298,0.000,0.000,0
110,298,0.000,0.000,0
111,298,0.000,0.000,0
112,300,0.000,0.000,0
113,300,0.000,0.000,0
114,300,0.000,0.000,0
115,300,0.000,0.000,0
116,300,0.000,0.000,0
117,301,0.000,0.000,0
118,301,0.000,0.000,0
119,302,0.000,0.000,0
120,301,0.000,0.000,0
121,300,0.000,0.000,0
122,300,0.000,0.000,0
123,301,0.000,0.000,0
124,302,0.000,0.000,0
125,302,0.000,0.000,0
126,301,0.000,0.000,0
127,302,0.000,0.000,0
128,302,0.000,0.000,0
129,304,0.000,0.000,0
130,304,0.000,0.000,0
131,305,0.000,0.000,0
132,305,0.000,0.000,0
133,304,0.000,0.000,0
134,304,0.000,0.000,0
135,303,0.000,0.000,0
136,304,0.000,0.000,0
137,304,0.000,0.000,0
138,304,0.000,0.000,0
139,300,0.000,0.000,0
140,300,0.000,0.000,0
141,301,0.000,0.000,0
142,300,0.000,0.000,0
143,300,0.000,0.000,0
144,300,0.000,0.000,0
145,298,0.000,0.000,0
146,297,0.000,0.000,0
147,294,0.000,0.000,0
148,296,0.000,0.000,0
149,296,0.000,0.000,0
150,295,0.000,0.000,0
151,295,0.000,0.000,0
152,294,0.000,0.000,0
153,293,0.000,0.000,0
154,292,0.000,0.000,0
155,290,0.000,0.000,0
156,290,0.000,0.000,0
157,288,0.000,0.000,0
158,285,0.000,0.000,0
159,285,0.000,0.000,0
160,285,0.000,0.000,0
161,282,0.000,0.000,0
162,282,0.000,0.000,0
163,282,0.000,0.000,0
164,281,0.000,0.000,0
165,281,0.000,0.000,0
166,280,0.000,0.000,0
167,280,0.000,0.000,0
168,280,0.000,0.000,0
169,279,0.000,0.000,0
170,279,0.000,0.000,0
171,279,0.000,0.000,0
172,279,0.000,0.000,0
173,279,0.000,0.000,0
174,280,0.000,0.000,0
175,280,0.000,0.000,0
176,281,0.000,0.000,0
177,281,0.000,0.000,0
178,281,0.000,0.000,0
179,278,0.000,0.000,0
180,278,0.000,0.000,0
181,278,0.000,0.000,0
182,277,0.000,0.000,0
183,276,0.000,0.000,0
184,274,0.000,0.000,0
185,274,0.000,0.000,0
186,273,0.000,0.000,0
187,272,0.000,0.000,0
188,272,0.000,0.000,0
189,272,0.000,0.000,0
190,272,0.000,0.000,0
191,270,0.000,0.000,0
192,270,0.000,0.000,0
193,270,0.000,0.000,0
194,271,0.000,0.000,0
195,270,0.000,0.000,0
196,270,0.000,0.000,0
197,270,0.000,0.000,0
198,270,0.000,0.000,0
199,269,0.000,0.000,0
200,269,0.000,0.000,0
201,269,0.000,0.000,0
202,269,0.000,0.000,0
203,267,0.000,0.000,0
204,267,0.000,0.000,0
205,267,0.000,0.000,0
206,266,0.000,0.000,0
207,266,0.000,0.000,0
208,266,0.000,0.000,0
209,264,0.000,0.000,0
210,264,0.000,0.000,0
211,263,0.000,0.000,0
212,263,0.000,0.000,0
213,263,0.000,0.000,0
214,263,0.000,0.000,0
215,262,0.000,0.000,0
216,262,0.000,0.000,0
217,262,0.000,0.000,0
218,262,0.000,0.000,0
219,262,0.000,0.000,0
220,261,0.000,0.000,0
221,259,0.000,0.000,0
222,259,0.000,0.000,0
223,259,0.000,0.000,0
224,259,0.000,0.000,0
225,258,0.000,0.000,0
226,260,0.000,0.000,0
227,260,0.000,0.000,0
228,259,0.000,0.000,0
229,259,0.000,0.000,0
230,258,0.000,0.000,0
231,258,0.000,0.000,0
232,258,0.000,0.000,0
233,259,0.000,0.000,0
234,259,0.000,0.000,0
235,260,0.000,0.000,0
236,260,0.000,0.000,0
237,260,0.000,0.000,0
238,260,0.000,0.000,0
239,260,0.000,0.000,0
240,260,0.000,0.000,0
241,261,0.000,0.000,0
242,261,0.000,0.000,0
243,261,0.000,0.000,0
244,261,0.000,0.000,0
245,262,0.000,0.000,0
246,262,0.000,0.000,0
247,262,0.000,0.000,0
248,261,0.000,0.000,0
249,261,0.000,0.000,0
250,259,0.000,0.000,0
251,260,0.000,0.000,0
252,262,0.000,0.000,0
253,261,0.000,0.000,0
254,261,0.000,0.000,0
255,260,0.000,0.000,0
256,261,0.000,0.000,0
257,261,0.000,0.000,0
258,261,0.000,0.000,0
259,261,0.000,0.000,0
260,261,0.000,0.000,0
261,261,0.000,0.000,0
262,260,0.000,0.000,0
263,260,0.000,0.000,0
264,260,0.000,0.000,0
265,261,0.000,0.000,0
266,261,0.000,0.000,0
267,261,0.000,0.000,0
268,260,0.000,0.000,0
269,260,0.000,0.000,0
270,259,0.000,0.000,0
271,259,0.000,0.000,0
272,260,0.000,0.000,0
273,260,0.000,0.000,0
274,260,0.000,0.000,0
275,259,0.000,0.000,0
276,260,0.000,0.000,0
277,260,0.000,0.000,0
278,260,0.000,0.000,0
279,260,0.000,0.000,0
280,260,0.000,0.000,0
281,260,0.000,0.000,0
282,260,0.000,0.000,0
283,261,0.000,0.000,0
284,260,0.000,0.000,0
285,259,0.000,0.000,0
286,259,0.000,0.000,0
287,259,0.000,0.000,0
288,260,0.000,0.000,0
289,260,0.000,0.000,0
290,260,0.000,0.000,0
291,261,0.000,0.000,0
292,263,0.000,0.000,0
293,263,0.000,0.000,0
294,263,0.000,0.000,0
295,265,0.000,0.000,0
296,265,0.000,0.000,0
297,265,0.000,0.000,0
298,265,0.000,0.000,0
299,265,0.000,0.000,0
300,264,0.000,0.000,0
301,264,0.000,0.000,0
302,264,0.000,0.000,0
303,265,0.000,0.000,0
304,265,0.000,0.000,0
305,265,0.000,0.000,0
306,266,0.000,0.000,0
307,266,0.000,0.000,0
308,267,0.000,0.000,0
309,267,0.000,0.000,0
310,268,0.000,0.000,0
311,268,0.000,0.000,0
312,266,0.000,0.000,0
313,267,0.000,0.000,0
314,269,0.000,0.000,0
315,270,0.000,0.000,0
316,270,0.000,0.000,0
317,270,0.000,0.000,0
318,270,0.000,0.000,0
319,269,0.000,0.000,0
320,269,0.000,0.000,0
321,269,0.000,0.000,0
322,269,0.000,0.000,0
323,269,0.000,0.000,0
324,269,0.000,0.000,0
325,269,0.000,0.000,0
326,269,0.000,0.000,0
327,269,0.000,0.000,0
328,270,0.000,0.000,0
329,270,0.000,0.000,0
330,270,0.000,0.000,0
331,270,0.000,0.000,0
332,270,0.000,0.000,0
333,269,0.000,0.000,0
334,268,0.000,0.000,0
335,267,0.000,0.000,0
336,268,0.000,0.000,0
337,268,0.000,0.000,0
338,268,0.000,0.000,0
339,268,0.000,0.000,0
340,269,0.000,0.000,0
341,270,0.000,0.000,0
342,270,0.000,0.000,0
343,270,0.000,0.000,0
344,271,0.000,0.000,0
345,271,0.000,0.000,0
346,271,0.000,0.000,0
347,272,0.000,0.000,0
348,272,0.000,0.000,0
349,270,0.000,0.000,0
350,270,0.000,0.000,0
351,270,0.000,0.000,0
352,269,0.000,0.000,0
353,270,0.000,0.000,0
354,270,0.000,0.000,0
355,270,0.000,0.000,0
356,270,0.000,0.000,0
357,270,0.000,0.000,0
358,270,0.000,0.000,0
359,270,0.000,0.000,0
360,270,0.000,0.000,0
361,269,0.000,0.000,0
362,269,0.000,0.000,0
363,268,0.000,0.000,0
364,269,0.000,0.000,0
365,269,0.000,0.000,0
366,270,0.000,0.000,0
367,270,0.000,0.000,0
368,270,0.000,0.000,0
369,270,0.000,0.000,0
370,270,0.000,0.000,0
371,270,0.000,0.000,0
372,270,0.000,0.000,0
373,270,0.000,0.000,0
374,269,0.000,0.000,0
375,269,0.000,0.000,0
376,268,0.000,0.000,0
377,269,0.000,0.000,0
378,269,0.000,0.000,0
379,269,0.000,0.000,0
380,268,0.000,0.000,0
381,268,0.000,0.000,0
382,268,0.000,0.000,0
383,268,0.000,0.000,0
384,268,0.000,0.000,0
385,268,0.000,0.000,0
386,269,0.000,0.000,0
387,267,0.000,0.000,0
388,268,0.000,0.000,0
389,268,0.000,0.000,0
390,268,0.000,0.000,0
391,268,0.000,0.000,0
392,268,0.000,0.000,0
393,268,0.000,0.000,0
394,268,0.000,0.000,0
395,268,0.000,0.000,0
396,267,0.000,0.000,0
397,267,0.000,0.000,0
398,268,0.000,0.000,0
399,268,0.000,0.000,0
400,268,0.000,0.000,0
401,267,0.000,0.000,0
402,267,0.000,0.000,0
403,267,0.000,0.000,0
404,267,0.000,0.000,0
405,267,0.000,0.000,0
406,269,0.000,0.000,0
407,271,0.000,0.000,0
408,271,0.000,0.000,0
409,271,0.000,0.000,0
410,271,0.000,0.000,0
411,271,0.000,0.000,0
412,271,0.000,0.000,0
413,271,0.000,0.000,0
414,270,0.000,0.000,0
415,272,0.000,0.000,0
416,272,0.000,0.000,0
417,272,0.000,0.000,0
418,272,0.000,0.000,0
419,272,0.000,0.000,0
420,272,0.000,0.000,0
421,272,0.000,0.000,0
422,272,0.000,0.000,0
423,272,0.000,0.000,0
424,273,0.000,0.000,0
425,273,0.000,0.000,0
426,273,0.000,0.000,0
427,273,0.000,0.000,0
428,273,0.000,0.000,0
429,272,0.000,0.000,0
430,272,0.000,0.000,0
431,272,0.000,0.000,0
432,272,0.000,0.000,0
433,273,0.000,0.000,0
434,272,0.000,0.000,0
435,272,0.000,0.000,0
436,271,0.000,0.000,0
437,271,0.000,0.000,0
438,270,0.000,0.000,0
439,270,0.000,0.000,0
440,271,0.000,0.000,0
441,271,0.000,0.000,0
442,271,0.000,0.000,0
443,271,0.000,0.000,0
444,270,0.000,0.000,0
445,271,0.000,0.000,0
446,271,0.000,0.000,0
447,272,0.000,0.000,0
448,272,0.000,0.000,0
449,271,0.000,0.000,0
450,271,0.000,0.000,0
451,271,0.000,0.000,0
452,271,0.000,0.000,0
453,270,0.000,0.000,0
454,270,0.000,0.000,0
455,272,0.000,0.000,0
456,272,0.000,0.000,0
457,272,0.000,0.000,0
458,272,0.000,0.000,0
459,273,0.000,0.000,0
460,272,0.000,0.000,0
461,272,0.000,0.000,0
462,272,0.000,0.000,0
463,273,0.000,0.000,0
464,274,0.000,0.000,0
465,274,0.000,0.000,0
466,274,0.000,0.000,0
467,274,0.000,0.000,0
468,274,0.000,0.000,0
469,274,0.000,0.000,0
470,276,0.000,0.000,0
471,276,0.000,0.000,0
472,277,0.000,0.000,0
473,278,0.000,0.000,0
474,276,0.000,0.000,0
475,275,0.000,0.000,0
476,276,0.000,0.000,0
477,276,0.000,0.000,0
478,276,0.000,0.000,0
479,276,0.000,0.000,0
480,276,0.000,0.000,0
481,276,0.000,0.000,0
482,276,0.000,0.000,0
483,275,0.000,0.000,0
484,275,0.000,0.000,0
485,275,0.000,0.000,0
486,275,0.000,0.000,0
487,275,0.000,0.000,0
488,276,0.000,0.000,0
489,274,0.000,0.000,0
490,275,0.000,0.000,0
491,275,0.000,0.000,0
492,275,0.000,0.000,0
493,275,0.000,0.000,0
494,275,0.000,0.000,0
495,275,0.000,0.000,0
496,274,0.000,0.000,0
497,274,0.000,0.000,0
498,274,0.000,0.000,0
499,274,0.000,0.000,0
500,275,0.000,0.000,0
501,275,0.000,0.000,0
502,273,0.000,0.000,0
503,273,0.000,0.000,0
504,273,0.000,0.000,0
505,274,0.000,0.000,0
506,274,0.000,0.000,0
507,274,0.000,0.000,0
508,272,0.000,0.000,0
509,272,0.000,0.000,0
510,273,0.000,0.000,0
511,272,0.000,0.000,0
512,272,0.000,0.000,0
513,272,0.000,0.000,0
514,272,0.000,0.000,0
515,272,0.000,0.000,0
516,271,0.000,0.000,0
517,271,0.000,0.000,0
518,271,0.000,0.000,0
519,271,0.000,0.000,0
520,271,0.000,0.000,0
521,270,0.000,0.000,0
522,270,0.000,0.000,0
523,269,0.000,0.000,0
524,269,0.000,0.000,0
525,269,0.000,0.000,0
526,269,0.000,0.000,0
527,268,0.000,0.000,0
528,268,0.000,0.000,0
529,268,0.000,0.000,0
530,266,0.000,0.000,0
531,266,0.000,0.000,0
532,265,0.000,0.000,0
533,266,0.000,0.000,0
534,267,0.000,0.000,0
535,267,0.000,0.000,0
536,268,0.000,0.000,0
537,268,0.000,0.000,0
538,268,0.000,0.000,0
539,267,0.000,0.000,0
540,267,0.000,0.000,0
541,267,0.000,0.000,0
542,268,0.000,0.000,0
543,268,0.000,0.000,0
544,268,0.000,0.000,0
545,267,0.000,0.000,0
546,267,0.000,0.000,0
547,267,0.000,0.000,0
548,267,0.000,0.000,0
549,267,0.000,0.000,0
550,267,0.000,0.000,0
551,268,0.000,0.000,0
552,268,0.000,0.000,0
553,268,0.000,0.000,0
554,267,0.000,0.000,0
555,267,0.000,0.000,0
556,267,0.000,0.000,0
557,263,0.000,0.000,0
558,263,0.000,0.000,0
559,263,0.000,0.000,0
560,264,0.000,0.000,0
561,265,0.000,0.000,0
562,265,0.000,0.000,0
563,265,0.000,0.000,0
564,265,0.000,0.000,0
565,265,0.000,0.000,0
566,265,0.000,0.000,0
567,265,0.000,0.000,0
568,265,0.000,0.000,0
569,264,0.000,0.000,0
570,263,0.000,0.000,0
571,263,0.000,0.000,0
572,262,0.000,0.000,0
573,262,0.000,0.000,0
574,261,0.000,0.000,0
575,260,0.000,0.000,0
576,260,0.000,0.000,0
577,260,0.000,0.000,0
578,259,0.000,0.000,0
579,258,0.000,0.000,0
580,257,0.000,0.000,0
581,256,0.000,0.000,0
582,256,0.000,0.000,0
583,256,0.000,0.000,0
584,256,0.000,0.000,0
585,256,0.000,0.000,0
586,257,0.000,0.000,0
587,257,0.000,0.000,0
588,257,0.000,0.000,0
589,257,0.000,0.000,0
590,257,0.000,0.000,0
591,258,0.000,0.000,0
592,259,0.000,0.000,0
593,258,0.000,0.000,0
594,259,0.000,0.000,0
595,259,0.000,0.000,0
596,259,0.000,0.000,0
597,258,0.000,0.000,0
598,258,0.000,0.000,0
599,258,0.000,0.000,0
600,259,0.000,0.000,0
601,259,0.000,0.000,0
602,259,0.000,0.000,0
603,260,0.000,0.000,0
604,260,0.000,0.000,0
605,260,0.000,0.000,0
606,260,0.000,0.000,0
607,260,0.000,0.000,0
608,260,0.000,0.000,0
609,260,0.000,0.000,0
610,260,0.000,0.000,0
611,260,0.000,0.000,0
612,260,0.000,0.000,0
613,260,0.000,0.000,0
614,260,0.000,0.000,0
615,260,0.000,0.000,0
616,260,0.000,0.000,0
617,261,0.000,0.000,0
618,261,0.000,0.000,0
619,261,0.000,0.000,0
620,261,0.000,0.000,0
621,261,0.000,0.000,0
622,261,0.000,0.000,0
623,260,0.000,0.000,0
624,262,0.000,0.000,0
625,261,0.000,0.000,0
626,261,0.000,0.000,0
627,263,0.000,0.000,0
628,263,0.000,0.000,0
629,263,0.000,0.000,0
630,262,0.000,0.000,0
631,263,0.000,0.000,0
632,263,0.000,0.000,0
633,264,0.000,0.000,0
634,265,0.000,0.000,0
635,266,0.000,0.000,0
636,267,0.000,0.000,0
637,267,0.000,0.000,0
638,267,0.000,0.000,0
639,267,0.000,0.000,0
640,267,0.000,0.000,0
641,267,0.000,0.000,0
642,267,0.000,0.000,0
643,267,0.000,0.000,0
644,267,0.000,0.000,0
645,266,0.000,0.000,0
646,266,0.000,0.000,0
647,266,0.000,0.000,0
648,266,0.000,0.000,0
649,266,0.000,0.000,0
650,266,0.000,0.000,0
651,266,0.000,0.000,0
652,266,0.000,0.000,0
653,266,0.000,0.000,0
654,266,0.000,0.000,0
655,264,0.000,0.000,0
656,265,0.000,0.000,0
657,266,0.000,0.000,0
658,266,0.000,0.000,0
659,267,0.000,0.000,0
660,267,0.000,0.000,0
661,267,0.000,0.000,0
662,267,0.000,0.000,0
663,267,0.000,0.000,0
664,268,0.000,0.000,0
665,268,0.000,0.000,0
666,268,0.000,0.000,0
667,268,0.000,0.000,0
668,268,0.000,0.000,0
669,268,0.000,0.000,0
670,268,0.000,0.000,0
671,268,0.000,0.000,0
672,268,0.000,0.000,0
673,268,0.000,0.000,0
674,268,0.000,0.000,0
675,269,0.000,0.000,0
676,269,0.000,0.000,0
677,268,0.000,0.000,0
678,269,0.000,0.000,0
679,269,0.000,0.000,0
680,270,0.000,0.000,0
681,270,0.000,0.000,0
682,270,0.000,0.000,0
683,270,0.000,0.000,0
684,270,0.000,0.000,0
685,270,0.000,0.000,0
686,270,0.000,0.000,0
687,271,0.000,0.000,0
688,271,0.000,0.000,0
689,271,0.000,0.000,0
690,271,0.000,0.000,0
691,272,0.000,0.000,0
692,271,0.000,0.000,0
693,271,0.000,0.000,0
694,271,0.000,0.000,0
695,271,0.000,0.000,0
696,271,0.000,0.000,0
697,271,0.000,0.000,0
698,272,0.000,0.000,0
699,272,0.000,0.000,0
700,272,0.000,0.000,0
701,272,0.000,0.000,0
702,272,0.000,0.000,0
703,272,0.000,0.000,0
704,272,0.000,0.000,0
705,272,0.000,0.000,0
706,272,0.000,0.000,0
707,272,0.000,0.000,0
708,272,0.000,0.000,0
709,272,0.000,0.000,0
710,272,0.000,0.000,0
711,272,0.000,0.000,0
712,272,0.000,0.000,0
713,272,0.000,0.000,0
714,272,0.000,0.000,0
715,273,0.000,0.000,0
716,271,0.000,0.000,0
717,270,0.000,0.000,0
718,270,0.000,0.000,0
719,270,0.000,0.000,0
720,270,0.000,0.000,0
721,270,0.000,0.000,0
722,270,0.000,0.000,0
723,270,0.000,0.000,0
724,270,0.000,0.000,0
725,271,0.000,0.000,0
726,272,0.000,0.000,0
727,272,0.000,0.000,0
728,272,0.000,0.000,0
729,272,0.000,0.000,0
730,272,0.000,0.000,0
731,271,0.000,0.000,0
732,271,0.000,0.000,0
733,270,0.000,0.000,0
734,270,0.000,0.000,0
735,269,0.000,0.000,0
736,269,0.000,0.000,0
737,269,0.000,0.000,0
738,270,0.000,0.000,0
739,270,0.000,0.000,0
740,269,0.000,0.000,0
741,269,0.000,0.000,0
742,269,0.000,0.000,0
743,269,0.000,0.000,0
744,267,0.000,0.000,0
745,266,0.000,0.000,0
746,266,0.000,0.000,0
747,266,0.000,0.000,0
748,266,0.000,0.000,0
749,266,0.000,0.000,0
750,266,0.000,0.000,0
751,266,0.000,0.000,0
752,266,0.000,0.000,0
753,266,0.000,0.000,0
754,267,0.000,0.000,0
755,267,0.000,0.000,0
756,267,0.000,0.000,0
757,267,0.000,0.000,0
758,267,0.000,0.000,0
759,267,0.000,0.000,0
760,267,0.000,0.000,0
761,267,0.000,0.000,0
762,267,0.000,0.000,0
763,267,0.000,0.000,0
764,268,0.000,0.000,0
765,268,0.000,0.000,0
766,269,0.000,0.000,0
767,269,0.000,0.000,0
768,268,0.000,0.000,0
769,268,0.000,0.000,0
770,267,0.000,0.000,0
771,267,0.000,0.000,0
772,266,0.000,0.000,0
773,266,0.000,0.000,0
774,266,0.000,0.000,0
775,266,0.000,0.000,0
776,268,0.000,0.000,0
777,268,0.000,0.000,0
778,267,0.000,0.000,0
779,267,0.000,0.000,0
780,267,0.000,0.000,0
781,267,0.000,0.000,0
782,268,0.000,0.000,0
783,269,0.000,0.000,0
784,269,0.000,0.000,0
785,269,0.000,0.000,0
786,269,0.000,0.000,0
787,269,0.000,0.000,0
788,270,0.000,0.000,0
789,271,0.000,0.000,0
790,271,0.000,0.000,0
791,271,0.000,0.000,0
792,271,0.000,0.000,0
793,271,0.000,0.000,0
794,272,0.000,0.000,0
795,274,0.000,0.000,0
796,274,0.000,0.000,0
797,274,0.000,0.000,0
798,273,0.000,0.000,0
799,272,0.000,0.000,0
800,272,0.000,0.000,0
801,271,0.000,0.000,0
802,271,0.000,0.000,0
803,272,0.000,0.000,0
804,272,0.000,0.000,0
805,272,0.000,0.000,0
806,272,0.000,0.000,0
807,272,0.000,0.000,0
808,272,0.000,0.000,0
809,272,0.000,0.000,0
810,272,0.000,0.000,0
811,272,0.000,0.000,0
812,272,0.000,0.000,0
813,272,0.000,0.000,0
814,272,0.000,0.000,0
815,272,0.000,0.000,0
816,271,0.000,0.000,0
817,270,0.000,0.000,0
818,270,0.000,0.000,0
819,270,0.000,0.000,0
820,270,0.000,0.000,0
821,270,0.000,0.000,0
822,270,0.000,0.000,0
823,269,0.000,0.000,0
824,269,0.000,0.000,0
825,270,0.000,0.000,0
826,271,0.000,0.000,0
827,271,0.000,0.000,0
828,271,0.000,0.000,0
829,271,0.000,0.000,0
830,271,0.000,0.000,0
831,271,0.000,0.000,0
832,270,0.000,0.000,0
833,270,0.000,0.000,0
834,270,0.000,0.000,0
835,270,0.000,0.000,0
836,270,0.000,0.000,0
837,270,0.000,0.000,0
838,270,0.000,0.000,0
839,271,0.000,0.000,0
840,271,0.000,0.000,0
841,271,0.000,0.000,0
842,271,0.000,0.000,0
843,271,0.000,0.000,0
844,271,0.000,0.000,0
845,271,0.000,0.000,0
846,270,0.000,0.000,0
847,270,0.000,0.000,0
848,270,0.000,0.000,0
849,270,0.000,0.000,0
850,270,0.000,0.000,0
851,270,0.000,0.000,0
852,271,0.000,0.000,0
853,271,0.000,0.000,0
854,271,0.000,0.000,0
855,271,0.000,0.000,0
856,271,0.000,0.000,0
857,271,0.000,0.000,0
858,271,0.000,0.000,0
859,271,0.000,0.000,0
860,272,0.000,0.000,0
861,272,0.000,0.000,0
862,272,0.000,0.000,0
863,271,0.000,0.000,0
864,271,0.000,0.000,0
865,271,0.000,0.000,0
866,272,0.000,0.000,0
867,272,0.000,0.000,0
868,272,0.000,0.000,0
869,272,0.000,0.000,0
870,273,0.000,0.000,0
871,273,0.000,0.000,0
872,273,0.000,0.000,0
873,273,0.000,0.000,0
874,273,0.000,0.000,0
875,273,0.000,0.000,0
876,273,0.000,0.000,0
877,273,0.000,0.000,0
878,274,0.000,0.000,0
879,274,0.000,0.000,0
880,272,0.000,0.000,0
881,272,0.000,0.000,0
882,271,0.000,0.000,0
883,270,0.000,0.000,0
884,269,0.000,0.000,0
885,269,0.000,0.000,0
886,269,0.000,0.000,0
887,269,0.000,0.000,0
888,269,0.000,0.000,0
889,269,0.000,0.000,0
890,270,0.000,0.000,0
891,271,0.000,0.000,0
892,270,0.000,0.000,0
893,270,0.000,0.000,0
894,270,0.000,0.000,0
895,270,0.000,0.000,0
896,268,0.000,0.000,0
897,268,0.000,0.000,0
898,268,0.000,0.000,0
899,266,0.000,0.000,0
900,267,0.000,0.000,0
901,266,0.000,0.000,0
902,267,0.000,0.000,0
903,267,0.000,0.000,0
904,267,0.000,0.000,0
905,267,0.000,0.000,0
906,267,0.000,0.000,0
907,267,0.000,0.000,0
908,267,0.000,0.000,0
909,267,0.000,0.000,0
910,267,0.000,0.000,0
911,267,0.000,0.000,0
912,267,0.000,0.000,0
913,267,0.000,0.000,0
914,267,0.000,0.000,0
915,267,0.000,0.000,0
916,267,0.000,0.000,0
917,267,0.000,0.000,0
918,267,0.000,0.000,0
919,267,0.000,0.000,0
920,267,0.000,0.000,0
921,267,0.000,0.000,0
922,266,0.000,0.000,0
923,266,0.000,0.000,0
924,267,0.000,0.000,0
925,267,0.000,0.000,0
926,267,0.000,0.000,0
927,266,0.000,0.000,0
928,266,0.000,0.000,0
929,265,0.000,0.000,0
930,265,0.000,0.000,0
931,265,0.000,0.000,0
932,265,0.000,0.000,0
933,265,0.000,0.000,0
934,265,0.000,0.000,0
935,265,0.000,0.000,0
936,265,0.000,0.000,0
937,265,0.000,0.000,0
938,265,0.000,0.000,0
939,265,0.000,0.000,0
940,265,0.000,0.000,0
941,265,0.000,0.000,0
942,265,0.000,0.000,0
943,265,0.000,0.000,0
944,265,0.000,0.000,0
945,265,0.000,0.000,0
946,265,0.000,0.000,0
947,265,0.000,0.000,0
948,265,0.000,0.000,0
949,265,0.000,0.000,0
950,264,0.000,0.000,0
951,264,0.000,0.000,0
952,265,0.000,0.000,0
953,265,0.000,0.000,0
954,265,0.000,0.000,0
955,265,0.000,0.000,0
956,267,0.000,0.000,0
957,268,0.000,0.000,0
958,268,0.000,0.000,0
959,268,0.000,0.000,0
960,268,0.000,0.000,0
961,268,0.000,0.000,0
962,268,0.000,0.000,0
963,268,0.000,0.000,0
964,267,0.000,0.000,0
965,267,0.000,0.000,0
966,267,0.000,0.000,0
967,267,0.000,0.000,0
968,267,0.000,0.000,0
969,267,0.000,0.000,0
970,267,0.000,0.000,0
971,267,0.000,0.000,0
972,267,0.000,0.000,0
973,267,0.000,0.000,0
974,268,0.000,0.000,0
975,268,0.000,0.000,0
976,267,0.000,0.000,0
977,267,0.000,0.000,0
978,267,0.000,0.000,0
979,267,0.000,0.000,0
980,267,0.000,0.000,0
981,267,0.000,0.000,0
982,267,0.000,0.000,0
983,267,0.000,0.000,0
984,267,0.000,0.000,0
985,267,0.000,0.000,0
986,266,0.000,0.000,0
987,266,0.000,0.000,0
988,266,0.000,0.000,0
989,266,0.000,0.000,0
990,266,0.000,0.000,0
991,266,0.000,0.000,0
992,266,0.000,0.000,0
993,266,0.000,0.000,0
994,266,0.000,0.000,0
995,266,0.000,0.000,0
996,267,0.000,0.000,0
997,266,0.000,0.000,0
998,266,0.000,0.000,0
999,265,268.588,267.720,0
1000,265,268.584,268.524,0
1001,265,268.580,269.320,0
1002,265,268.576,270.120,0
1003,265,268.572,270.928,0
1004,264,268.568,271.568,0
1005,264,268.556,272.164,0
1006,264,268.544,272.732,0
1007,264,268.532,273.300,0
1008,265,268.520,273.788,0
1009,265,268.512,274.164,0
1010,265,268.504,274.476,0
1011,265,268.496,274.768,0
1012,265,268.488,275.032,0
1013,265,268.480,275.272,0
1014,265,268.472,275.488,0
1015,265,268.460,275.684,0
1016,265,268.448,275.872,0
1017,265,268.432,276.056,0
1018,265,268.416,276.228,0
1019,265,268.404,276.388,0
1020,265,268.392,276.540,0
1021,265,268.384,276.676,0
1022,265,268.376,276.800,0
1023,265,268.372,276.916,0
1024,265,268.368,277.028,0
1025,265,268.364,277.124,0
1026,265,268.360,277.204,0
1027,263,268.348,277.268,0
1028,263,268.328,277.328,0
1029,263,268.312,277.384,0
1030,262,268.296,277.424,0
1031,262,268.276,277.468,0
1032,262,268.256,277.504,0
1033,262,268.232,277.540,0
1034,261,268.204,277.572,0
1035,261,268.172,277.600,0
1036,260,268.140,277.616,0
1037,260,268.104,277.628,0
1038,260,268.068,277.636,0
1039,260,268.028,277.644,0
1040,260,267.984,277.652,0
1041,260,267.940,277.656,0
1042,260,267.896,277.664,0
1043,259,267.852,277.664,0
1044,259,267.804,277.664,0
1045,259,267.752,277.660,0
1046,259,267.692,277.656,0
1047,260,267.632,277.652,0
1048,260,267.576,277.640,0
1049,260,267.524,277.624,0
1050,260,267.476,277.600,0
1051,260,267.428,277.568,0
1052,260,267.384,277.532,0
1053,261,267.340,277.492,0
1054,261,267.296,277.452,0
1055,262,267.252,277.412,0
1056,263,267.212,277.368,0
1057,263,267.176,277.324,0
1058,263,267.140,277.280,0
1059,263,267.104,277.240,0
1060,263,267.068,277.196,0
1061,262,267.032,277.152,0
1062,261,266.992,277.108,0
1063,261,266.948,277.060,0
1064,261,266.904,277.016,0
1065,261,266.860,276.980,0
1066,261,266.816,276.944,0
1067,261,266.776,276.908,0
1068,261,266.740,276.864,0
1069,262,266.704,276.820,0
1070,261,266.672,276.764,0
1071,261,266.636,276.708,0
1072,261,266.600,276.640,0
1073,262,266.564,276.572,0
1074,262,266.536,276.496,0
1075,262,266.508,276.420,0
1076,262,266.476,276.344,0
1077,262,266.440,276.264,0
1078,262,266.404,276.184,0
1079,262,266.368,276.108,0
1080,262,266.332,276.028,0
1081,262,266.296,275.948,0
1082,262,266.260,275.864,0
1083,262,266.228,275.780,0
1084,262,266.196,275.688,0
1085,262,266.164,275.592,0
1086,262,266.132,275.492,0
1087,261,266.100,275.384,0
1088,261,266.064,275.280,0
1089,261,266.028,275.176,0
1090,260,265.988,275.064,0
1091,261,265.944,274.964,0
1092,261,265.904,274.864,0
1093,260,265.864,274.756,0
1094,260,265.820,274.652,0
1095,261,265.776,274.560,0
1096,260,265.736,274.456,0
1097,260,265.696,274.348,0
1098,259,265.656,274.240,0
1099,259,265.612,274.128,0
1100,261,265.568,274.016,0
1101,262,265.532,273.900,0
1102,263,265.500,273.788,0
1103,263,265.468,273.668,0
1104,264,265.436,273.560,0
1105,264,265.408,273.448,0
1106,264,265.380,273.336,0
1107,264,265.352,273.224,0
1108,265,265.324,273.116,0
1109,265,265.300,273.004,0
1110,265,265.276,272.892,0
1111,265,265.248,272.780,0
1112,265,265.220,272.656,0
1113,265,265.192,272.532,0
1114,265,265.168,272.404,0
1115,266,265.144,272.284,0
1116,267,265.124,272.164,0
1117,268,265.104,272.044,0
1118,268,265.088,271.920,0
1119,268,265.072,271.792,0
1120,268,265.056,271.668,0
1121,267,265.036,271.544,0
1122,267,265.012,271.424,0
1123,266,264.988,271.296,0
1124,267,264.960,271.172,0
1125,267,264.936,271.040,0
1126,267,264.912,270.912,0
1127,267,264.888,270.776,0
1128,267,264.864,270.644,0
1129,268,264.836,270.508,0
1130,267,264.812,270.364,0
1131,267,264.792,270.216,0
1132,267,264.772,270.068,0
1133,266,264.756,269.920,0
1134,266,264.740,269.776,0
1135,267,264.728,269.640,0
1136,267,264.720,269.496,0
1137,267,264.712,269.356,0
1138,267,264.704,269.208,0
1139,267,264.696,269.080,0
1140,267,264.688,268.952,0
1141,267,264.676,268.820,0
1142,268,264.660,268.696,0
1143,268,264.652,268.568,0
1144,268,264.644,268.440,0
1145,269,264.636,268.324,0
1146,268,264.632,268.204,0
1147,268,264.632,268.096,0
1148,268,264.632,267.980,0
1149,268,264.632,267.868,0
1150,268,264.640,267.760,0
1151,268,264.644,267.652,0
1152,268,264.652,267.544,0
1153,267,264.656,267.436,0
1154,267,264.656,267.336,0
1155,268,264.656,267.248,0
1156,268,264.660,267.156,0
1157,268,264.664,267.080,0
1158,269,264.668,267.028,0
1159,269,264.676,266.972,0
1160,269,264.684,266.916,0
1161,269,264.692,266.872,0
1162,269,264.700,266.828,0
1163,269,264.708,266.784,0
1164,269,264.716,266.744,0
1165,269,264.724,266.700,0
1166,269,264.732,266.668,0
1167,269,264.740,266.636,0
1168,270,264.748,266.608,0
1169,270,264.760,266.580,0
1170,269,264.772,266.548,0
1171,268,264.780,266.516,0
1172,268,264.784,266.488,0
1173,268,264.792,266.460,0
1174,268,264.800,266.428,0
1175,268,264.804,266.400,0
1176,267,264.808,266.364,0
1177,267,264.808,266.332,0
1178,266,264.812,266.296,0
1179,266,264.812,266.276,0
1180,266,264.816,266.252,0
1181,266,264.820,266.228,0
1182,267,264.824,266.212,0
1183,268,264.832,266.200,0
1184,267,264.844,266.192,0
1185,267,264.852,266.184,0
1186,267,264.860,266.180,0
1187,267,264.868,266.176,0
1188,268,264.876,266.176,0
1189,268,264.888,266.168,0
1190,268,264.900,266.160,0
1191,268,264.912,266.164,0
1192,268,264.924,266.168,0
1193,268,264.936,266.172,0
1194,268,264.948,266.172,0
1195,268,264.960,266.172,0
1196,267,264.972,266.172,0
1197,267,264.980,266.176,0
1198,267,264.988,266.184,0
1199,267,264.996,266.196,0
1200,267,265.004,266.204,0
1201,268,265.016,266.216,0
1202,268,265.032,266.224,0
1203,270,265.044,266.248,0
1204,271,265.064,266.264,0
1205,271,265.088,266.276,0
1206,271,265.112,266.300,0
1207,271,265.128,266.324,0
1208,270,265.140,266.344,0
1209,270,265.148,266.376,0
1210,270,265.156,266.412,0
1211,270,265.164,266.448,0
1212,270,265.172,266.484,0
1213,271,265.180,266.524,0
1214,271,265.192,266.564,0
1215,271,265.208,266.612,0
1216,271,265.224,266.660,0
1217,271,265.240,266.708,0
1218,271,265.256,266.756,0
1219,272,265.272,266.808,0
1220,272,265.292,266.860,0
1221,271,265.312,266.924,0
1222,271,265.328,266.992,0
1223,271,265.344,267.064,0
1224,271,265.360,267.140,0
1225,271,265.372,267.212,0
1226,272,265.384,267.276,0
1227,273,265.404,267.344,0
1228,273,265.428,267.412,0
1229,273,265.452,267.480,0
1230,272,265.476,267.548,0
1231,272,265.496,267.620,0
1232,273,265.516,267.696,0
1233,272,265.540,267.760,0
1234,272,265.560,267.824,0
1235,272,265.580,267.884,0
1236,271,265.600,267.940,0
1237,271,265.620,268.000,0
1238,271,265.640,268.060,0
1239,270,265.660,268.120,0
1240,270,265.676,268.176,0
1241,270,265.692,268.232,0
1242,270,265.708,268.288,0
1243,269,265.724,268.340,0
1244,271,265.736,268.404,0
1245,271,265.756,268.456,0
1246,271,265.776,268.508,0
1247,271,265.792,268.556,0
1248,271,265.812,268.608,0
1249,271,265.832,268.660,0
1250,271,265.856,268.720,0
1251,272,265.880,268.784,0
1252,272,265.908,268.836,0
1253,272,265.936,268.884,0
1254,272,265.964,268.932,0
1255,272,265.996,268.984,0
1256,272,266.028,269.036,0
1257,272,266.060,269.088,0
1258,272,266.092,269.140,0
1259,272,266.120,269.184,0
1260,272,266.148,269.228,0
1261,272,266.176,269.276,0
1262,272,266.204,269.324,0
1263,272,266.232,269.372,0
1264,272,266.260,269.420,0
1265,272,266.288,269.464,0
1266,272,266.316,269.508,0
1267,272,266.344,269.548,0
1268,272,266.372,269.592,0
1269,272,266.400,269.636,0
1270,272,266.428,269.684,0
1271,272,266.456,269.732,0
1272,272,266.484,269.772,0
1273,272,266.512,269.812,0
1274,272,266.540,269.848,0
1275,272,266.568,269.888,0
1276,272,266.596,269.924,0
1277,271,266.624,269.956,0
1278,271,266.656,269.988,0
1279,271,266.688,270.020,0
1280,271,266.720,270.052,0
1281,272,266.756,270.080,0
1282,272,266.796,270.104,0
1283,271,266.836,270.116,0
1284,271,266.872,270.140,0
1285,272,266.912,270.176,0
1286,272,266.956,270.208,0
1287,273,267.004,270.248,0
1288,273,267.056,270.280,0
1289,273,267.108,270.312,0
1290,272,267.160,270.336,0
1291,271,267.208,270.356,0
1292,271,267.252,270.372,0
1293,270,267.296,270.388,0
1294,270,267.340,270.408,0
1295,270,267.384,270.420,0
1296,270,267.428,270.428,0
1297,270,267.472,270.436,0
1298,270,267.512,270.444,0
1299,270,267.552,270.452,0
1300,270,267.592,270.464,0
1301,270,267.632,270.476,0
1302,270,267.672,270.492,0
1303,271,267.712,270.508,0
1304,271,267.752,270.520,0
1305,270,267.792,270.524,0
1306,270,267.824,270.528,0
1307,270,267.852,270.532,0
1308,270,267.880,270.516,0
1309,270,267.908,270.500,0
1310,270,267.936,270.480,0
1311,269,267.964,270.460,0
1312,269,267.992,270.456,0
1313,269,268.024,270.448,0
1314,269,268.056,270.432,0
1315,270,268.088,270.416,0
1316,269,268.124,270.392,0
1317,269,268.156,270.372,0
1318,269,268.188,270.352,0
1319,268,268.220,270.332,0
1320,268,268.244,270.312,0
1321,268,268.272,270.288,0
1322,268,268.300,270.264,0
1323,268,268.328,270.236,0
1324,268,268.352,270.208,0
1325,268,268.376,270.176,0
1326,267,268.400,270.136,0
1327,267,268.420,270.100,0
1328,267,268.440,270.060,0
1329,267,268.460,270.016,0
1330,267,268.480,269.968,0
1331,267,268.500,269.916,0
1332,266,268.520,269.856,0
1333,267,268.536,269.808,0
1334,268,268.556,269.764,0
1335,268,268.580,269.720,0
1336,268,268.604,269.672,0
1337,268,268.628,269.628,0
1338,268,268.656,269.584,0
1339,268,268.684,269.540,0
1340,268,268.712,269.492,0
1341,268,268.744,269.440,0
1342,268,268.772,269.392,0
1343,268,268.800,269.348,0
1344,268,268.832,269.296,0
1345,268,268.864,269.248,0
1346,268,268.892,269.200,0
1347,268,268.924,269.148,0
1348,268,268.956,269.092,0
1349,268,268.992,269.044,0
1350,268,269.028,268.996,0
1351,268,269.056,268.952,0
1352,268,269.080,268.912,0
1353,268,269.100,268.868,0
1354,268,269.120,268.828,0
1355,268,269.136,268.788,0
1356,268,269.152,268.748,0
1357,268,269.168,268.708,0
1358,268,269.184,268.668,0
1359,269,269.196,268.632,0
1360,269,269.212,268.592,0
1361,269,269.228,268.556,0
1362,269,269.244,268.520,0
1363,269,269.260,268.488,0
1364,269,269.276,268.452,0
1365,269,269.292,268.416,0
1366,269,269.304,268.376,0
1367,269,269.312,268.336,0
1368,269,269.316,268.300,0
1369,269,269.320,268.264,0
1370,269,269.324,268.228,0
1371,268,269.328,268.188,0
1372,268,269.332,268.152,0
1373,267,269.336,268.112,0
1374,267,269.340,268.076,0
1375,267,269.340,268.048,0
1376,267,269.340,268.020,0
1377,267,269.340,267.988,0
1378,267,269.340,267.964,0
1379,267,269.340,267.940,0
1380,267,269.336,267.920,0
1381,267,269.336,267.896,0
1382,267,269.336,267.876,0
1383,267,269.336,267.856,0
1384,267,269.340,267.840,0
1385,267,269.344,267.828,0
1386,267,269.344,267.816,0
1387,267,269.344,267.816,0
1388,267,269.344,267.812,0
1389,267,269.344,267.808,0
1390,266,269.344,267.800,0
1391,265,269.340,267.792,0
1392,265,269.332,267.788,0
1393,264,269.320,267.780,0
1394,264,269.304,267.776,0
1395,264,269.288,267.772,0
1396,264,269.268,267.768,0
1397,264,269.252,267.764,0
1398,264,269.236,267.756,0
1399,264,269.220,267.748,0
1400,264,269.204,267.740,0
1401,264,269.188,267.736,0
1402,264,269.172,267.732,0
1403,265,269.156,267.732,0
1404,266,269.148,267.732,0
1405,266,269.144,267.728,0
1406,266,269.136,267.708,0
1407,267,269.128,267.688,0
1408,267,269.124,267.668,0
1409,265,269.116,267.640,0
1410,265,269.100,267.624,0
1411,265,269.084,267.608,0
1412,265,269.068,267.592,0
1413,265,269.052,267.576,0
1414,265,269.036,267.564,0
1415,264,269.020,267.544,0
1416,265,269.000,267.532,0
1417,265,268.984,267.516,0
1418,265,268.968,267.500,0
1419,266,268.948,267.488,0
1420,267,268.932,267.476,0
1421,267,268.924,267.460,0
1422,267,268.920,267.444,0
1423,267,268.916,267.428,0
1424,266,268.912,267.404,0
1425,266,268.904,267.384,0
1426,266,268.896,267.368,0
1427,266,268.892,267.352,0
1428,267,268.888,267.336,0
1429,268,268.892,267.328,0
1430,268,268.900,267.316,0
1431,268,268.908,267.308,0
1432,268,268.916,267.300,0
1433,268,268.920,267.288,0
1434,268,268.920,267.280,0
1435,268,268.924,267.272,0
1436,267,268.928,267.264,0
1437,267,268.928,267.260,0
1438,267,268.928,267.264,0
1439,267,268.924,267.268,0
1440,267,268.920,267.268,0
1441,268,268.916,267.272,0
1442,269,268.916,267.280,0
1443,270,268.920,267.284,0
1444,270,268.928,267.288,0
1445,270,268.936,267.288,0
1446,270,268.944,267.288,0
1447,270,268.956,267.284,0
1448,270,268.968,267.280,0
1449,270,268.980,267.284,0
1450,270,268.992,267.288,0
1451,270,269.004,267.292,0
1452,270,269.012,267.296,0
1453,270,269.020,267.304,0
1454,269,269.020,267.308,0
1455,269,269.012,267.308,0
1456,269,269.004,267.308,0
1457,269,268.996,267.308,0
1458,269,268.988,267.308,0
1459,268,268.984,267.300,0
1460,267,268.976,267.296,0
1461,267,268.964,267.296,0
1462,267,268.952,267.296,0
1463,267,268.940,267.292,0
1464,267,268.924,267.284,0
1465,267,268.908,267.276,0
1466,266,268.892,267.268,0
1467,266,268.872,267.256,0
1468,266,268.852,267.240,0
1469,266,268.832,267.224,0
1470,266,268.808,267.200,0
1471,266,268.784,267.176,0
1472,266,268.764,267.148,0
1473,266,268.744,267.116,0
1474,266,268.724,267.092,0
1475,266,268.704,267.072,0
1476,267,268.684,267.056,0
1477,268,268.664,267.044,0
1478,266,268.644,267.020,0
1479,265,268.616,267.000,0
1480,265,268.584,266.984,0
1481,265,268.556,266.968,0
1482,266,268.528,266.952,0
1483,266,268.500,266.936,0
1484,265,268.476,266.912,0
1485,265,268.448,266.892,0
1486,264,268.420,266.864,0
1487,264,268.392,266.840,0
1488,264,268.364,266.812,0
1489,265,268.336,266.800,0
1490,265,268.316,266.780,0
1491,266,268.296,266.760,0
1492,267,268.280,266.740,0
1493,267,268.268,266.716,0
1494,267,268.260,266.692,0
1495,267,268.244,266.660,0
1496,267,268.228,266.628,0
1497,267,268.212,266.596,0
1498,267,268.196,266.564,0
1499,267,268.180,266.532,0
1500,267,268.164,266.496,0
1501,267,268.148,266.460,0
1502,267,268.128,266.432,0
1503,267,268.108,266.404,0
1504,267,268.088,266.376,0
1505,267,268.068,266.348,0
1506,267,268.048,266.320,0
1507,267,268.028,266.292,0
1508,267,268.008,266.272,0
1509,266,267.988,266.248,0
1510,264,267.964,266.216,0
1511,264,267.932,266.196,0
1512,264,267.900,266.176,0
1513,264,267.868,266.156,0
1514,264,267.836,266.136,0
1515,265,267.804,266.124,0
1516,265,267.776,266.112,0
1517,265,267.748,266.104,0
1518,264,267.720,266.092,0
1519,264,267.688,266.080,0
1520,264,267.656,266.068,0
1521,265,267.624,266.060,0
1522,266,267.596,266.052,0
1523,266,267.572,266.040,0
1524,266,267.548,266.028,0
1525,266,267.524,266.016,0
1526,266,267.500,266.004,0
1527,266,267.476,266.004,0
1528,266,267.456,266.004,0
1529,266,267.436,266.000,0
1530,266,267.416,266.004,0
1531,266,267.396,266.008,0
1532,266,267.372,266.016,0
1533,266,267.348,266.024,0
1534,266,267.328,266.032,0
1535,266,267.308,266.040,0
1536,266,267.284,266.044,0
1537,266,267.260,266.048,0
1538,266,267.232,266.052,0
1539,265,267.204,266.060,0
1540,265,267.172,266.076,0
1541,264,267.144,266.088,0
1542,264,267.116,266.100,0
1543,264,267.088,266.112,0
1544,264,267.064,266.124,0
1545,264,267.040,266.144,0
1546,264,267.016,266.172,0
1547,264,266.992,266.200,0
1548,265,266.968,266.232,0
1549,265,266.948,266.256,0
1550,265,266.928,266.276,0
1551,265,266.908,266.292,0
1552,266,266.888,266.308,0
1553,266,266.872,266.320,0
1554,266,266.852,266.340,0
1555,266,266.832,266.360,0
1556,265,266.816,266.376,0
1557,264,266.796,266.408,0
1558,264,266.772,266.444,0
1559,264,266.748,266.480,0
1560,263,266.724,266.508,0
1561,263,266.696,266.536,0
1562,263,266.672,266.564,0
1563,263,266.648,266.592,0
1564,263,266.624,266.620,0
1565,263,266.600,266.648,0
1566,262,266.572,266.672,0
1567,262,266.544,266.696,0
1568,262,266.516,266.716,0
1569,262,266.488,266.740,0
1570,262,266.464,266.768,0
1571,261,266.440,266.792,0
1572,261,266.412,266.824,0
1573,261,266.384,266.856,0
1574,261,266.356,266.888,0
1575,261,266.328,266.924,0
1576,261,266.300,266.964,0
1577,261,266.276,267.008,0
1578,260,266.252,267.052,0
1579,261,266.224,267.108,0
1580,260,266.200,267.160,0
1581,260,266.172,267.220,0
1582,260,266.144,267.280,0
1583,260,266.120,267.336,0
1584,260,266.092,267.392,0
1585,260,266.060,267.448,0
1586,260,266.028,267.500,0
1587,260,265.996,267.552,0
1588,260,265.964,267.604,0
1589,260,265.932,267.656,0
1590,260,265.900,267.712,0
1591,260,265.868,267.764,0
1592,259,265.836,267.808,0
1593,260,265.800,267.864,0
1594,260,265.768,267.912,0
1595,260,265.736,267.960,0
1596,260,265.704,268.008,0
1597,260,265.672,268.056,0
1598,260,265.640,268.104,0
1599,260,265.608,268.152,0
1600,260,265.576,268.196,0
1601,260,265.544,268.240,0
1602,260,265.512,268.284,0
1603,260,265.480,268.328,0
1604,259,265.448,268.368,0
1605,259,265.412,268.412,0
1606,259,265.376,268.456,0
1607,258,265.340,268.496,0
1608,258,265.300,268.540,0
1609,259,265.260,268.588,0
1610,260,265.220,268.636,0
1611,260,265.184,268.684,0
1612,260,265.148,268.732,0
1613,260,265.112,268.780,0
1614,260,265.076,268.824,0
1615,260,265.040,268.868,0
1616,259,265.004,268.908,0
1617,259,264.964,268.952,0
1618,259,264.924,268.996,0
1619,259,264.884,269.040,0
1620,259,264.844,269.084,0
1621,259,264.804,269.132,0
1622,260,264.768,269.184,0
1623,260,264.736,269.236,0
1624,260,264.708,269.280,0
1625,260,264.680,269.328,0
1626,260,264.652,269.376,0
1627,260,264.624,269.416,0
1628,260,264.596,269.456,0
1629,260,264.568,269.500,0
1630,260,264.540,269.548,0
1631,260,264.512,269.584,0
1632,260,264.484,269.620,0
1633,260,264.456,269.648,0
1634,262,264.428,269.676,0
1635,262,264.408,269.688,0
1636,263,264.388,269.700,0
1637,263,264.372,269.708,0
1638,263,264.356,269.716,0
1639,263,264.340,269.724,0
1640,264,264.324,269.736,0
1641,264,264.316,269.748,0
1642,264,264.312,269.764,0
1643,264,264.308,269.776,0
1644,264,264.308,269.788,0
1645,265,264.308,269.808,0
1646,265,264.312,269.824,0
1647,266,264.316,269.836,0
1648,266,264.324,269.844,0
1649,266,264.332,269.852,0
1650,266,264.340,269.852,0
1651,266,264.348,269.856,0
1652,266,264.356,269.856,0
1653,266,264.364,269.860,0
1654,266,264.368,269.864,0
1655,267,264.368,269.880,0
1656,267,264.372,269.888,0
1657,267,264.376,269.892,0
1658,268,264.376,269.900,0
1659,268,264.380,269.900,0
1660,268,264.392,269.900,0
1661,268,264.404,269.900,0
1662,268,264.416,269.900,0
1663,268,264.428,269.900,0
1664,269,264.440,269.900,0
1665,269,264.456,269.896,0
1666,269,264.476,269.892,0
1667,269,264.492,269.888,0
1668,269,264.508,269.884,0
1669,270,264.524,269.884,0
1670,270,264.540,269.880,0
1671,270,264.552,269.876,0
1672,269,264.564,269.868,0
1673,270,264.572,269.864,0
1674,270,264.584,269.856,0
1675,270,264.600,269.848,0
1676,270,264.616,269.840,0
1677,270,264.632,269.836,0
1678,270,264.648,269.824,0
1679,269,264.660,269.808,0
1680,269,264.664,269.788,0
1681,269,264.668,269.768,0
1682,269,264.672,269.748,0
1683,269,264.676,269.728,0
1684,270,264.680,269.712,0
1685,270,264.688,269.692,0
1686,271,264.696,269.676,0
1687,271,264.712,269.652,0
1688,271,264.728,269.628,0
1689,271,264.744,269.604,0
1690,270,264.760,269.576,0
1691,269,264.772,269.544,0
1692,269,264.776,269.520,0
1693,269,264.776,269.496,0
1694,269,264.772,269.472,0
1695,270,264.768,269.452,0
1696,270,264.768,269.428,0
1697,270,264.768,269.404,0
1698,270,264.768,269.376,0
1699,270,264.768,269.348,0
1700,270,264.768,269.320,0
1701,270,264.768,269.288,0
1702,271,264.768,269.260,0
1703,271,264.772,269.232,0
1704,271,264.776,269.204,0
1705,271,264.784,269.176,0
1706,273,264.792,269.156,0
1707,273,264.808,269.136,0
1708,273,264.824,269.120,0
1709,274,264.840,269.108,0
1710,273,264.864,269.088,0
1711,273,264.888,269.072,0
1712,273,264.912,269.056,0
1713,273,264.936,269.040,0
1714,273,264.960,269.024,0
1715,273,264.984,269.000,0
1716,273,265.008,268.984,0
1717,273,265.036,268.972,0
1718,273,265.064,268.960,0
1719,274,265.092,268.952,0
1720,274,265.124,268.940,0
1721,273,265.156,268.924,0
1722,273,265.184,268.912,0
1723,273,265.212,268.900,0
1724,273,265.240,268.888,0
1725,272,265.268,268.872,0
1726,272,265.292,268.856,0
1727,272,265.312,268.836,0
1728,273,265.328,268.820,0
1729,273,265.356,268.800,0
1730,273,265.388,268.780,0
1731,273,265.420,268.764,0
1732,272,265.452,268.744,0
1733,272,265.476,268.732,0
1734,271,265.500,268.716,0
1735,271,265.524,268.708,0
1736,271,265.548,268.700,0
1737,271,265.576,268.688,0
1738,271,265.604,268.672,0
1739,272,265.632,268.660,0
1740,272,265.660,268.648,0
1741,272,265.688,268.636,0
1742,272,265.712,268.624,0
1743,272,265.732,268.612,0
1744,271,265.752,268.604,0
1745,272,265.768,268.608,0
1746,272,265.788,268.608,0
1747,272,265.808,268.612,0
1748,272,265.828,268.612,0
1749,272,265.848,268.612,0
1750,272,265.868,268.608,0
1751,272,265.888,268.604,0
1752,272,265.908,268.600,0
1753,272,265.928,268.596,0
1754,272,265.948,268.588,0
1755,272,265.968,268.576,0
1756,272,265.988,268.564,0
1757,272,266.008,268.552,0
1758,272,266.028,268.540,0
1759,271,266.048,268.528,0
1760,271,266.068,268.520,0
1761,270,266.096,268.508,0
1762,270,266.120,268.500,0
1763,270,266.144,268.492,0
1764,270,266.168,268.480,0
1765,270,266.192,268.468,0
1766,270,266.212,268.452,0
1767,270,266.232,268.436,0
1768,270,266.252,268.424,0
1769,270,266.276,268.412,0
1770,270,266.300,268.404,0
1771,270,266.324,268.396,0
1772,270,266.344,268.392,0
1773,269,266.360,268.384,0
1774,269,266.372,268.380,0
1775,268,266.384,268.372,0
1776,269,266.392,268.364,0
1777,268,266.404,268.348,0
1778,268,266.412,268.332,0
1779,268,266.420,268.316,0
1780,268,266.428,268.300,0
1781,268,266.436,268.280,0
1782,268,266.444,268.256,0
1783,269,266.452,268.232,0
1784,269,266.464,268.204,0
1785,269,266.476,268.172,0
1786,269,266.488,268.140,0
1787,269,266.500,268.104,0
1788,268,266.512,268.060,0
1789,268,266.520,268.016,0
1790,268,266.532,267.972,0
1791,269,266.544,267.932,0
1792,268,266.564,267.884,0
1793,267,266.580,267.836,0
1794,267,266.592,267.784,0
1795,267,266.604,267.724,0
1796,267,266.616,267.664,0
1797,267,266.628,267.604,0
1798,267,266.640,267.552,0
1799,267,266.648,267.504,0
1800,267,266.656,267.456,0
1801,267,266.664,267.412,0
1802,267,266.672,267.368,0
1803,267,266.676,267.320,0
1804,266,266.680,267.272,0
1805,266,266.680,267.228,0
1806,265,266.680,267.184,0
1807,265,266.680,267.148,0
1808,265,266.684,267.112,0
1809,265,266.688,267.076,0
1810,265,266.692,267.040,0
1811,265,266.700,267.004,0
1812,265,266.708,266.964,0
1813,265,266.716,266.920,0
1814,265,266.724,266.876,0
1815,265,266.732,266.832,0
1816,264,266.740,266.788,0
1817,263,266.748,266.748,0
1818,263,266.752,266.712,0
1819,264,266.756,266.680,0
1820,264,266.764,266.648,0
1821,265,266.772,266.616,0
1822,264,266.788,266.576,0
1823,264,266.800,266.544,0
1824,264,266.812,266.516,0
1825,264,266.824,266.484,0
1826,263,266.836,266.444,0
1827,263,266.844,266.408,0
1828,264,266.852,266.376,0
1829,264,266.868,266.340,0
1830,264,266.880,266.304,0
1831,264,266.896,266.268,0
1832,264,266.912,266.236,0
1833,264,266.928,266.204,0
1834,263,266.944,266.168,0
1835,263,266.956,266.136,0
1836,264,266.968,266.108,0
1837,265,266.984,266.080,0
1838,265,267.004,266.044,0
1839,265,267.024,266.004,0
1840,265,267.044,265.964,0
1841,265,267.064,265.920,0
1842,265,267.084,265.880,0
1843,265,267.108,265.840,0
1844,265,267.128,265.796,0
1845,265,267.148,265.752,0
1846,266,267.168,265.720,0
1847,266,267.192,265.680,0
1848,265,267.216,265.636,0
1849,265,267.236,265.592,0
1850,264,267.256,265.544,0
1851,264,267.272,265.508,0
1852,263,267.288,265.468,0
1853,263,267.300,265.436,0
1854,263,267.312,265.404,0
1855,263,267.328,265.376,0
1856,263,267.344,265.348,0
1857,262,267.360,265.316,0
1858,261,267.376,265.284,0
1859,261,267.388,265.260,0
1860,262,267.396,265.236,0
1861,262,267.404,265.208,0
1862,263,267.412,265.184,0
1863,263,267.424,265.160,0
1864,263,267.436,265.136,0
1865,263,267.448,265.112,0
1866,264,267.460,265.092,0
1867,264,267.480,265.072,0
1868,264,267.500,265.056,0
1869,264,267.520,265.040,0
1870,264,267.540,265.020,0
1871,264,267.560,265.000,0
1872,264,267.580,264.976,0
1873,264,267.596,264.952,0
1874,264,267.612,264.924,0
1875,265,267.628,264.904,0
1876,266,267.648,264.884,0
1877,265,267.672,264.856,0
1878,265,267.692,264.828,0
1879,268,267.712,264.812,0
1880,268,267.744,264.796,0
1881,269,267.776,264.780,0
1882,269,267.812,264.764,0
1883,269,267.848,264.752,0
1884,269,267.884,264.740,0
1885,269,267.912,264.728,0
1886,269,267.940,264.720,0
1887,269,267.964,264.712,0
1888,269,267.988,264.704,0
1889,268,268.012,264.692,0
1890,268,268.032,264.680,0
1891,268,268.048,264.664,0
1892,269,268.064,264.656,0
1893,269,268.084,264.648,0
1894,269,268.104,264.640,0
1895,269,268.124,264.632,0
1896,269,268.140,264.636,0
1897,269,268.156,264.636,0
1898,269,268.168,264.636,0
1899,269,268.180,264.644,0
1900,269,268.192,264.648,0
1901,269,268.204,264.656,0
1902,269,268.216,264.660,0
1903,269,268.228,264.664,0
1904,270,268.240,264.668,0
1905,270,268.256,264.668,0
1906,270,268.268,264.672,0
1907,270,268.280,264.676,0
1908,270,268.292,264.680,0
1909,270,268.300,264.688,0
1910,270,268.308,264.696,0
1911,270,268.316,264.704,0
1912,269,268.324,264.708,0
1913,269,268.328,264.716,0
1914,269,268.332,264.724,0
1915,269,268.332,264.732,0
1916,269,268.332,264.740,0
1917,269,268.332,264.748,0
1918,269,268.332,264.756,0
1919,269,268.332,264.768,0
1920,269,268.328,264.780,0
1921,269,268.324,264.788,0
1922,269,268.320,264.796,0
1923,270,268.320,264.808,0
1924,270,268.320,264.812,0
1925,270,268.320,264.816,0
1926,269,268.320,264.816,0
1927,269,268.316,264.820,0
1928,269,268.312,264.824,0
1929,269,268.308,264.828,0
1930,270,268.308,264.836,0
1931,269,268.312,264.836,0
1932,270,268.312,264.844,0
1933,270,268.316,264.852,0
1934,270,268.320,264.864,0
1935,270,268.320,264.872,0
1936,270,268.320,264.880,0
1937,270,268.316,264.888,0
1938,269,268.312,264.892,0
1939,269,268.304,264.904,0
1940,269,268.296,264.916,0
1941,269,268.292,264.928,0
1942,268,268.292,264.936,0
1943,268,268.288,264.948,0
1944,269,268.284,264.964,0
1945,270,268.284,264.980,0
1946,270,268.284,264.992,0
1947,270,268.284,265.000,0
1948,270,268.284,265.008,0
1949,270,268.284,265.016,0
1950,270,268.284,265.028,0
1951,270,268.284,265.040,0
1952,271,268.284,265.056,0
1953,272,268.284,265.072,0
1954,272,268.288,265.092,0
1955,272,268.292,265.116,0
1956,272,268.296,265.132,0
1957,272,268.292,265.144,0
1958,271,268.288,265.152,0
1959,271,268.280,265.160,0
1960,271,268.268,265.168,0
1961,271,268.260,265.176,0
1962,270,268.252,265.180,0
1963,270,268.240,265.188,0
1964,270,268.228,265.204,0
1965,272,268.216,265.228,0
1966,272,268.212,265.244,0
1967,271,268.208,265.256,0
1968,271,268.200,265.272,0
1969,271,268.192,265.288,0
1970,271,268.180,265.308,0
1971,271,268.168,265.328,0
1972,271,268.160,265.344,0
1973,272,268.152,265.364,0
1974,271,268.148,265.372,0
1975,271,268.140,265.384,0
1976,271,268.136,265.400,0
1977,271,268.132,265.420,0
1978,271,268.128,265.444,0
1979,271,268.120,265.468,0
1980,271,268.112,265.492,0
1981,270,268.104,265.508,0
1982,269,268.092,265.524,0
1983,269,268.080,265.548,0
1984,269,268.068,265.568,0
1985,268,268.060,265.584,0
1986,268,268.048,265.608,0
1987,268,268.036,265.628,0
1988,268,268.024,265.648,0
1989,268,268.012,265.668,0
1990,268,267.996,265.684,0
1991,268,267.980,265.700,0
1992,268,267.964,265.716,0
1993,267,267.948,265.728,0
1994,267,267.928,265.740,0
1995,267,267.912,265.760,0
1996,267,267.892,265.776,0
1997,267,267.872,265.796,0
1998,266,267.852,265.812,0
1999,266,267.828,265.836,0
2000,243,267.804,265.768,0
2001,199,267.688,265.616,0
2002,127,267.396,265.356,0
2003,56,266.816,265.100,0
2004,23,265.952,265.000,0
2005,12,264.956,264.988,0
2006,4,263.916,264.988,0
2007,3,262.844,265.016,0
2008,1,261.768,265.036,0
2009,1,260.684,265.064,0
2010,1,259.604,265.092,0
2011,1,258.524,265.120,0
2012,1,257.448,265.148,0
2013,1,256.372,265.176,0
2014,1,255.296,265.204,0
2015,1,254.220,265.232,0
2016,1,253.144,265.260,0
2017,1,252.068,265.288,0
2018,1,250.992,265.316,0
2019,1,249.916,265.344,0
2020,1,248.840,265.372,0
2021,1,247.764,265.400,0
2022,1,246.688,265.428,0
2023,1,245.612,265.456,0
2024,1,244.540,265.484,0
2025,1,243.468,265.512,0
2026,1,242.400,265.540,0
2027,1,241.328,265.576,0
2028,1,240.260,265.608,0
2029,1,239.192,265.640,0
2030,1,238.124,265.676,0
2031,1,237.056,265.712,0
2032,2,235.988,265.756,0
2033,2,234.924,265.796,0
2034,2,233.856,265.836,0
2035,2,232.788,265.876,0
2036,2,231.720,265.924,0
2037,2,230.652,265.972,0
2038,2,229.584,266.024,0
2039,2,228.520,266.076,0
2040,3,227.456,266.132,0
2041,3,226.396,266.180,0
2042,3,225.332,266.224,0
2043,3,224.272,266.272,0
2044,3,223.216,266.316,0
2045,3,222.160,266.360,0
2046,4,221.104,266.408,0
2047,4,220.052,266.448,0
2048,5,219.000,266.492,0
2049,6,217.952,266.536,0
2050,6,216.908,266.576,0
2051,6,215.864,266.616,0
2052,6,214.820,266.656,0
2053,6,213.776,266.692,0
2054,6,212.732,266.732,1
2055,6,211.692,266.768,1
2056,6,210.652,266.796,1
2057,7,209.616,266.828,1
2058,7,208.584,266.856,1
2059,8,207.552,266.888,1
2060,9,206.524,266.920,1
2061,10,205.500,266.956,1
2062,10,204.480,266.988,1
2063,10,203.460,267.020,1
2064,10,202.440,267.052,1
2065,10,201.420,267.084,1
2066,11,200.400,267.124,1
2067,12,199.388,267.160,1
2068,12,198.384,267.192,1
2069,14,197.380,267.228,1
2070,15,196.380,267.260,1
2071,15,195.384,267.288,1
2072,16,194.384,267.320,1
2073,16,193.392,267.344,1
2074,16,192.400,267.368,1
2075,17,191.408,267.396,1
2076,17,190.420,267.420,1
2077,18,189.436,267.444,1
2078,19,188.456,267.468,1
2079,19,187.476,267.488,1
2080,19,186.496,267.508,1
2081,19,185.516,267.528,1
2082,19,184.536,267.548,1
2083,19,183.556,267.564,1
2084,19,182.576,267.584,1
2085,19,181.600,267.608,1
2086,19,180.624,267.632,1
2087,19,179.644,267.660,1
2088,19,178.660,267.688,1
2089,19,177.676,267.716,1
2090,19,176.692,267.748,1
2091,21,175.708,267.784,1
2092,21,174.732,267.812,1
2093,21,173.756,267.844,1
2094,21,172.780,267.876,1
2095,21,171.804,267.904,1
2096,21,170.828,267.936,1
2097,21,169.848,267.968,1
2098,22,168.868,268.008,1
2099,23,167.896,268.048,1
2100,23,166.928,268.076,1
2101,23,165.964,268.100,1
2102,23,165.000,268.120,1
2103,23,164.040,268.140,1
2104,23,163.080,268.156,1
2105,24,162.120,268.176,1
2106,24,161.164,268.192,1
2107,24,160.208,268.208,1
2108,24,159.256,268.220,1
2109,24,158.308,268.232,1
2110,24,157.360,268.248,1
2111,24,156.408,268.264,1
2112,25,155.456,268.284,1
2113,24,154.504,268.296,1
2114,24,153.548,268.312,1
2115,24,152.592,268.324,1
2116,24,151.636,268.332,1
2117,24,150.676,268.336,1
2118,24,149.716,268.340,1
2119,24,148.756,268.344,1
2120,24,147.796,268.348,1
2121,24,146.836,268.356,1
2122,23,145.876,268.356,1
2123,23,144.912,268.364,1
2124,23,143.948,268.364,1
2125,23,142.984,268.364,1
2126,23,142.016,268.364,1
2127,22,141.044,268.360,1
2128,22,140.072,268.360,1
2129,22,139.100,268.356,1
2130,22,138.116,268.356,1
2131,22,137.132,268.356,1
2132,22,136.144,268.356,1
2133,22,135.156,268.360,1
2134,22,134.168,268.364,1
2135,22,133.180,268.364,1
2136,20,132.192,268.356,1
2137,20,131.196,268.356,1
2138,21,130.200,268.360,1
2139,21,129.208,268.360,1
2140,21,128.220,268.360,1
2141,21,127.232,268.356,1
2142,21,126.244,268.344,1
2143,21,125.252,268.332,1
2144,21,124.260,268.316,1
2145,21,123.268,268.296,1
2146,20,122.276,268.276,1
2147,19,121.280,268.256,1
2148,20,120.280,268.244,1
2149,20,119.284,268.228,1
2150,20,118.288,268.212,1
2151,20,117.292,268.196,1
2152,20,116.296,268.180,1
2153,20,115.300,268.168,1
2154,20,114.304,268.160,1
2155,20,113.304,268.152,1
2156,22,112.304,268.152,1
2157,22,111.312,268.144,1
2158,22,110.320,268.136,1
2159,22,109.328,268.128,1
2160,22,108.336,268.112,1
2161,23,107.344,268.100,1
2162,23,106.356,268.084,1
2163,23,105.372,268.068,1
2164,26,104.388,268.064,1
2165,26,103.416,268.048,1
2166,26,102.444,268.028,1
2167,26,101.472,268.012,1
2168,27,100.500,267.996,1
2169,27,99.532,267.976,1
2170,27,98.564,267.964,1
2171,27,97.596,267.960,1
2172,33,96.628,267.980,1
2173,36,95.684,267.988,1
2174,37,94.748,267.988,1
2175,37,93.816,267.980,1
2176,37,92.884,267.976,1
2177,37,91.956,267.972,1
2178,37,91.028,267.972,1
2179,38,90.100,267.980,1
2180,41,89.176,268.000,1
2181,43,88.260,268.016,1
2182,46,87.356,268.032,1
2183,47,86.460,268.036,1
2184,47,85.568,268.040,1
2185,48,84.676,268.048,1
2186,49,83.788,268.056,1
2187,50,82.904,268.060,1
2188,50,82.024,268.056,1
2189,51,81.148,268.056,1
2190,51,80.276,268.052,1
2191,51,79.404,268.048,1
2192,53,78.532,268.056,1
2193,53,77.672,268.060,1
2194,53,76.812,268.068,1
2195,53,75.948,268.076,1
2196,53,75.080,268.088,1
2197,53,74.212,268.100,1
2198,54,73.344,268.116,1
2199,54,72.480,268.128,1
2200,54,71.616,268.140,1
2201,55,70.752,268.152,1
2202,56,69.892,268.164,1
2203,56,69.032,268.164,1
2204,55,68.168,268.156,1
2205,55,67.300,268.148,1
2206,55,66.432,268.140,1
2207,55,65.564,268.132,1
2208,54,64.696,268.124,1
2209,54,63.828,268.120,1
2210,54,62.960,268.112,1
2211,55,62.092,268.104,1
2212,55,61.228,268.092,1
2213,54,60.368,268.072,1
2214,54,59.504,268.056,1
2215,53,58.640,268.036,1
2216,53,57.764,268.020,1
2217,53,56.888,268.000,1
2218,52,56.016,267.976,1
2219,52,55.140,267.952,1
2220,50,54.264,267.920,1
2221,49,53.380,267.896,1
2222,48,52.492,267.872,1
2223,48,51.600,267.852,1
2224,46,50.704,267.824,1
2225,46,49.804,267.804,1
2226,46,48.904,267.780,1
2227,46,48.004,267.756,1
2228,45,47.104,267.732,1
2229,45,46.200,267.704,1
2230,45,45.296,267.676,1
2231,45,44.392,267.648,1
2232,45,43.492,267.616,1
2233,45,42.596,267.592,1
2234,45,41.700,267.568,1
2235,45,40.804,267.540,1
2236,45,39.912,267.516,1
2237,47,39.020,267.496,1
2238,47,38.136,267.468,1
2239,45,37.252,267.436,1
2240,46,36.360,267.420,1
2241,45,35.472,267.396,1
2242,45,34.580,267.380,1
2243,45,33.688,267.372,1
2244,43,32.800,267.348,1
2245,43,31.904,267.332,1
2246,43,31.008,267.316,1
2247,43,30.112,267.300,1
2248,43,29.216,267.284,1
2249,44,28.324,267.272,1
2250,44,27.436,267.256,1
2251,45,26.640,267.240,1
2252,45,26.024,267.220,1
2253,46,25.696,267.204,1
2254,47,25.656,267.188,1
2255,48,25.752,267.172,1
2256,48,25.896,267.152,1
2257,48,26.072,267.132,1
2258,48,26.252,267.112,1
2259,48,26.440,267.092,1
2260,48,26.628,267.068,1
2261,49,26.816,267.040,1
2262,49,27.008,267.008,1
2263,51,27.200,266.984,1
2264,50,27.400,266.948,1
2265,51,27.596,266.920,1
2266,51,27.796,266.892,1
2267,51,27.996,266.864,1
2268,51,28.196,266.836,1
2269,51,28.396,266.804,1
2270,52,28.596,266.776,1
2271,53,28.800,266.748,1
2272,53,29.008,266.720,1
2273,55,29.216,266.704,1
2274,55,29.432,266.680,1
2275,54,29.648,266.652,1
2276,53,29.860,266.624,1
2277,54,30.068,266.608,1
2278,54,30.280,266.588,1
2279,54,30.492,266.568,1
2280,54,30.704,266.548,1
2281,54,30.916,266.524,1
2282,56,31.128,266.508,1
2283,56,31.344,266.488,1
2284,58,31.560,266.476,1
2285,58,31.784,266.452,1
2286,59,32.008,266.432,1
2287,60,32.236,266.408,1
2288,60,32.468,266.380,1
2289,60,32.700,266.352,1
2290,61,32.932,266.328,1
2291,62,33.164,266.308,1
2292,62,33.400,266.280,1
2293,65,33.636,266.268,1
2294,65,33.884,266.244,1
2295,66,34.132,266.224,1
2296,66,34.384,266.200,1
2297,67,34.632,266.180,1
2298,67,34.884,266.156,1
2299,66,35.132,266.132,1
2300,66,35.372,266.112,1
2301,65,35.612,266.088,1
2302,64,35.848,266.064,1
2303,63,36.080,266.040,1
2304,64,36.308,266.024,1
2305,64,36.540,266.008,1
2306,66,36.772,266.000,1
2307,66,37.012,265.980,1
2308,66,37.248,265.956,1
2309,65,37.484,265.928,1
2310,64,37.712,265.900,1
2311,65,37.932,265.880,1
2312,66,38.152,265.860,1
2313,65,38.376,265.832,1
2314,63,38.596,265.800,1
2315,61,38.808,265.764,1
2316,63,39.012,265.748,1
2317,64,39.220,265.724,1
2318,63,39.428,265.692,1
2319,63,39.632,265.668,1
2320,62,39.828,265.640,1
2321,64,40.016,265.624,1
2322,64,40.212,265.596,1
2323,64,40.404,265.568,1
2324,64,40.596,265.540,1
2325,64,40.788,265.512,1
2326,64,40.976,265.488,1
2327,66,41.164,265.472,1
2328,67,41.356,265.452,1
2329,69,41.548,265.432,1
2330,70,41.748,265.412,1
2331,70,41.952,265.384,1
2332,70,42.156,265.360,1
2333,71,42.360,265.336,1
2334,71,42.568,265.304,1
2335,74,42.776,265.284,1
2336,74,42.996,265.252,1
2337,74,43.216,265.220,1
2338,75,43.436,265.192,1
2339,76,43.660,265.164,1
2340,76,43.888,265.132,1
2341,77,44.116,265.104,1
2342,77,44.340,265.072,1
2343,77,44.564,265.036,1
2344,80,44.788,265.016,1
2345,80,45.024,264.984,1
2346,80,45.260,264.952,1
2347,80,45.496,264.920,1
2348,81,45.732,264.892,1
2349,81,45.968,264.860,1
2350,81,46.200,264.828,1
2351,84,46.432,264.808,1
2352,84,46.676,264.776,1
2353,84,46.920,264.744,1
2354,84,47.164,264.712,1
2355,84,47.408,264.676,1
2356,84,47.648,264.640,1
2357,83,47.888,264.600,1
2358,82,48.124,264.556,1
2359,82,48.356,264.512,1
2360,82,48.588,264.472,1
2361,82,48.820,264.436,1
2362,81,49.052,264.396,1
2363,81,49.276,264.360,1
2364,82,49.504,264.328,1
2365,83,49.736,264.296,1
2366,82,49.972,264.256,1
2367,82,50.204,264.216,1
2368,82,50.436,264.176,1
2369,82,50.668,264.136,1
2370,82,50.900,264.096,1
2371,81,51.132,264.056,1
2372,81,51.360,264.020,1
2373,82,51.592,263.996,1
2374,81,51.828,263.964,1
2375,82,52.060,263.940,1
2376,83,52.296,263.916,1
2377,83,52.536,263.888,1
2378,84,52.780,263.864,1
2379,85,53.028,263.840,1
2380,87,53.280,263.820,1
2381,88,53.540,263.796,1
2382,86,53.804,263.760,1
2383,86,54.060,263.732,1
2384,86,54.316,263.704,1
2385,87,54.572,263.688,1
2386,89,54.832,263.676,1
2387,88,55.108,263.656,1
2388,88,55.380,263.640,1
2389,89,55.648,263.628,1
2390,90,55.920,263.620,1
2391,90,56.196,263.616,1
2392,90,56.472,263.612,1
2393,91,56.748,263.616,1
2394,89,57.028,263.608,1
2395,88,57.300,263.604,1
2396,87,57.568,263.604,1
2397,87,57.836,263.608,1
2398,89,58.108,263.624,1
2399,93,58.384,263.648,1
2400,92,58.676,263.652,1
2401,94,58.964,263.668,1
2402,97,59.260,263.688,1
2403,96,59.568,263.688,1
2404,96,59.872,263.688,1
2405,98,60.176,263.696,1
2406,99,60.488,263.704,1
2407,99,60.796,263.704,1
2408,99,61.104,263.704,1
2409,100,61.412,263.720,1
2410,100,61.724,263.732,1
2411,99,62.036,263.740,1
2412,100,62.340,263.756,1
2413,99,62.648,263.764,1
2414,98,62.952,263.772,1
2415,98,63.240,263.792,1
2416,98,63.528,263.808,1
2417,97,63.816,263.820,1
2418,97,64.100,263.836,1
2419,98,64.380,263.852,1
2420,100,64.664,263.872,1
2421,102,64.956,263.892,1
2422,101,65.256,263.900,1
2423,101,65.528,263.908,1
2424,102,65.788,263.928,1
2425,103,66.048,263.948,1
2426,101,66.312,263.956,1
2427,101,66.568,263.972,1
2428,98,66.824,263.972,1
2429,98,67.068,263.980,1
2430,99,67.308,263.988,1
2431,99,67.540,263.992,1
2432,97,67.764,263.988,1
2433,98,67.968,263.996,1
2434,98,68.172,264.000,1
2435,98,68.376,264.008,1
2436,98,68.576,264.020,1
2437,97,68.772,264.032,1
2438,97,68.960,264.048,1
2439,97,69.148,264.064,1
2440,98,69.332,264.084,1
2441,99,69.520,264.096,1
2442,98,69.712,264.092,1
2443,99,69.892,264.092,1
2444,99,70.076,264.088,1
2445,100,70.260,264.088,1
2446,101,70.448,264.092,1
2447,101,70.640,264.092,1
2448,102,70.832,264.096,1
2449,101,71.024,264.092,1
2450,102,71.212,264.096,1
2451,102,71.404,264.096,1
2452,101,71.592,264.092,1
2453,101,71.772,264.096,1
2454,101,71.952,264.104,1
2455,103,72.136,264.120,1
2456,104,72.328,264.132,1
2457,105,72.524,264.152,1
2458,108,72.724,264.180,1
2459,107,72.940,264.196,1
2460,108,73.152,264.228,1
2461,110,73.368,264.260,1
2462,110,73.588,264.284,1
2463,110,73.808,264.308,1
2464,112,74.032,264.340,1
2465,111,74.264,264.360,1
2466,111,74.496,264.388,1
2467,111,74.728,264.416,1
2468,112,74.960,264.448,1
2469,113,75.200,264.480,1
2470,113,75.444,264.512,1
2471,114,75.696,264.548,1
2472,115,75.956,264.580,1
2473,115,76.224,264.608,1
2474,117,76.492,264.644,1
2475,118,76.776,264.676,1
2476,119,77.064,264.700,1
2477,119,77.356,264.716,1
2478,121,77.648,264.748,1
2479,123,77.952,264.788,1
2480,123,78.264,264.820,1
2481,124,78.576,264.856,1
2482,123,78.892,264.880,1
2483,122,79.204,264.900,1
2484,122,79.512,264.928,1
2485,123,79.820,264.956,1
2486,125,80.132,264.992,1
2487,125,80.452,265.020,1
2488,124,80.764,265.044,1
2489,123,81.072,265.064,1
2490,126,81.384,265.104,1
2491,125,81.704,265.124,1
2492,126,82.024,265.148,1
2493,127,82.348,265.172,1
2494,124,82.676,265.180,1
2495,125,83.000,265.200,1
2496,125,83.328,265.220,1
2497,124,83.656,265.236,1
2498,125,83.980,265.260,1
2499,124,84.308,265.276,1
2500,124,84.628,265.296,1
2501,124,84.948,265.316,1
2502,124,85.264,265.336,1
2503,124,85.580,265.356,1
2504,125,85.892,265.380,1
2505,124,86.204,265.396,1
2506,125,86.508,265.420,1
2507,127,86.816,265.448,1
2508,128,87.132,265.472,1
2509,128,87.452,265.496,1
2510,128,87.772,265.524,1
2511,130,88.092,265.560,1
2512,130,88.416,265.584,1
2513,129,88.740,265.604,1
2514,128,89.052,265.624,1
2515,128,89.364,265.644,1
2516,128,89.672,265.664,1
2517,130,89.980,265.692,1
2518,130,90.296,265.716,1
2519,129,90.612,265.736,1
2520,128,90.924,265.756,1
2521,126,91.228,265.768,1
2522,124,91.520,265.776,1
2523,125,91.804,265.796,1
2524,125,92.084,265.808,1
2525,125,92.364,265.820,1
2526,126,92.648,265.832,1
2527,125,92.940,265.840,1
2528,125,93.224,265.848,1
2529,125,93.508,265.856,1
2530,124,93.792,265.860,1
2531,124,94.072,265.868,1
2532,125,94.352,265.880,1
2533,125,94.628,265.888,1
2534,125,94.904,265.900,1
2535,124,95.172,265.908,1
2536,125,95.436,265.924,1
2537,125,95.700,265.936,1
2538,126,95.960,265.952,1
2539,125,96.224,265.960,1
2540,125,96.484,265.972,1
2541,126,96.740,265.992,1
2542,126,96.996,266.012,1
2543,127,97.252,266.032,1
2544,126,97.500,266.040,1
2545,126,97.744,266.052,1
2546,125,97.984,266.060,1
2547,125,98.220,266.072,1
2548,124,98.452,266.076,1
2549,124,98.680,266.084,1
2550,124,98.912,266.092,1
2551,124,99.144,266.100,1
2552,123,99.380,266.100,1
2553,124,99.616,266.108,1
2554,125,99.860,266.116,1
2555,125,100.104,266.116,1
2556,125,100.348,266.120,1
2557,125,100.584,266.124,1
2558,125,100.820,266.128,1
2559,125,101.056,266.132,1
2560,124,101.296,266.136,1
2561,126,101.536,266.152,1
2562,126,101.780,266.160,1
2563,127,102.020,266.172,1
2564,126,102.268,266.176,1
2565,127,102.520,266.188,1
2566,128,102.784,266.204,1
2567,128,103.044,266.212,1
2568,128,103.300,266.216,1
2569,127,103.560,266.216,1
2570,127,103.816,266.224,1
2571,128,104.076,266.240,1
2572,128,104.332,266.256,1
2573,126,104.588,266.260,1
2574,126,104.836,266.272,1
2575,125,105.084,266.280,1
2576,125,105.328,266.292,1
2577,124,105.572,266.296,1
2578,124,105.804,266.308,1
2579,124,106.032,266.320,1
2580,122,106.252,266.328,1
2581,122,106.460,266.344,1
2582,123,106.668,266.364,1
2583,123,106.880,266.380,1
2584,123,107.088,266.396,1
2585,124,107.296,266.412,1
2586,124,107.496,266.424,1
2587,122,107.696,266.432,1
2588,123,107.888,266.456,1
2589,123,108.080,266.476,1
2590,123,108.268,266.496,1
2591,123,108.456,266.516,1
2592,123,108.640,266.540,1
2593,124,108.824,266.564,1
2594,124,109.012,266.584,1
2595,123,109.188,266.600,1
2596,123,109.360,266.620,1
2597,121,109.532,266.636,1
2598,122,109.696,266.664,1
2599,124,109.860,266.692,1
2600,122,110.032,266.704,1
2601,122,110.196,266.720,1
2602,122,110.348,266.736,1
2603,123,110.500,266.752,1
2604,123,110.656,266.768,1
2605,123,110.812,266.784,1
2606,122,110.968,266.796,1
2607,122,111.120,266.816,1
2608,122,111.276,266.832,1
2609,123,111.436,266.844,1
2610,122,111.600,266.844,1
2611,122,111.760,266.852,1
2612,121,111.920,266.856,1
2613,121,112.080,266.868,1
2614,122,112.240,266.884,1
2615,123,112.400,266.900,1
2616,122,112.560,266.912,1
2617,123,112.720,266.936,1
2618,123,112.884,266.956,1
2619,123,113.048,266.976,1
2620,122,113.212,266.992,1
2621,122,113.372,267.012,1
2622,123,113.536,267.032,1
2623,122,113.704,267.044,1
2624,121,113.864,267.056,1
2625,123,114.024,267.080,1
2626,124,114.188,267.104,1
2627,124,114.352,267.128,1
2628,123,114.516,267.144,1
2629,123,114.672,267.164,1
2630,122,114.824,267.192,1
2631,122,114.964,267.224,1
2632,123,115.100,267.264,1
2633,124,115.248,267.304,1
2634,124,115.400,267.332,1
2635,124,115.552,267.360,1
2636,125,115.700,267.388,1
2637,126,115.844,267.416,1
2638,126,115.996,267.440,1
2639,127,116.148,267.468,1
2640,127,116.300,267.484,1
2641,128,116.448,267.504,1
2642,128,116.600,267.520,1
2643,129,116.752,267.544,1
2644,131,116.904,267.572,1
2645,131,117.072,267.588,1
2646,134,117.244,267.616,1
2647,134,117.432,267.628,1
2648,135,117.620,267.644,1
2649,133,117.804,267.648,1
2650,132,117.964,267.656,1
2651,133,118.124,267.672,1
2652,133,118.280,267.684,1
2653,134,118.424,267.700,1
2654,132,118.576,267.704,1
2655,133,118.720,267.720,1
2656,129,118.860,267.716,1
2657,129,118.980,267.728,1
2658,128,119.100,267.732,1
2659,128,119.216,267.740,1
2660,128,119.328,267.748,1
2661,127,119.440,267.752,1
2662,126,119.552,267.756,1
2663,126,119.656,267.760,1
2664,126,119.764,267.760,1
2665,124,119.876,267.752,1
2666,124,119.980,267.752,1
2667,125,120.084,267.756,1
2668,126,120.196,267.760,1
2669,125,120.312,267.752,1
2670,125,120.420,267.748,1
2671,125,120.520,267.744,1
2672,125,120.612,267.744,1
2673,124,120.708,267.736,1
2674,124,120.800,267.736,1
2675,124,120.888,267.736,1
2676,124,120.972,267.736,1
2677,123,121.064,267.728,1
2678,125,121.152,267.732,1
2679,124,121.260,267.728,1
2680,124,121.364,267.728,1
2681,124,121.464,267.732,1
2682,124,121.564,267.732,1
2683,123,121.672,267.732,1
2684,123,121.772,267.732,1
2685,123,121.872,267.732,1
2686,123,121.972,267.728,1
2687,122,122.072,267.720,1
2688,122,122.172,267.716,1
2689,123,122.272,267.712,1
2690,123,122.376,267.708,1
2691,124,122.476,267.712,1
2692,124,122.576,267.712,1
2693,124,122.680,267.708,1
2694,124,122.780,267.704,1
2695,125,122.880,267.704,1
2696,125,122.980,267.704,1
2697,125,123.076,267.704,1
2698,125,123.172,267.704,1
2699,122,123.264,267.692,1
2700,122,123.348,267.692,1
2701,122,123.428,267.692,1
2702,123,123.508,267.692,1
2703,122,123.596,267.688,1
2704,120,123.680,267.684,1
2705,121,123.756,267.692,1
2706,121,123.828,267.688,1
2707,121,123.896,267.684,1
2708,118,123.960,267.668,1
2709,119,124.000,267.660,1
2710,119,124.048,267.652,1
2711,119,124.092,267.644,1
2712,119,124.128,267.636,1
2713,120,124.164,267.628,1
2714,119,124.204,267.612,1
2715,119,124.232,267.600,1
2716,120,124.264,267.600,1
2717,120,124.300,267.596,1
2718,120,124.336,267.588,1
2719,122,124.368,267.584,1
2720,122,124.404,267.572,1
2721,122,124.440,267.564,1
2722,122,124.472,267.556,1
2723,123,124.500,267.552,1
2724,123,124.532,267.548,1
2725,126,124.556,267.556,1
2726,126,124.588,267.552,1
2727,126,124.616,267.548,1
2728,128,124.644,267.548,1
2729,128,124.672,267.540,1
2730,128,124.692,267.532,1
2731,127,124.712,267.520,1
2732,127,124.724,267.512,1
2733,128,124.740,267.504,1
2734,128,124.764,267.496,1
2735,128,124.788,267.488,1
2736,129,124.808,267.480,1
2737,130,124.824,267.472,1
2738,130,124.844,267.460,1
2739,129,124.868,267.440,1
2740,129,124.892,267.424,1
2741,130,124.904,267.412,1
2742,130,124.924,267.396,1
2743,130,124.940,267.380,1
2744,128,124.952,267.356,1
2745,129,124.968,267.340,1
2746,129,124.984,267.320,1
2747,129,125.000,267.300,1
2748,129,125.020,267.280,1
2749,127,125.036,267.248,1
2750,128,125.048,267.228,1
2751,128,125.064,267.112,1
2752,128,125.080,266.820,1
2753,127,125.096,266.236,1
2754,128,125.108,265.376,1
2755,127,125.120,264.376,1
2756,127,125.132,263.336,1
2757,127,125.140,262.264,1
2758,128,125.140,261.192,1
2759,129,125.140,260.116,1
2760,129,125.144,259.036,1
2761,129,125.148,257.960,1
2762,128,125.144,256.880,1
2763,129,125.136,255.808,1
2764,131,125.136,254.740,1
2765,131,125.148,253.664,1
2766,129,125.160,252.580,1
2767,128,125.164,251.500,1
2768,127,125.156,250.420,1
2769,127,125.144,249.344,1
2770,126,125.136,248.264,1
2771,127,125.128,247.192,1
2772,128,125.132,246.120,1
2773,127,125.148,245.044,1
2774,129,125.156,243.980,1
2775,129,125.172,242.912,1
2776,128,125.188,241.836,1
2777,128,125.196,240.768,1
2778,127,125.208,239.696,1
2779,127,125.216,238.628,1
2780,126,125.224,237.556,1
2781,125,125.232,236.484,1
2782,125,125.236,235.416,1
2783,125,125.236,234.348,1
2784,126,125.236,233.284,1
2785,124,125.240,232.208,1
2786,123,125.240,231.136,1
2787,123,125.232,230.068,1
2788,123,125.224,229.004,1
2789,124,125.212,227.944,1
2790,124,125.208,226.880,1
2791,124,125.204,225.816,1
2792,125,125.196,224.760,1
2793,125,125.192,223.704,1
2794,125,125.184,222.648,1
2795,126,125.180,221.596,1
2796,126,125.180,220.540,1
2797,125,125.184,219.484,1
2798,125,125.184,218.432,1
2799,125,125.188,217.384,1
2800,126,125.192,216.344,1
2801,126,125.200,215.300,1
2802,125,125.208,214.252,1
2803,124,125.216,213.204,1
2804,123,125.216,212.160,1
2805,124,125.208,211.124,1
2806,123,125.204,210.084,1
2807,124,125.196,209.052,1
2808,124,125.192,208.020,1
2809,123,125.188,206.984,1
2810,124,125.180,205.960,1
2811,123,125.180,204.932,1
2812,124,125.168,203.916,1
2813,125,125.160,202.900,1
2814,125,125.152,201.880,1
2815,125,125.148,200.860,1
2816,123,125.140,199.836,1
2817,123,125.120,198.828,1
2818,123,125.100,197.824,1
2819,123,125.080,196.816,1
2820,123,125.064,195.816,1
2821,122,125.048,194.812,1
2822,124,125.024,193.824,1
2823,124,125.008,192.832,1
2824,125,125.000,191.844,1
2825,127,124.996,190.860,1
2826,127,125.004,189.876,1
2827,126,125.012,188.888,1
2828,126,125.020,187.904,1
2829,126,125.028,186.924,1
2830,126,125.036,185.944,1
2831,126,125.052,184.964,1
2832,126,125.068,183.984,1
2833,127,125.080,183.008,1
2834,127,125.096,182.032,1
2835,127,125.112,181.056,1
2836,127,125.124,180.076,1
2837,125,125.136,179.084,1
2838,124,125.148,178.096,1
2839,124,125.152,177.112,1
2840,123,125.156,176.124,1
2841,124,125.156,175.144,1
2842,124,125.160,174.168,1
2843,125,125.164,173.196,1
2844,126,125.168,172.224,1
2845,124,125.176,171.240,1
2846,125,125.180,170.264,1
2847,125,125.188,169.284,1
2848,125,125.204,168.308,1
2849,126,125.216,167.340,1
2850,125,125.224,166.372,1
2851,124,125.236,165.404,1
2852,123,125.244,164.440,1
2853,124,125.248,163.484,1
2854,125,125.252,162.528,1
2855,126,125.260,161.572,1
2856,126,125.272,160.616,1
2857,127,125.288,159.668,1
2858,128,125.308,158.724,1
2859,128,125.332,157.776,1
2860,128,125.352,156.824,1
2861,129,125.376,155.876,0
2862,128,125.404,154.916,0
2863,128,125.432,153.964,0
2864,129,125.460,153.012,0
2865,129,125.488,152.056,0
2866,127,125.512,151.088,0
2867,128,125.532,150.132,0
2868,128,125.552,149.172,0
2869,128,125.572,148.212,0
2870,126,125.592,147.244,0
2871,126,125.608,146.284,0
2872,127,125.624,145.328,0
2873,124,125.640,144.352,0
2874,125,125.648,143.392,0
2875,125,125.664,142.424,0
2876,126,125.672,141.456,0
2877,125,125.680,140.484,0
2878,125,125.684,139.512,0
2879,126,125.692,138.532,0
2880,126,125.704,137.548,0
2881,126,125.720,136.560,0
2882,125,125.736,135.568,0
2883,125,125.744,134.580,0
2884,126,125.748,133.596,0
2885,126,125.756,132.608,0
2886,126,125.764,131.620,0
2887,128,125.768,130.632,0
2888,129,125.776,129.640,0
2889,128,125.788,128.648,0
2890,126,125.792,127.652,0
2891,126,125.788,126.664,0
2892,127,125.780,125.676,0
2893,127,125.776,124.684,0
2894,129,125.768,123.700,0
2895,128,125.760,122.704,0
2896,127,125.748,121.708,0
2897,126,125.720,120.708,0
2898,126,125.688,119.708,0
2899,126,125.652,118.712,0
2900,126,125.624,117.716,0
2901,127,125.600,116.724,0
2902,127,125.576,115.728,0
2903,127,125.552,114.732,0
2904,125,125.524,113.724,0
2905,124,125.496,112.720,0
2906,125,125.460,111.724,0
2907,124,125.444,110.728,0
2908,123,125.424,109.732,0
2909,122,125.404,108.736,0
2910,122,125.380,107.744,0
2911,122,125.356,106.752,0
2912,121,125.336,105.764,0
2913,121,125.316,104.780,0
2914,122,125.296,103.800,0
2915,122,125.280,102.828,0
2916,122,125.272,101.856,0
2917,123,125.264,100.888,0
2918,123,125.256,99.916,0
2919,125,125.244,98.956,0
2920,125,125.244,97.988,0
2921,126,125.244,97.024,0
2922,124,125.248,96.048,0
2923,124,125.244,95.100,0
2924,124,125.244,94.164,0
2925,124,125.244,93.232,0
2926,126,125.244,92.312,0
2927,124,125.252,91.376,0
2928,124,125.256,90.448,0
2929,124,125.252,89.520,0
2930,123,125.252,88.588,0
2931,123,125.248,87.676,0
2932,124,125.244,86.772,0
2933,124,125.244,85.876,0
2934,127,125.248,84.996,0
2935,128,125.264,84.108,0
2936,129,125.284,83.224,0
2937,130,125.308,82.344,0
2938,130,125.340,81.468,0
2939,132,125.372,80.600,0
2940,132,125.408,79.728,0
2941,132,125.444,78.856,0
2942,131,125.476,77.984,0
2943,131,125.504,77.124,0
2944,130,125.532,76.256,0
2945,131,125.556,75.392,0
2946,130,125.580,74.520,0
2947,130,125.600,73.652,0
2948,129,125.620,72.780,0
2949,129,125.636,71.916,0
2950,129,125.664,71.052,0
2951,130,125.692,70.192,0
2952,130,125.724,69.328,0
2953,130,125.752,68.464,0
2954,130,125.784,67.600,0
2955,131,125.824,66.736,0
2956,131,125.864,65.868,0
2957,131,125.904,65.000,0
2958,131,125.944,64.136,0
2959,129,125.996,63.260,0
2960,129,126.036,62.392,0
2961,127,126.076,61.516,0
2962,127,126.108,60.656,0
2963,126,126.140,59.792,0
2964,125,126.164,58.924,0
2965,127,126.188,58.060,0
2966,127,126.220,57.184,0
2967,126,126.248,56.308,0
2968,126,126.272,55.436,0
2969,125,126.296,54.556,0
2970,126,126.308,53.684,0
2971,126,126.324,52.800,0
2972,125,126.340,51.908,0
2973,125,126.352,51.012,0
2974,125,126.360,50.120,0
2975,123,126.368,49.212,0
2976,122,126.356,48.308,0
2977,122,126.340,47.408,0
2978,122,126.324,46.508,0
2979,122,126.300,45.604,0
2980,123,126.276,44.704,0
2981,123,126.256,43.804,0
2982,122,126.240,42.904,0
2983,122,126.220,42.008,0
2984,121,126.196,41.108,0
2985,120,126.168,40.212,0
2986,120,126.136,39.320,0
2987,121,126.100,38.432,0
2988,121,126.064,37.548,0
2989,121,126.028,36.664,0
2990,123,125.996,35.780,0
2991,122,125.972,34.888,0
2992,123,125.940,34.000,0
2993,124,125.912,33.116,0
2994,124,125.888,32.228,0
2995,123,125.872,31.328,0
2996,122,125.848,30.428,0
2997,122,125.820,29.532,0
2998,121,125.792,28.636,0
2999,122,125.760,27.748,0
3000,122,125.740,26.952,0
3001,121,125.716,26.328,0
3002,120,125.688,25.996,0
3003,120,125.656,25.952,0
3004,118,125.628,26.036,0
3005,118,125.588,26.176,0
3006,118,125.552,26.352,0
3007,119,125.516,26.536,0
3008,120,125.484,26.728,0
3009,119,125.452,26.912,0
3010,121,125.412,27.108,0
3011,122,125.380,27.300,0
3012,121,125.352,27.488,0
3013,120,125.324,27.676,0
3014,120,125.288,27.876,0
3015,120,125.244,28.072,0
3016,121,125.200,28.276,0
3017,122,125.168,28.480,0
3018,123,125.144,28.684,0
3019,123,125.128,28.884,0
3020,123,125.112,29.084,0
3021,125,125.100,29.296,0
3022,124,125.092,29.500,0
3023,127,125.076,29.720,0
3024,127,125.076,29.936,0
3025,127,125.068,30.152,0
3026,126,125.060,30.360,0
3027,127,125.052,30.572,0
3028,127,125.048,30.784,0
3029,126,125.048,30.992,0
3030,126,125.044,31.204,0
3031,124,125.044,31.408,0
3032,123,125.040,31.612,0
3033,124,125.032,31.832,0
3034,123,125.028,32.044,0
3035,123,125.016,32.268,0
3036,123,125.012,32.492,0
3037,123,125.012,32.720,0
3038,123,125.012,32.952,0
3039,122,125.012,33.180,0
3040,122,125.004,33.408,0
3041,123,124.996,33.644,0
3042,123,124.992,33.880,0
3043,124,124.984,34.120,0
3044,124,124.980,34.368,0
3045,124,124.976,34.616,0
3046,125,124.968,34.868,0
3047,125,124.964,35.116,0
3048,127,124.964,35.372,0
3049,127,124.972,35.616,0
3050,128,124.980,35.860,0
3051,129,124.988,36.104,0
3052,128,125.000,36.336,0
3053,128,125.012,36.568,0
3054,128,125.028,36.796,0
3055,130,125.048,37.036,0
3056,129,125.072,37.264,0
3057,130,125.096,37.504,0
3058,131,125.120,37.744,0
3059,131,125.148,37.976,0
3060,130,125.180,38.196,0
3061,130,125.204,38.412,0
3062,131,125.232,38.636,0
3063,130,125.260,38.856,0
3064,127,125.280,39.064,0
3065,127,125.288,39.276,0
3066,129,125.296,39.484,0
3067,129,125.320,39.688,0
3068,130,125.344,39.900,0
3069,129,125.372,40.092,0
3070,128,125.396,40.280,0
3071,129,125.416,40.472,0
3072,130,125.444,40.668,0
3073,131,125.468,40.864,0
3074,131,125.496,41.056,0
3075,130,125.520,41.240,0
3076,130,125.532,41.428,0
3077,130,125.544,41.612,0
3078,128,125.560,41.792,0
3079,127,125.568,41.980,0
3080,128,125.572,42.184,0
3081,127,125.580,42.384,0
3082,127,125.584,42.588,0
3083,126,125.588,42.788,0
3084,129,125.584,43.008,0
3085,129,125.592,43.216,0
3086,129,125.600,43.436,0
3087,129,125.608,43.656,0
3088,129,125.624,43.876,0
3089,130,125.644,44.104,0
3090,130,125.668,44.332,0
3091,130,125.696,44.552,0
3092,131,125.720,44.780,0
3093,131,125.748,45.004,0
3094,131,125.772,45.228,0
3095,128,125.792,45.452,0
3096,126,125.808,45.680,0
3097,126,125.812,45.916,0
3098,126,125.816,46.148,0
3099,126,125.820,46.380,0
3100,125,125.820,46.608,0
3101,125,125.820,46.840,0
3102,125,125.824,47.084,0
3103,125,125.832,47.328,0
3104,125,125.836,47.572,0
3105,125,125.836,47.812,0
3106,126,125.832,48.056,0
3107,126,125.832,48.296,0
3108,126,125.828,48.532,0
3109,125,125.820,48.760,0
3110,125,125.808,48.992,0
3111,126,125.796,49.228,0
3112,126,125.784,49.456,0
3113,126,125.776,49.684,0
3114,125,125.768,49.908,0
3115,124,125.752,50.136,0
3116,123,125.732,50.368,0
3117,123,125.716,50.600,0
3118,123,125.696,50.832,0
3119,123,125.676,51.064,0
3120,123,125.656,51.296,0
3121,123,125.644,51.528,0
3122,124,125.632,51.764,0
3123,124,125.620,51.996,0
3124,125,125.620,52.236,0
3125,126,125.620,52.472,0
3126,124,125.624,52.700,0
3127,123,125.616,52.940,0
3128,124,125.608,53.188,0
3129,124,125.604,53.436,0
3130,125,125.596,53.692,0
3131,126,125.592,53.956,0
3132,126,125.592,54.220,0
3133,126,125.596,54.476,0
3134,127,125.600,54.736,0
3135,128,125.604,54.996,0
3136,127,125.612,55.260,0
3137,127,125.616,55.536,0
3138,127,125.612,55.804,0
3139,125,125.604,56.064,0
3140,125,125.592,56.336,0
3141,126,125.588,56.616,0
3142,126,125.588,56.892,0
3143,126,125.584,57.168,0
3144,126,125.580,57.448,0
3145,126,125.568,57.720,0
3146,125,125.560,57.988,0
3147,125,125.552,58.260,0
3148,125,125.548,58.528,0
3149,125,125.544,58.804,0
3150,123,125.540,59.088,0
3151,123,125.528,59.376,0
3152,122,125.512,59.668,0
3153,123,125.492,59.980,0
3154,125,125.476,60.292,0
3155,125,125.476,60.596,0
3156,126,125.480,60.904,0
3157,126,125.484,61.212,0
3158,124,125.492,61.512,0
3159,125,125.496,61.824,0
3160,123,125.508,62.128,0
3161,125,125.512,62.444,0
3162,124,125.524,62.744,0
3163,126,125.536,63.060,0
3164,127,125.556,63.356,0
3165,127,125.576,63.644,0
3166,127,125.596,63.932,0
3167,127,125.616,64.220,0
3168,126,125.632,64.496,0
3169,126,125.644,64.776,0
3170,125,125.648,65.056,0
3171,126,125.648,65.352,0
3172,127,125.648,65.632,0
3173,127,125.660,65.892,0
3174,127,125.672,66.148,0
3175,126,125.684,66.404,0
3176,125,125.692,66.664,0
3177,125,125.688,66.920,0
3178,125,125.692,67.176,0
3179,127,125.696,67.424,0
3180,127,125.708,67.652,0
3181,128,125.724,67.880,0
3182,128,125.744,68.092,0
3183,130,125.760,68.300,0
3184,129,125.784,68.500,0
3185,128,125.792,68.696,0
3186,128,125.792,68.892,0
3187,127,125.788,69.080,0
3188,128,125.776,69.272,0
3189,128,125.768,69.456,0
3190,128,125.752,69.640,0
3191,131,125.736,69.840,0
3192,132,125.732,70.028,0
3193,132,125.736,70.208,0
3194,132,125.740,70.392,0
3195,131,125.748,70.572,0
3196,131,125.748,70.760,0
3197,130,125.752,70.948,0
3198,130,125.752,71.136,0
3199,130,125.756,71.328,0
3200,131,125.760,71.520,0
3201,132,125.768,71.712,0
3202,132,125.776,71.896,0
3203,132,125.784,72.076,0
3204,132,125.792,72.260,0
3205,131,125.800,72.440,0
3206,130,125.800,72.628,0
3207,130,125.796,72.824,0
3208,132,125.792,73.036,0
3209,131,125.796,73.248,0
3210,131,125.804,73.460,0
3211,130,125.812,73.668,0
3212,130,125.824,73.888,0
3213,129,125.836,74.108,0
3214,129,125.848,74.332,0
3215,129,125.864,74.568,0
3216,127,125.872,74.792,0
3217,127,125.872,75.024,0
3218,127,125.876,75.260,0
3219,124,125.880,75.488,0
3220,124,125.876,75.740,0
3221,124,125.868,75.996,0
3222,124,125.860,76.260,0
3223,125,125.856,76.532,0
3224,125,125.856,76.808,0
3225,126,125.856,77.096,0
3226,126,125.868,77.384,0
3227,128,125.884,77.684,0
3228,129,125.908,77.984,0
3229,129,125.936,78.288,0
3230,129,125.964,78.600,0
3231,128,125.988,78.908,0
3232,127,126.008,79.220,0
3233,128,126.028,79.536,0
3234,127,126.052,79.840,0
3235,127,126.076,80.148,0
3236,127,126.104,80.460,0
3237,127,126.132,80.772,0
3238,127,126.156,81.084,0
3239,127,126.180,81.400,0
3240,127,126.204,81.708,0
3241,127,126.220,82.032,0
3242,128,126.240,82.356,0
3243,130,126.260,82.688,0
3244,130,126.284,83.024,0
3245,129,126.308,83.344,0
3246,130,126.332,83.676,0
3247,130,126.364,84.004,0
3248,130,126.396,84.328,0
3249,130,126.432,84.652,0
3250,132,126.464,84.980,0
3251,132,126.504,85.296,0
3252,132,126.548,85.612,0
3253,133,126.596,85.928,0
3254,133,126.648,86.236,0
3255,132,126.708,86.540,0
3256,130,126.764,86.836,0
3257,127,126.812,87.132,0
3258,127,126.844,87.448,0
3259,126,126.872,87.764,0
3260,127,126.900,88.088,0
3261,126,126.924,88.400,0
3262,126,126.940,88.724,0
3263,125,126.960,89.036,0
3264,126,126.980,89.356,0
3265,126,127.004,89.664,0
3266,126,127.028,89.972,0
3267,127,127.048,90.284,0
3268,126,127.068,90.596,0
3269,126,127.080,90.912,0
3270,126,127.092,91.220,0
3271,125,127.104,91.516,0
3272,123,127.104,91.800,0
3273,123,127.100,92.076,0
3274,120,127.084,92.344,0
3275,120,127.056,92.628,0
3276,120,127.028,92.916,0
3277,120,127.004,93.204,0
3278,119,126.976,93.484,0
3279,119,126.944,93.768,0
3280,119,126.916,94.052,0
3281,119,126.888,94.332,0
3282,119,126.868,94.604,0
3283,118,126.852,94.876,0
3284,120,126.828,95.152,0
3285,121,126.816,95.424,0
3286,119,126.808,95.676,0
3287,119,126.792,95.936,0
3288,118,126.776,96.192,0
3289,117,126.756,96.452,0
3290,117,126.736,96.708,0
3291,117,126.716,96.960,0
3292,117,126.692,97.216,0
3293,117,126.668,97.460,0
3294,117,126.640,97.708,0
3295,117,126.612,97.948,0
3296,118,126.584,98.192,0
3297,119,126.556,98.428,0
3298,122,126.532,98.672,0
3299,123,126.512,98.908,0
3300,122,126.496,99.136,0
3301,121,126.472,99.368,0
3302,121,126.440,99.608,0
3303,121,126.412,99.848,0
3304,122,126.384,100.092,0
3305,123,126.360,100.340,0
3306,123,126.332,100.576,0
3307,123,126.308,100.812,0
3308,123,126.280,101.048,0
3309,123,126.248,101.288,0
3310,123,126.216,101.532,0
3311,124,126.188,101.772,0
3312,124,126.164,102.012,0
3313,123,126.136,102.252,0
3314,124,126.108,102.512,0
3315,124,126.096,102.772,0
3316,122,126.084,103.020,0
3317,124,126.056,103.284,0
3318,125,126.036,103.548,0
3319,126,126.016,103.812,0
3320,123,126.004,104.060,0
3321,124,125.984,104.316,0
3322,125,125.964,104.576,0
3323,125,125.944,104.832,0
3324,126,125.920,105.084,0
3325,126,125.900,105.332,0
3326,127,125.884,105.580,0
3327,127,125.872,105.816,0
3328,127,125.860,106.044,0
3329,128,125.856,106.268,0
3330,128,125.860,106.484,0
3331,128,125.860,106.692,0
3332,128,125.864,106.900,0
3333,128,125.868,107.108,0
3334,129,125.876,107.320,0
3335,129,125.876,107.516,0
3336,130,125.876,107.720,0
3337,130,125.880,107.920,0
3338,132,125.884,108.116,0
3339,131,125.896,108.300,0
3340,130,125.900,108.484,0
3341,130,125.900,108.668,0
3342,129,125.900,108.848,0
3343,131,125.892,109.040,0
3344,131,125.892,109.216,0
3345,128,125.892,109.380,0
3346,129,125.892,109.556,0
3347,128,125.904,109.724,0
3348,128,125.912,109.884,0
3349,127,125.920,110.044,0
3350,126,125.924,110.212,0
3351,125,125.928,110.360,0
3352,124,125.928,110.508,0
3353,124,125.924,110.660,0
3354,124,125.920,110.816,0
3355,125,125.916,110.976,0
3356,125,125.916,111.132,0
3357,125,125.912,111.288,0
3358,125,125.908,111.448,0
3359,125,125.904,111.608,0
3360,125,125.904,111.772,0
3361,124,125.904,111.928,0
3362,125,125.896,112.096,0
3363,125,125.892,112.256,0
3364,126,125.888,112.416,0
3365,126,125.892,112.572,0
3366,127,125.900,112.740,0
3367,127,125.916,112.900,0
3368,128,125.932,113.068,0
3369,125,125.952,113.220,0
3370,124,125.960,113.380,0
3371,123,125.964,113.540,0
3372,122,125.964,113.700,0
3373,122,125.956,113.864,0
3374,123,125.948,114.032,0
3375,122,125.940,114.184,0
3376,123,125.924,114.348,0
3377,122,125.920,114.508,0
3378,122,125.916,114.668,0
3379,122,125.908,114.820,0
3380,122,125.900,114.964,0
3381,122,125.888,115.100,0
3382,120,125.872,115.236,0
3383,120,125.848,115.384,0
3384,122,125.824,115.544,0
3385,122,125.804,115.692,0
3386,124,125.780,115.840,0
3387,125,125.768,115.992,0
3388,126,125.760,116.148,0
3389,127,125.756,116.300,0
3390,128,125.764,116.452,0
3391,126,125.776,116.592,0
3392,126,125.776,116.744,0
3393,125,125.776,116.888,0
3394,125,125.772,117.048,0
3395,124,125.768,117.216,0
3396,123,125.760,117.388,0
3397,121,125.752,117.568,0
3398,121,125.736,117.748,0
3399,121,125.720,117.916,0
3400,122,125.704,118.084,0
3401,123,125.700,118.240,0
3402,124,125.700,118.388,0
3403,124,125.708,118.536,0
3404,125,125.712,118.692,0
3405,125,125.712,118.828,0
3406,124,125.712,118.960,0
3407,124,125.704,119.080,0
3408,124,125.696,119.200,0
3409,125,125.696,119.316,0
3410,125,125.696,119.428,0
3411,125,125.704,119.544,0
3412,124,125.704,119.648,0
3413,124,125.704,119.756,0
3414,124,125.696,119.868,0
3415,124,125.684,119.980,0
3416,124,125.672,120.084,0
3417,124,125.660,120.192,0
3418,126,125.648,120.312,0
3419,128,125.648,120.432,0
3420,128,125.656,120.532,0
3421,128,125.668,120.624,0
3422,128,125.676,120.720,0
3423,128,125.680,120.816,0
3424,129,125.684,120.908,0
3425,129,125.692,120.992,0
3426,129,125.704,121.084,0
3427,129,125.720,121.176,0
3428,128,125.736,121.272,0
3429,129,125.748,121.384,0
3430,129,125.756,121.484,0
3431,128,125.764,121.580,0
3432,128,125.764,121.688,0
3433,127,125.764,121.788,0
3434,126,125.752,121.884,0
3435,127,125.740,121.988,0
3436,128,125.736,122.092,0
3437,128,125.736,122.196,0
3438,128,125.740,122.296,0
3439,129,125.740,122.400,0
3440,128,125.744,122.496,0
3441,129,125.744,122.596,0
3442,129,125.736,122.700,0
3443,127,125.724,122.792,0
3444,127,125.704,122.892,0
3445,127,125.684,122.988,0
3446,127,125.668,123.084,0
3447,127,125.652,123.180,0
3448,127,125.640,123.272,0
3449,127,125.628,123.368,0
3450,127,125.616,123.448,0
3451,128,125.600,123.532,0
3452,128,125.584,123.616,0
3453,127,125.568,123.700,0
3454,126,125.548,123.780,0
3455,126,125.524,123.848,0
3456,126,125.504,123.916,0
3457,126,125.488,123.980,0
3458,128,125.472,124.040,0
3459,128,125.456,124.084,0
3460,127,125.444,124.124,0
3461,127,125.428,124.160,0
3462,125,125.416,124.188,0
3463,124,125.396,124.220,0
3464,125,125.376,124.256,0
3465,125,125.360,124.288,0
3466,126,125.344,124.324,0
3467,126,125.340,124.360,0
3468,126,125.336,124.392,0
3469,127,125.332,124.424,0
3470,127,125.344,124.460,0
3471,125,125.356,124.484,0
3472,125,125.360,124.512,0
3473,125,125.364,124.540,0
3474,125,125.364,124.564,0
3475,125,125.364,124.584,0
3476,124,125.360,124.608,0
3477,125,125.352,124.640,0
3478,123,125.340,124.652,0
3479,122,125.316,124.668,0
3480,124,125.288,124.696,0
3481,122,125.268,124.704,0
3482,123,125.244,124.724,0
3483,123,125.228,124.744,0
3484,123,125.208,124.768,0
3485,124,125.192,124.792,0
3486,124,125.180,124.804,0
3487,125,125.168,124.824,0
3488,126,125.160,124.852,0
3489,126,125.156,124.880,0
3490,127,125.152,124.896,0
3491,128,125.152,124.916,0
3492,128,125.156,124.932,0
3493,128,125.156,124.944,0
3494,127,125.148,124.964,0
3495,128,125.136,124.980,0
3496,128,125.132,124.996,0
3497,128,125.124,125.016,0
3498,128,125.116,125.032,0
3499,127,125.108,125.048,0
3500,127,125.096,125.060,0
3501,127,125.076,125.076,0
3502,126,125.056,125.088,0
3503,125,125.032,125.100,0
3504,125,125.000,125.108,0
3505,125,124.968,125.124,0
3506,127,124.940,125.140,0
3507,128,124.928,125.144,0
3508,125,124.932,125.128,0
3509,125,124.924,125.128,0
3510,126,124.920,125.136,0
3511,126,124.916,125.132,0
3512,125,124.916,125.124,0
3513,127,124.912,125.128,0
3514,125,124.920,125.124,0
3515,125,124.916,125.136,0
3516,125,124.912,125.148,0
3517,126,124.908,125.148,0
3518,126,124.904,125.140,0
3519,126,124.904,125.132,0
3520,127,124.904,125.132,0
3521,126,124.908,125.128,0
3522,127,124.912,125.144,0
3523,127,124.928,125.156,0
3524,127,124.944,125.164,0
3525,126,124.972,125.176,0
3526,126,124.996,125.188,0
3527,126,125.020,125.200,0
3528,124,125.044,125.204,0
3529,125,125.064,125.216,0
3530,125,125.088,125.228,0
3531,125,125.112,125.236,0
3532,123,125.136,125.228,0
3533,123,125.152,125.228,0
3534,122,125.172,125.224,0
3535,123,125.180,125.236,0
3536,123,125.188,125.232,0
3537,124,125.204,125.228,0
3538,124,125.224,125.216,0
3539,124,125.248,125.208,0
3540,123,125.276,125.200,0
3541,123,125.300,125.192,0
3542,121,125.324,125.176,0
3543,121,125.340,125.168,0
3544,121,125.356,125.164,0
3545,123,125.372,125.168,0
3546,125,125.396,125.180,0
3547,125,125.424,125.184,0
3548,125,125.448,125.188,0
3549,124,125.460,125.188,0
3550,124,125.464,125.192,0
3551,125,125.472,125.204,0
3552,126,125.488,125.220,0
3553,127,125.508,125.228,0
3554,128,125.532,125.228,0
3555,126,125.556,125.212,0
3556,126,125.568,125.208,0
3557,125,125.580,125.196,0
3558,126,125.588,125.196,0
3559,125,125.600,125.188,0
3560,127,125.608,125.192,0
3561,126,125.624,125.180,0
3562,126,125.632,125.168,0
3563,128,125.640,125.164,0
3564,127,125.660,125.156,0
3565,127,125.672,125.148,0
3566,126,125.684,125.132,0
3567,124,125.700,125.104,0
3568,124,125.700,125.084,0
3569,124,125.696,125.068,0
3570,125,125.688,125.056,0
3571,126,125.696,125.040,0
3572,126,125.704,125.016,0
3573,125,125.708,125.004,0
3574,126,125.708,125.000,0
3575,126,125.708,125.000,0
3576,126,125.708,125.008,0
3577,126,125.704,125.020,0
3578,126,125.700,125.028,0
3579,126,125.696,125.036,0
3580,126,125.688,125.052,0
3581,127,125.680,125.072,0
3582,125,125.676,125.076,0
3583,125,125.664,125.088,0
3584,125,125.652,125.104,0
3585,126,125.636,125.120,0
3586,126,125.624,125.132,0
3587,126,125.608,125.152,0
3588,124,125.592,125.152,0
3589,123,125.560,125.152,0
3590,123,125.528,125.156,0
3591,124,125.500,125.160,0
3592,125,125.476,125.168,0
3593,125,125.460,125.168,0
3594,124,125.436,125.168,0
3595,124,125.408,125.180,0
3596,124,125.392,125.184,0
3597,124,125.372,125.200,0
3598,125,125.356,125.216,0
3599,125,125.344,125.220,0
3600,124,125.336,125.232,0
3601,124,125.328,125.244,0
3602,124,125.324,125.252,0
3603,125,125.324,125.256,0
3604,126,125.328,125.264,0
3605,126,125.336,125.272,0
3606,126,125.340,125.288,0
3607,126,125.344,125.304,0
3608,127,125.348,125.328,0
3609,126,125.356,125.344,0
3610,125,125.360,125.364,0
3611,125,125.360,125.388,0
3612,126,125.364,125.424,0
3613,126,125.368,125.452,0
3614,126,125.372,125.476,0
3615,126,125.372,125.500,0
3616,125,125.372,125.524,0
3617,125,125.364,125.540,0
3618,125,125.356,125.560,0
3619,123,125.344,125.572,0
3620,124,125.336,125.600,0
3621,124,125.336,125.616,0
3622,124,125.340,125.628,0
3623,124,125.348,125.648,0
3624,124,125.356,125.660,0
3625,125,125.360,125.672,0
3626,125,125.372,125.676,0
3627,125,125.380,125.684,0
3628,126,125.392,125.696,0
3629,127,125.408,125.708,0
3630,127,125.428,125.724,0
3631,126,125.448,125.736,0
3632,127,125.464,125.752,0
3633,127,125.492,125.756,0
3634,125,125.520,125.752,0
3635,125,125.532,125.760,0
3636,126,125.544,125.768,0
3637,126,125.552,125.768,0
3638,126,125.556,125.776,0
3639,126,125.556,125.784,0
3640,127,125.552,125.792,0
3641,127,125.548,125.784,0
3642,126,125.552,125.772,0
3643,126,125.552,125.764,0
3644,126,125.556,125.748,0
3645,127,125.560,125.744,0
3646,127,125.572,125.720,0
3647,127,125.588,125.692,0
3648,125,125.612,125.648,0
3649,125,125.628,125.620,0
3650,125,125.644,125.596,0
3651,124,125.656,125.564,0
3652,126,125.660,125.548,0
3653,126,125.668,125.520,0
3654,126,125.676,125.500,0
3655,125,125.680,125.464,0
3656,125,125.680,125.444,0
3657,125,125.684,125.428,0
3658,125,125.688,125.412,0
3659,125,125.692,125.392,0
3660,124,125.692,125.364,0
3661,124,125.688,125.344,0
3662,123,125.684,125.324,0
3663,123,125.680,125.304,0
3664,122,125.676,125.280,0
3665,121,125.668,125.268,0
3666,122,125.656,125.264,0
3667,123,125.648,125.256,0
3668,123,125.644,125.244,0
3669,126,125.632,125.248,0
3670,127,125.624,125.252,0
3671,127,125.620,125.252,0
3672,127,125.616,125.256,0
3673,127,125.612,125.256,0
3674,129,125.608,125.264,0
3675,129,125.608,125.264,0
3676,128,125.608,125.260,0
3677,128,125.604,125.272,0
3678,128,125.600,125.268,0
3679,129,125.600,125.272,0
3680,130,125.600,125.276,0
3681,129,125.604,125.268,0
3682,131,125.608,125.272,0
3683,131,125.620,125.276,0
3684,130,125.636,125.276,0
3685,129,125.652,125.288,0
3686,129,125.660,125.308,0
3687,129,125.664,125.336,0
3688,127,125.668,125.360,0
3689,127,125.664,125.388,0
3690,130,125.656,125.436,0
3691,131,125.664,125.472,0
3692,130,125.672,125.500,0
3693,129,125.676,125.524,0
3694,128,125.684,125.548,0
3695,127,125.688,125.564,0
3696,128,125.688,125.592,0
3697,128,125.692,125.612,0
3698,128,125.696,125.632,0
3699,127,125.700,125.656,0
3700,128,125.700,125.688,0
3701,127,125.704,125.712,0
3702,127,125.700,125.740,0
3703,127,125.696,125.772,0
3704,128,125.696,125.816,0
3705,128,125.704,125.852,0
3706,125,125.712,125.880,0
3707,124,125.708,125.916,0
3708,125,125.700,125.972,0
3709,125,125.688,126.020,0
3710,126,125.676,126.064,0
3711,126,125.672,126.104,0
3712,125,125.668,126.132,0
3713,124,125.668,126.156,0
3714,123,125.668,126.180,0
3715,121,125.660,126.196,0
3716,120,125.644,126.220,0
3717,120,125.620,126.248,0
3718,119,125.596,126.268,0
3719,119,125.568,126.284,0
3720,119,125.536,126.296,0
3721,117,125.504,126.304,0
3722,118,125.472,126.324,0
3723,118,125.444,126.332,0
3724,117,125.416,126.336,0
3725,118,125.384,126.336,0
3726,118,125.356,126.324,0
3727,118,125.332,126.308,0
3728,118,125.304,126.284,0
3729,120,125.284,126.268,0
3730,122,125.276,126.252,0
3731,122,125.268,126.236,0
3732,122,125.268,126.220,0
3733,123,125.264,126.200,0
3734,124,125.264,126.180,0
3735,125,125.268,126.156,0
3736,124,125.272,126.116,0
3737,124,125.272,126.076,0
3738,124,125.268,126.040,0
3739,124,125.260,126.008,0
3740,125,125.252,125.980,0
3741,125,125.244,125.952,0
3742,126,125.232,125.924,0
3743,126,125.224,125.896,0
3744,126,125.216,125.880,0
3745,127,125.212,125.864,0
3746,127,125.208,125.840,0
3747,126,125.204,125.808,0
3748,126,125.196,125.780,0
3749,127,125.188,125.760,0
3750,126,125.188,125.732,0
3751,126,125.184,125.708,0
3752,125,125.180,125.676,0
3753,125,125.176,125.648,0
3754,126,125.176,125.620,0
3755,126,125.180,125.584,0
3756,126,125.184,125.548,0
3757,125,125.180,125.508,0
3758,126,125.168,125.476,0
3759,125,125.172,125.436,0
3760,125,125.172,125.396,0
3761,123,125.168,125.356,0
3762,123,125.156,125.332,0
3763,124,125.148,125.304,0
3764,124,125.136,125.260,0
3765,123,125.132,125.212,0
3766,123,125.124,125.176,0
3767,122,125.116,125.144,0
3768,121,125.100,125.120,0
3769,120,125.080,125.100,0
3770,118,125.056,125.080,0
3771,118,125.020,125.064,0
3772,118,124.988,125.052,0
3773,118,124.952,125.040,0
3774,119,124.916,125.036,0
3775,120,124.884,125.032,0
3776,121,124.860,125.032,0
3777,123,124.840,125.032,0
3778,122,124.828,125.028,0
3779,123,124.820,125.032,0
3780,124,124.812,125.036,0
3781,125,124.808,125.044,0
3782,125,124.808,125.040,0
3783,126,124.816,125.036,0
3784,126,124.828,125.028,0
3785,125,124.844,125.020,0
3786,126,124.852,125.024,0
3787,125,124.864,125.020,0
3788,126,124.868,125.024,0
3789,127,124.876,125.024,0
3790,128,124.888,125.020,0
3791,127,124.908,125.008,0
3792,127,124.924,125.000,0
3793,129,124.948,125.000,0
3794,130,124.980,125.000,0
3795,128,125.016,124.984,0
3796,130,125.036,124.984,0
3797,130,125.056,124.984,0
3798,130,125.076,124.984,0
3799,128,125.096,124.984,0
3800,127,125.112,124.984,0
3801,127,125.124,124.992,0
3802,126,125.132,125.004,0
3803,126,125.132,125.020,0
3804,126,125.128,125.040,0
3805,126,125.120,125.056,0
3806,127,125.120,125.088,0
3807,128,125.124,125.112,0
3808,128,125.136,125.136,0
3809,128,125.144,125.168,0
3810,130,125.156,125.204,0
3811,130,125.168,125.232,0
3812,130,125.184,125.256,0
3813,130,125.200,125.280,0
3814,130,125.208,125.300,0
3815,130,125.220,125.308,0
3816,129,125.232,125.320,0
3817,130,125.244,125.348,0
3818,130,125.268,125.372,0
3819,129,125.292,125.396,0
3820,128,125.312,125.416,0
3821,128,125.324,125.440,0
3822,128,125.332,125.460,0
3823,130,125.340,125.492,0
3824,130,125.360,125.516,0
3825,130,125.376,125.532,0
3826,130,125.392,125.544,0
3827,130,125.408,125.560,0
3828,130,125.424,125.576,0
3829,130,125.440,125.584,0
3830,128,125.456,125.580,0
3831,129,125.464,125.592,0
3832,130,125.472,125.600,0
3833,127,125.492,125.588,0
3834,127,125.500,125.584,0
3835,126,125.508,125.588,0
3836,126,125.508,125.596,0
3837,127,125.508,125.616,0
3838,128,125.512,125.640,0
3839,128,125.528,125.660,0
3840,129,125.548,125.692,0
3841,129,125.572,125.716,0
3842,129,125.592,125.740,0
3843,128,125.608,125.760,0
3844,127,125.620,125.776,0
3845,127,125.632,125.804,0
3846,128,125.644,125.820,0
3847,127,125.660,125.820,0
3848,128,125.672,125.828,0
3849,128,125.684,125.828,0
3850,128,125.696,125.832,0
3851,127,125.712,125.832,0
3852,127,125.724,125.840,0
3853,127,125.736,125.844,0
3854,126,125.744,125.840,0
3855,126,125.744,125.836,0
3856,126,125.744,125.832,0
3857,127,125.744,125.832,0
3858,127,125.748,125.824,0
3859,127,125.748,125.816,0
3860,127,125.752,125.804,0
3861,129,125.760,125.796,0
3862,128,125.776,125.784,0
3863,128,125.784,125.776,0
3864,128,125.792,125.764,0
3865,127,125.800,125.744,0
3866,127,125.804,125.732,0
3867,126,125.812,125.708,0
3868,127,125.816,125.692,0
3869,127,125.824,125.672,0
3870,127,125.840,125.660,0
3871,130,125.852,125.660,0
3872,129,125.876,125.640,0
3873,128,125.896,125.636,0
3874,127,125.912,125.628,0
3875,125,125.924,125.620,0
3876,124,125.924,125.616,0
3877,124,125.920,125.612,0
3878,123,125.916,125.600,0
3879,123,125.904,125.592,0
3880,122,125.888,125.580,0
3881,121,125.868,125.572,0
3882,121,125.848,125.576,0
3883,121,125.824,125.580,0
3884,120,125.800,125.576,0
3885,120,125.780,125.580,0
3886,120,125.760,125.588,0
3887,119,125.736,125.580,0
3888,120,125.708,125.576,0
3889,119,125.684,125.568,0
3890,121,125.656,125.572,0
3891,122,125.632,125.572,0
3892,120,125.612,125.560,0
3893,121,125.588,125.560,0
3894,121,125.568,125.548,0
3895,122,125.548,125.544,0
3896,122,125.528,125.540,0
3897,122,125.508,125.536,0
3898,122,125.488,125.532,0
3899,122,125.476,125.528,0
3900,122,125.464,125.524,0
3901,123,125.452,125.512,0
3902,123,125.448,125.496,0
3903,123,125.436,125.476,0
3904,122,125.424,125.464,0
3905,121,125.408,125.464,0
3906,121,125.392,125.464,0
3907,121,125.376,125.472,0
3908,121,125.360,125.484,0
3909,123,125.344,125.500,0
3910,124,125.336,125.516,0
3911,126,125.336,125.528,0
3912,126,125.344,125.544,0
3913,126,125.356,125.556,0
3914,125,125.368,125.568,0
3915,126,125.380,125.592,0
3916,125,125.400,125.608,0
3917,126,125.412,125.628,0
3918,125,125.424,125.640,0
3919,126,125.432,125.648,0
3920,126,125.432,125.652,0
3921,127,125.428,125.652,0
3922,125,125.428,125.652,0
3923,126,125.420,125.668,0
3924,125,125.416,125.676,0
3925,124,125.400,125.684,0
3926,126,125.380,125.692,0
3927,125,125.372,125.692,0
3928,125,125.360,125.696,0
3929,123,125.348,125.692,0
3930,123,125.324,125.708,0
3931,123,125.296,125.724,0
3932,123,125.272,125.740,0
3933,124,125.240,125.760,0
3934,124,125.212,125.772,0
3935,125,125.188,125.780,0
3936,127,125.172,125.784,0
3937,128,125.164,125.780,0
3938,128,125.160,125.768,0
3939,127,125.164,125.748,0
3940,126,125.164,125.728,0
3941,126,125.148,125.712,0
3942,127,125.128,125.716,0
3943,127,125.116,125.720,0
3944,127,125.108,125.728,0
3945,126,125.104,125.728,0
3946,124,125.100,125.724,0
3947,123,125.084,125.724,0
3948,122,125.064,125.724,0
3949,121,125.040,125.724,0
3950,122,125.016,125.732,0
3951,121,124.992,125.732,0
3952,121,124.968,125.740,0
3953,120,124.944,125.744,0
3954,122,124.916,125.760,0
3955,123,124.892,125.768,0
3956,123,124.872,125.768,0
3957,124,124.864,125.768,0
3958,124,124.864,125.764,0
3959,125,124.860,125.780,0
3960,125,124.860,125.788,0
3961,126,124.856,125.808,0
3962,127,124.856,125.824,0
3963,127,124.864,125.840,0
3964,127,124.876,125.856,0
3965,127,124.892,125.864,0
3966,127,124.916,125.872,0
3967,127,124.944,125.876,0
3968,129,124.972,125.888,0
3969,130,125.012,125.900,0
3970,130,125.056,125.892,0
3971,130,125.100,125.884,0
3972,132,125.152,125.888,0
3973,132,125.208,125.884,0
3974,132,125.264,125.884,0
3975,133,125.324,125.896,0
3976,132,125.384,125.908,0
3977,132,125.440,125.924,0
3978,131,125.496,125.944,0
3979,130,125.548,125.968,0
3980,132,125.588,126.000,0
3981,132,125.628,126.024,0
3982,131,125.668,126.044,0
3983,132,125.704,126.068,0
3984,132,125.740,126.096,0
3985,132,125.772,126.124,0
3986,130,125.800,126.144,0
3987,130,125.824,126.168,0
3988,130,125.848,126.192,0
3989,130,125.872,126.216,0
3990,130,125.896,126.232,0
3991,129,125.916,126.248,0
3992,129,125.932,126.264,0
3993,130,125.944,126.284,0
3994,130,125.960,126.308,0
3995,130,125.976,126.336,0
3996,131,125.988,126.368,0
3997,131,126.004,126.400,0
3998,131,126.024,126.436,0
3999,131,126.044,126.468,0
4000,132,126.060,126.504,0
4001,132,126.084,126.548,0
4002,131,126.108,126.592,0
4003,130,126.132,126.636,0
4004,128,126.152,126.688,0
4005,128,126.160,126.748,0
4006,127,126.168,126.800,0
4007,127,126.172,126.844,0
4008,127,126.180,126.872,0
4009,128,126.184,126.908,0
4010,128,126.196,126.928,0
4011,129,126.208,126.952,0
4012,128,126.232,126.968,0
4013,128,126.252,126.992,0
4014,127,126.268,127.008,0
4015,126,126.280,127.028,0
4016,123,126.292,127.036,0
4017,123,126.292,127.052,0
4018,121,126.296,127.060,0
4019,123,126.296,127.080,0
4020,123,126.308,127.092,0
4021,123,126.328,127.096,0
4022,122,126.348,127.096,0
4023,122,126.364,127.080,0
4024,123,126.380,127.068,0
4025,124,126.396,127.044,0
4026,124,126.412,127.020,0
4027,124,126.424,126.992,0
4028,123,126.428,126.960,0
4029,123,126.432,126.932,0
4030,123,126.432,126.904,0
4031,122,126.428,126.880,0
4032,123,126.416,126.868,0
4033,122,126.408,126.844,0
4034,121,126.392,126.820,0
4035,122,126.372,126.812,0
4036,123,126.360,126.808,0
4037,123,126.348,126.792,0
4038,123,126.340,126.776,0
4039,123,126.328,126.760,0
4040,123,126.312,126.740,0
4041,123,126.292,126.716,0
4042,122,126.276,126.688,0
4043,122,126.256,126.660,0
4044,122,126.228,126.632,0
4045,122,126.196,126.604,0
4046,123,126.172,126.576,0
4047,125,126.144,126.556,0
4048,125,126.124,126.524,0
4049,125,126.104,126.504,0
4050,126,126.092,126.488,0
4051,127,126.088,126.464,0
4052,127,126.088,126.436,0
4053,129,126.092,126.416,0
4054,128,126.104,126.384,0
4055,128,126.112,126.352,0
4056,126,126.120,126.320,0
4057,127,126.116,126.296,0
4058,128,126.112,126.268,0
4059,127,126.112,126.232,0
4060,127,126.108,126.204,0
4061,128,126.096,126.180,0
4062,128,126.088,126.152,0
4063,129,126.080,126.132,0
4064,130,126.076,126.120,0
4065,131,126.076,126.112,0
4066,131,126.080,126.092,0
4067,131,126.088,126.064,0
4068,131,126.092,126.040,0
4069,131,126.096,126.024,0
4070,131,126.104,126.016,0
4071,131,126.116,125.992,0
4072,129,126.128,125.960,0
4073,128,126.132,125.932,0
4074,129,126.124,125.912,0
4075,126,126.120,125.884,0
4076,126,126.104,125.868,0
4077,126,126.088,125.856,0
4078,126,126.072,125.852,0
4079,125,126.056,125.848,0
4080,125,126.036,125.848,0
4081,124,126.024,125.848,0
4082,122,126.004,125.844,0
4083,123,125.972,125.856,0
4084,123,125.956,125.852,0
4085,122,125.940,125.848,0
4086,122,125.924,125.848,0
4087,122,125.908,125.852,0
4088,123,125.888,125.860,0
4089,123,125.868,125.868,0
4090,124,125.848,125.876,0
4091,124,125.828,125.876,0
4092,122,125.808,125.864,0
4093,122,125.780,125.856,0
4094,123,125.756,125.860,0
4095,123,125.740,125.872,0
4096,124,125.724,125.884,0
4097,124,125.708,125.896,0
4098,127,125.696,125.916,0
4099,126,125.692,125.920,0
4100,125,125.684,125.924,0
4101,126,125.672,125.932,0
4102,130,125.668,125.948,0
4103,128,125.680,125.936,0
4104,128,125.684,125.932,0
4105,128,125.692,125.928,0
4106,129,125.700,125.928,0
4107,129,125.712,125.924,0
4108,129,125.720,125.920,0
4109,130,125.728,125.924,0
4110,131,125.740,125.928,0
4111,130,125.756,125.920,0
4112,129,125.760,125.908,0
4113,129,125.764,125.904,0
4114,129,125.768,125.904,0
4115,128,125.772,125.908,0
4116,127,125.776,125.916,0
4117,128,125.776,125.936,0
4118,128,125.784,125.952,0
4119,127,125.788,125.968,0
4120,127,125.788,125.976,0
4121,127,125.788,125.980,0
4122,127,125.776,125.976,0
4123,127,125.768,125.968,0
4124,127,125.764,125.956,0
4125,128,125.764,125.948,0
4126,129,125.776,125.944,0
4127,128,125.796,125.940,0
4128,128,125.812,125.932,0
4129,126,125.832,125.916,0
4130,127,125.844,125.908,0
4131,126,125.864,125.888,0
4132,126,125.884,125.872,0
4133,125,125.904,125.844,0
4134,125,125.920,125.816,0
4135,125,125.940,125.792,0
4136,124,125.960,125.768,0
4137,124,125.976,125.756,0
4138,124,125.996,125.748,0
4139,122,126.012,125.744,0
4140,123,126.024,125.756,0
4141,122,126.032,125.760,0
4142,122,126.032,125.760,0
4143,123,126.040,125.764,0
4144,125,126.048,125.768,0
4145,126,126.064,125.768,0
4146,126,126.080,125.764,0
4147,126,126.096,125.756,0
4148,126,126.112,125.740,0
4149,127,126.128,125.728,0
4150,127,126.148,125.720,0
4151,127,126.168,125.716,0
4152,127,126.184,125.720,0
4153,127,126.200,125.724,0
4154,127,126.216,125.720,0
4155,127,126.236,125.720,0
4156,129,126.260,125.724,0
4157,128,126.292,125.712,0
4158,127,126.320,125.708,0
4159,128,126.344,125.708,0
4160,128,126.364,125.716,0
4161,129,126.380,125.720,0
4162,129,126.392,125.724,0
4163,128,126.404,125.712,0
4164,128,126.412,125.700,0
4165,128,126.424,125.688,0
4166,129,126.432,125.680,0
4167,129,126.448,125.668,0
4168,130,126.460,125.664,0
4169,128,126.480,125.656,0
4170,127,126.488,125.664,0
4171,127,126.492,125.672,0
4172,126,126.492,125.672,0
4173,127,126.496,125.680,0
4174,126,126.500,125.680,0
4175,126,126.504,125.692,0
4176,126,126.512,125.708,0
4177,125,126.512,125.720,0
4178,124,126.512,125.732,0
4179,124,126.508,125.736,0
4180,124,126.512,125.744,0
4181,123,126.516,125.744,0
4182,122,126.516,125.740,0
4183,122,126.512,125.732,0
4184,122,126.504,125.724,0
4185,122,126.496,125.716,0
4186,122,126.484,125.712,0
4187,124,126.464,125.724,0
4188,123,126.448,125.720,0
4189,123,126.428,125.720,0
4190,125,126.412,125.732,0
4191,124,126.408,125.716,0
4192,124,126.400,125.704,0
4193,124,126.388,125.692,0
4194,123,126.376,125.668,0
4195,122,126.360,125.648,0
4196,121,126.344,125.628,0
4197,122,126.332,125.620,0
4198,122,126.328,125.608,0
4199,122,126.328,125.596,0
4200,122,126.332,125.580,0
4201,122,126.332,125.560,0
4202,122,126.336,125.544,0
4203,120,126.340,125.520,0
4204,121,126.340,125.504,0
4205,122,126.336,125.488,0
4206,123,126.332,125.476,0
4207,123,126.332,125.460,0
4208,121,126.328,125.428,0
4209,121,126.316,125.416,0
4210,121,126.300,125.404,0
4211,121,126.284,125.392,0
4212,120,126.264,125.376,0
4213,119,126.236,125.356,0
4214,120,126.204,125.340,0
4215,120,126.176,125.324,0
4216,122,126.148,125.324,0
4217,121,126.128,125.316,0
4218,123,126.104,125.320,0
4219,123,126.080,125.328,0
4220,124,126.052,125.344,0
4221,123,126.028,125.352,0
4222,123,126.000,125.356,0
4223,123,125.964,125.356,0
4224,124,125.928,125.360,0
4225,124,125.896,125.356,0
4226,125,125.860,125.356,0
4227,127,125.832,125.348,0
4228,127,125.812,125.332,0
4229,127,125.796,125.308,0
4230,128,125.784,125.284,0
4231,127,125.768,125.264,0
4232,127,125.748,125.244,0
4233,129,125.732,125.232,0
4234,127,125.720,125.208,0
4235,126,125.700,125.188,0
4236,124,125.676,125.168,0
4237,125,125.652,125.160,0
4238,125,125.632,125.152,0
4239,125,125.612,125.148,0
4240,125,125.592,125.144,0
4241,124,125.572,125.140,0
4242,123,125.552,125.136,0
4243,123,125.528,125.128,0
4244,124,125.500,125.124,0
4245,124,125.476,125.116,0
4246,124,125.452,125.108,0
4247,122,125.424,125.092,0
4248,121,125.388,125.080,0
4249,121,125.348,125.072,0
4250,121,125.308,125.052,0
4251,121,125.264,125.032,0
4252,121,125.220,125.012,0
4253,121,125.180,124.984,0
4254,120,125.144,124.948,0
4255,121,125.112,124.924,0
4256,121,125.084,124.904,0
4257,123,125.060,124.912,0
4258,124,125.044,124.920,0
4259,124,125.032,124.916,0
4260,125,125.016,124.912,0
4261,126,125.004,124.916,0
4262,126,124.992,124.916,0
4263,127,124.984,124.920,0
4264,126,124.980,124.920,0
4265,127,124.976,124.920,0
4266,126,124.980,124.912,0
4267,126,124.992,124.904,0
4268,128,125.004,124.912,0
4269,128,125.032,124.912,0
4270,129,125.052,124.916,0
4271,130,125.076,124.928,0
4272,130,125.104,124.940,0
4273,130,125.136,124.956,0
4274,129,125.168,124.980,0
4275,128,125.192,125.004,0
4276,128,125.208,125.028,0
4277,128,125.224,125.052,0
4278,127,125.240,125.076,0
4279,128,125.256,125.100,0
4280,129,125.276,125.128,0
4281,129,125.300,125.152,0
4282,130,125.328,125.180,0
4283,130,125.356,125.200,0
4284,130,125.388,125.212,0
4285,130,125.424,125.216,0
4286,130,125.456,125.232,0
4287,131,125.484,125.252,0
4288,133,125.516,125.284,0
4289,134,125.556,125.316,0
4290,134,125.600,125.344,0
4291,134,125.644,125.368,0
4292,134,125.688,125.392,0
4293,135,125.736,125.412,0
4294,135,125.788,125.428,0
4295,136,125.840,125.448,0
4296,135,125.896,125.464,0
4297,135,125.944,125.488,0
4298,135,125.984,125.500,0
4299,135,126.024,125.508,0
4300,134,126.064,125.512,0
4301,133,126.096,125.520,0
4302,132,126.120,125.532,0
4303,131,126.140,125.548,0
4304,131,126.148,125.568,0
4305,131,126.160,125.588,0
4306,133,126.172,125.608,0
4307,132,126.200,125.616,0
4308,130,126.220,125.616,0
4309,130,126.228,125.628,0
4310,129,126.240,125.632,0
4311,129,126.248,125.644,0
4312,129,126.252,125.652,0
4313,128,126.256,125.660,0
4314,127,126.252,125.672,0
4315,127,126.240,125.684,0
4316,126,126.224,125.700,0
4317,125,126.204,125.704,0
4318,127,126.180,125.708,0
4319,128,126.164,125.704,0
4320,126,126.152,125.700,0
4321,126,126.132,125.704,0
4322,125,126.112,125.704,0
4323,126,126.096,125.712,0
4324,126,126.088,125.708,0
4325,126,126.076,125.708,0
4326,126,126.076,125.704,0
4327,125,126.076,125.696,0
4328,124,126.072,125.688,0
4329,125,126.064,125.684,0
4330,126,126.064,125.680,0
4331,126,126.068,125.672,0
4332,126,126.076,125.668,0
4333,126,126.092,125.656,0
4334,126,126.104,125.640,0
4335,125,126.116,125.620,0
4336,124,126.128,125.600,0
4337,126,126.136,125.592,0
4338,126,126.152,125.568,0
4339,125,126.164,125.536,0
4340,127,126.172,125.516,0
4341,127,126.184,125.488,0
4342,127,126.196,125.468,0
4343,130,126.216,125.456,0
4344,129,126.248,125.428,0
4345,128,126.272,125.408,0
4346,128,126.292,125.388,0
4347,124,126.308,125.356,0
4348,121,126.308,125.328,0
4349,121,126.284,125.320,0
4350,121,126.264,125.316,0
4351,121,126.248,125.312,0
4352,119,126.228,125.304,0
4353,119,126.184,125.304,0
4354,119,126.148,125.308,0
4355,120,126.112,125.316,0
4356,120,126.080,125.320,0
4357,120,126.044,125.324,0
4358,119,126.008,125.324,0
4359,119,125.968,125.332,0
4360,120,125.924,125.340,0
4361,122,125.880,125.352,0
4362,122,125.848,125.352,0
4363,123,125.820,125.360,0
4364,123,125.796,125.360,0
4365,123,125.772,125.360,0
4366,123,125.752,125.356,0
4367,122,125.736,125.344,0
4368,124,125.712,125.340,0
4369,123,125.696,125.336,0
4370,123,125.680,125.332,0
4371,122,125.664,125.332,0
4372,122,125.644,125.340,0
4373,122,125.624,125.348,0
4374,121,125.604,125.348,0
4375,121,125.580,125.356,0
4376,121,125.552,125.364,0
4377,120,125.520,125.372,0
4378,122,125.488,125.392,0
4379,122,125.464,125.408,0
4380,123,125.448,125.432,0
4381,123,125.432,125.452,0
4382,124,125.420,125.480,0
4383,124,125.412,125.508,0
4384,125,125.408,125.532,0
4385,125,125.408,125.544,0
4386,125,125.408,125.548,0
4387,124,125.412,125.548,0
4388,125,125.412,125.552,0
4389,125,125.416,125.548,0
4390,123,125.428,125.532,0
4391,123,125.428,125.536,0
4392,123,125.432,125.540,0
4393,122,125.436,125.540,0
4394,122,125.432,125.544,0
4395,125,125.420,125.564,0
4396,125,125.416,125.580,0
4397,125,125.412,125.604,0
4398,126,125.408,125.632,0
4399,126,125.408,125.648,0
4400,126,125.404,125.660,0
4401,127,125.400,125.672,0
4402,127,125.400,125.672,0
4403,128,125.400,125.684,0
4404,129,125.404,125.692,0
4405,129,125.412,125.696,0
4406,129,125.420,125.700,0
4407,130,125.420,125.708,0
4408,130,125.428,125.712,0
4409,129,125.440,125.708,0
4410,130,125.444,125.712,0
4411,132,125.452,125.716,0
4412,132,125.464,125.716,0
4413,131,125.476,125.708,0
4414,131,125.488,125.704,0
4415,131,125.500,125.696,0
4416,131,125.512,125.684,0
4417,131,125.520,125.676,0
4418,130,125.528,125.660,0
4419,129,125.528,125.636,0
4420,125,125.532,125.612,0
4421,126,125.524,125.612,0
4422,127,125.520,125.612,0
4423,127,125.524,125.608,0
4424,127,125.524,125.600,0
4425,127,125.528,125.600,0
4426,129,125.532,125.608,0
4427,129,125.544,125.604,0
4428,127,125.560,125.596,0
4429,128,125.572,125.596,0
4430,128,125.588,125.596,0
4431,127,125.604,125.600,0
4432,127,125.620,125.604,0
4433,125,125.640,125.612,0
4434,125,125.652,125.632,0
4435,125,125.664,125.644,0
4436,125,125.676,125.648,0
4437,124,125.688,125.648,0
4438,126,125.688,125.660,0
4439,126,125.700,125.652,0
4440,125,125.712,125.644,0
4441,125,125.712,125.648,0
4442,126,125.716,125.660,0
4443,126,125.724,125.672,0
4444,127,125.732,125.684,0
4445,125,125.748,125.680,0
4446,126,125.760,125.684,0
4447,127,125.780,125.692,0
4448,126,125.800,125.692,0
4449,128,125.816,125.704,0
4450,128,125.840,125.704,0
4451,130,125.864,125.712,0
4452,130,125.896,125.708,0
4453,131,125.928,125.712,0
4454,132,125.972,125.720,0
4455,132,126.016,125.728,0
4456,134,126.056,125.744,0
4457,134,126.100,125.740,0
4458,132,126.144,125.716,0
4459,133,126.188,125.708,0
4460,132,126.236,125.696,0
4461,132,126.280,125.692,0
4462,132,126.324,125.696,0
4463,132,126.372,125.700,0
4464,131,126.424,125.692,0
4465,130,126.468,125.680,0
4466,128,126.508,125.652,0
4467,127,126.532,125.624,0
4468,127,126.556,125.600,0
4469,128,126.572,125.572,0
4470,129,126.592,125.544,0
4471,128,126.612,125.516,0
4472,129,126.632,125.488,0
4473,130,126.656,125.464,0
4474,129,126.684,125.432,0
4475,127,126.704,125.392,0
4476,125,126.716,125.360,0
4477,128,126.716,125.344,0
4478,129,126.720,125.328,0
4479,128,126.728,125.308,0
4480,128,126.732,125.292,0
4481,128,126.732,125.292,0
4482,128,126.736,125.288,0
4483,127,126.740,125.280,0
4484,127,126.732,125.280,0
4485,127,126.732,125.280,0
4486,127,126.736,125.284,0
4487,127,126.748,125.280,0
4488,127,126.756,125.272,0
4489,127,126.764,125.264,0
4490,126,126.772,125.248,0
4491,126,126.776,125.236,0
4492,125,126.784,125.220,0
4493,126,126.792,125.216,0
4494,126,126.804,125.212,0
4495,126,126.812,125.204,0
4496,126,126.820,125.200,0
4497,125,126.828,125.192,0
4498,123,126.840,125.176,0
4499,123,126.848,125.172,0
4500,122,126.856,125.168,0
4501,122,126.860,125.164,0
4502,122,126.864,125.164,0
4503,123,126.868,125.168,0
4504,123,126.876,125.168,0
4505,123,126.888,125.172,0
4506,122,126.896,125.164,0
4507,123,126.900,125.160,0
4508,123,126.900,125.160,0
4509,123,126.896,125.164,0
4510,124,126.892,125.164,0
4511,124,126.888,125.160,0
4512,124,126.880,125.152,0
4513,125,126.872,125.140,0
4514,125,126.864,125.136,0
4515,126,126.860,125.136,0
4516,127,126.856,125.132,0
4517,127,126.860,125.120,0
4518,128,126.864,125.108,0
4519,128,126.864,125.088,0
4520,128,126.864,125.060,0
4521,128,126.860,125.028,0
4522,127,126.852,124.988,0
4523,127,126.840,124.952,0
4524,127,126.828,124.916,0
4525,126,126.820,124.884,0
4526,127,126.812,124.864,0
4527,127,126.808,124.844,0
4528,129,126.804,124.848,0
4529,129,126.812,124.836,0
4530,129,126.816,124.828,0
4531,128,126.816,124.820,0
4532,127,126.812,124.824,0
4533,126,126.800,124.828,0
4534,126,126.784,124.844,0
4535,126,126.768,124.856,0
4536,126,126.752,124.864,0
4537,125,126.736,124.868,0
4538,124,126.712,124.868,0
4539,124,126.676,124.876,0
4540,123,126.636,124.888,0
4541,121,126.592,124.900,0
4542,120,126.540,124.920,0
4543,121,126.484,124.948,0
4544,120,126.428,124.976,0
4545,120,126.368,125.004,0
4546,120,126.304,125.016,0
4547,120,126.244,125.036,0
4548,120,126.184,125.056,0
4549,121,126.124,125.084,0
4550,120,126.068,125.096,0
4551,122,126.012,125.112,0
4552,121,125.968,125.112,0
4553,123,125.924,125.116,0
4554,123,125.892,125.108,0
4555,123,125.860,125.108,0
4556,124,125.828,125.112,0
4557,127,125.792,125.132,0
4558,126,125.772,125.136,0
4559,126,125.756,125.148,0
4560,127,125.740,125.156,0
4561,127,125.732,125.172,0
4562,126,125.724,125.184,0
4563,126,125.712,125.192,0
4564,126,125.704,125.204,0
4565,128,125.700,125.224,0
4566,128,125.704,125.240,0
4567,128,125.712,125.260,0
4568,128,125.724,125.284,0
4569,129,125.728,125.312,0
4570,129,125.732,125.328,0
4571,130,125.744,125.340,0
4572,129,125.760,125.344,0
4573,129,125.776,125.356,0
4574,129,125.788,125.372,0
4575,129,125.800,125.388,0
4576,129,125.812,125.404,0
4577,129,125.824,125.420,0
4578,128,125.840,125.432,0
4579,128,125.856,125.448,0
4580,130,125.868,125.472,0
4581,129,125.884,125.472,0
4582,129,125.896,125.488,0
4583,129,125.908,125.508,0
4584,129,125.920,125.516,0
4585,130,125.932,125.524,0
4586,130,125.952,125.524,0
4587,128,125.976,125.516,0
4588,126,125.984,125.520,0
4589,127,125.984,125.544,0
4590,127,125.992,125.564,0
4591,126,125.992,125.580,0
4592,127,125.988,125.600,0
4593,129,125.988,125.624,0
4594,130,125.984,125.644,0
4595,131,125.988,125.660,0
4596,132,126.000,125.676,0
4597,131,126.016,125.688,0
4598,130,126.044,125.692,0
4599,129,126.080,125.700,0
4600,128,126.112,125.712,0
4601,129,126.140,125.732,0
4602,130,126.172,125.748,0
4603,130,126.216,125.756,0
4604,129,126.260,125.756,0
4605,129,126.300,125.756,0
4606,129,126.336,125.756,0
4607,130,126.372,125.760,0
4608,128,126.412,125.752,0
4609,125,126.448,125.744,0
4610,126,126.472,125.756,0
4611,127,126.496,125.768,0
4612,126,126.516,125.776,0
4613,127,126.532,125.788,0
4614,127,126.548,125.796,0
4615,126,126.564,125.800,0
4616,126,126.576,125.808,0
4617,126,126.588,125.816,0
4618,124,126.604,125.812,0
4619,123,126.604,125.824,0
4620,123,126.604,125.836,0
4621,123,126.604,125.848,0
4622,123,126.608,125.872,0
4623,122,126.612,125.888,0
4624,122,126.612,125.904,0
4625,122,126.616,125.912,0
4626,121,126.620,125.908,0
4627,120,126.620,125.900,0
4628,120,126.620,125.892,0
4629,121,126.612,125.880,0
4630,121,126.608,125.864,0
4631,123,126.600,125.856,0
4632,123,126.600,125.832,0
4633,123,126.596,125.808,0
4634,121,126.592,125.784,0
4635,121,126.576,125.764,0
4636,124,126.560,125.752,0
4637,125,126.556,125.732,0
4638,125,126.560,125.704,0
4639,123,126.560,125.672,0
4640,123,126.552,125.640,0
4641,122,126.552,125.612,0
4642,123,126.548,125.600,0
4643,122,126.548,125.572,0
4644,122,126.548,125.552,0
4645,122,126.548,125.528,0
4646,122,126.536,125.508,0
4647,122,126.524,125.488,0
4648,121,126.512,125.472,0
4649,121,126.492,125.460,0
4650,121,126.472,125.448,0
4651,121,126.452,125.440,0
4652,121,126.428,125.428,0
4653,123,126.404,125.424,0
4654,123,126.384,125.412,0
4655,123,126.360,125.400,0
4656,123,126.336,125.384,0
4657,124,126.312,125.372,0
4658,124,126.288,125.356,0
4659,124,126.264,125.340,0
4660,123,126.244,125.332,0
4661,124,126.216,125.336,0
4662,123,126.184,125.344,0
4663,123,126.148,125.356,0
4664,122,126.116,125.368,0
4665,121,126.080,125.380,0
4666,121,126.040,125.396,0
4667,120,126.000,125.400,0
4668,120,125.956,125.412,0
4669,121,125.916,125.412,0
4670,121,125.884,125.408,0
4671,122,125.868,125.408,0
4672,122,125.852,125.408,0
4673,124,125.832,125.408,0
4674,126,125.820,125.404,0
4675,126,125.816,125.388,0
4676,126,125.812,125.372,0
4677,127,125.800,125.368,0
4678,127,125.792,125.356,0
4679,127,125.792,125.340,0
4680,127,125.788,125.312,0
4681,127,125.784,125.288,0
4682,126,125.784,125.252,0
4683,126,125.780,125.220,0
4684,126,125.784,125.196,0
4685,126,125.788,125.176,0
4686,126,125.792,125.160,0
4687,126,125.796,125.152,0
4688,126,125.804,125.156,0
4689,125,125.804,125.156,0
4690,126,125.800,125.148,0
4691,126,125.804,125.128,0
4692,126,125.808,125.112,0
4693,126,125.808,125.104,0
4694,126,125.808,125.100,0
4695,127,125.804,125.104,0
4696,127,125.812,125.096,0
4697,127,125.816,125.080,0
4698,129,125.816,125.068,0
4699,130,125.828,125.052,0
4700,131,125.836,125.028,0
4701,132,125.848,125.012,0
4702,132,125.856,124.988,0
4703,131,125.864,124.960,0
4704,130,125.864,124.924,0
4705,129,125.856,124.896,0
4706,128,125.844,124.884,0
4707,128,125.820,124.880,0
4708,127,125.796,124.872,0
4709,127,125.776,124.868,0
4710,126,125.752,124.860,0
4711,125,125.728,124.852,0
4712,124,125.700,124.852,0
4713,123,125.668,124.860,0
4714,124,125.632,124.880,0
4715,124,125.604,124.904,0
4716,124,125.580,124.932,0
4717,124,125.564,124.960,0
4718,125,125.552,124.996,0
4719,126,125.544,125.040,0
4720,126,125.536,125.084,0
4721,126,125.524,125.136,0
4722,127,125.516,125.188,0
4723,127,125.508,125.244,0
4724,127,125.496,125.304,0
4725,127,125.488,125.360,0
4726,127,125.488,125.420,0
4727,126,125.496,125.472,0
4728,126,125.488,125.528,0
4729,126,125.476,125.572,0
4730,126,125.468,125.604,0
4731,125,125.460,125.640,0
4732,124,125.448,125.676,0
4733,124,125.432,125.708,0
4734,123,125.420,125.736,0
4735,123,125.404,125.764,0
4736,122,125.388,125.792,0
4737,122,125.368,125.816,0
4738,124,125.348,125.848,0
4739,125,125.336,125.876,0
4740,125,125.328,125.896,0
4741,125,125.324,125.916,0
4742,123,125.320,125.920,0
4743,123,125.312,125.932,0
4744,124,125.300,125.952,0
4745,124,125.292,125.964,0
4746,126,125.284,125.984,0
4747,127,125.284,126.008,0
4748,126,125.292,126.024,0
4749,127,125.304,126.044,0
4750,126,125.320,126.060,0
4751,126,125.336,126.084,0
4752,126,125.352,126.112,0
4753,126,125.368,126.136,0
4754,125,125.380,126.148,0
4755,124,125.388,126.152,0
4756,124,125.392,126.160,0
4757,125,125.400,126.172,0
4758,125,125.408,126.176,0
4759,126,125.416,126.188,0
4760,127,125.428,126.204,0
4761,126,125.440,126.220,0
4762,127,125.448,126.248,0
4763,126,125.460,126.260,0
4764,126,125.464,126.276,0
4765,126,125.468,126.292,0
4766,128,125.468,126.312,0
4767,126,125.472,126.308,0
4768,125,125.468,126.312,0
4769,125,125.456,126.316,0
4770,124,125.444,126.332,0
4771,124,125.428,126.352,0
4772,124,125.412,126.372,0
4773,124,125.400,126.388,0
4774,124,125.388,126.400,0
4775,124,125.376,126.412,0
4776,123,125.368,126.420,0
4777,124,125.352,126.428,0
4778,124,125.340,126.436,0
4779,123,125.320,126.432,0
4780,122,125.296,126.424,0
4781,121,125.268,126.412,0
4782,121,125.240,126.400,0
4783,120,125.216,126.384,0
4784,118,125.192,126.360,0
4785,119,125.160,126.348,0
4786,119,125.132,126.332,0
4787,117,125.104,126.316,0
4788,122,125.072,126.324,0
4789,123,125.064,126.312,0
4790,122,125.060,126.288,0
4791,123,125.056,126.276,0
4792,124,125.064,126.264,0
4793,125,125.080,126.240,0
4794,126,125.096,126.212,0
4795,127,125.120,126.192,0
4796,127,125.148,126.160,0
4797,130,125.176,126.144,0
4798,129,125.216,126.120,0
4799,129,125.252,126.108,0
4800,128,125.284,126.096,0
4801,129,125.316,126.096,0
4802,127,125.344,126.092,0
4803,127,125.368,126.096,0
4804,129,125.384,126.116,0
4805,130,125.408,126.128,0
4806,131,125.436,126.136,0
4807,131,125.464,126.128,0
4808,131,125.480,126.124,0
4809,129,125.500,126.116,0
4810,128,125.512,126.100,0
4811,128,125.516,126.088,0
4812,128,125.520,126.080,0
4813,129,125.528,126.076,0
4814,128,125.540,126.068,0
4815,127,125.548,126.064,0
4816,127,125.544,126.072,0
4817,127,125.540,126.076,0
4818,129,125.536,126.088,0
4819,129,125.540,126.096,0
4820,129,125.540,126.108,0
4821,129,125.540,126.120,0
4822,128,125.536,126.128,0
4823,128,125.532,126.124,0
4824,128,125.528,126.116,0
4825,128,125.524,126.112,0
4826,128,125.520,126.096,0
4827,126,125.516,126.072,0
4828,125,125.504,126.052,0
4829,124,125.492,126.032,0
4830,124,125.476,126.020,0
4831,123,125.452,126.000,0
4832,121,125.428,125.968,0
4833,121,125.396,125.948,0
4834,121,125.364,125.932,0
4835,122,125.332,125.924,0
4836,122,125.300,125.908,0
4837,122,125.268,125.888,0
4838,122,125.244,125.864,0
4839,122,125.228,125.844,0
4840,123,125.208,125.824,0
4841,123,125.192,125.804,0
4842,125,125.180,125.792,0
4843,124,125.172,125.764,0
4844,123,125.152,125.740,0
4845,126,125.124,125.736,0
4846,125,125.104,125.712,0
4847,125,125.076,125.700,0
4848,124,125.052,125.680,0
4849,126,125.028,125.684,0
4850,126,125.016,125.676,0
4851,127,125.008,125.672,0
4852,128,125.000,125.672,0
4853,128,124.992,125.684,0
4854,128,124.984,125.692,0
4855,128,124.980,125.700,0
4856,128,124.976,125.708,0
4857,128,124.972,125.716,0
4858,128,124.964,125.724,0
4859,128,124.964,125.732,0
4860,131,124.976,125.756,0
4861,131,124.996,125.764,0
4862,130,125.012,125.768,0
4863,130,125.028,125.772,0
4864,129,125.040,125.772,0
4865,129,125.048,125.780,0
4866,129,125.060,125.784,0
4867,128,125.072,125.784,0
4868,128,125.080,125.788,0
4869,128,125.096,125.792,0
4870,128,125.116,125.792,0
4871,127,125.136,125.776,0
4872,126,125.152,125.764,0
4873,126,125.164,125.760,0
4874,125,125.180,125.756,0
4875,124,125.192,125.760,0
4876,126,125.200,125.784,0
4877,126,125.220,125.804,0
4878,125,125.244,125.820,0
4879,125,125.264,125.840,0
4880,125,125.280,125.856,0
4881,125,125.296,125.880,0
4882,123,125.304,125.892,0
4883,123,125.304,125.912,0
4884,124,125.304,125.936,0
4885,124,125.316,125.956,0
4886,124,125.328,125.976,0
4887,124,125.328,125.996,0
4888,124,125.324,126.012,0
4889,124,125.320,126.032,0
4890,124,125.324,126.036,0
4891,126,125.328,126.048,0
4892,124,125.344,126.048,0
4893,126,125.348,126.060,0
4894,125,125.364,126.064,0
4895,125,125.376,126.076,0
4896,125,125.388,126.092,0
4897,124,125.400,126.104,0
4898,126,125.408,126.128,0
4899,125,125.428,126.140,0
4900,125,125.444,126.160,0
4901,123,125.460,126.168,0
4902,123,125.468,126.184,0
4903,122,125.476,126.196,0
4904,122,125.472,126.216,0
4905,122,125.468,126.240,0
4906,123,125.464,126.268,0
4907,122,125.464,126.296,0
4908,121,125.456,126.320,0
4909,121,125.444,126.336,0
4910,121,125.432,126.352,0
4911,121,125.424,126.360,0
4912,121,125.412,126.372,0
4913,121,125.404,126.384,0
4914,120,125.396,126.392,0
4915,121,125.388,126.404,0
4916,121,125.388,126.416,0
4917,124,125.388,126.440,0
4918,124,125.404,126.456,0
4919,125,125.420,126.476,0
4920,125,125.436,126.484,0
4921,125,125.452,126.484,0
4922,128,125.464,126.504,0
4923,130,125.488,126.512,0
4924,130,125.512,126.520,0
4925,130,125.528,126.528,0
4926,130,125.544,126.528,0
4927,130,125.560,126.532,0
4928,130,125.572,126.532,0
4929,130,125.584,126.536,0
4930,130,125.596,126.540,0
4931,131,125.608,126.548,0
4932,131,125.624,126.548,0
4933,131,125.644,126.540,0
4934,131,125.664,126.532,0
4935,132,125.684,126.524,0
4936,133,125.708,126.508,0
4937,135,125.736,126.492,0
4938,135,125.772,126.476,0
4939,133,125.808,126.452,0
4940,132,125.840,126.436,0
4941,132,125.864,126.432,0
4942,132,125.888,126.420,0
4943,131,125.912,126.404,0
4944,130,125.932,126.388,0
4945,130,125.948,126.376,0
4946,131,125.960,126.372,0
4947,132,125.976,126.368,0
4948,131,125.996,126.364,0
4949,130,126.004,126.364,0
4950,130,126.004,126.364,0
4951,129,126.000,126.364,0
4952,128,125.988,126.364,0
4953,128,125.972,126.372,0
4954,128,125.960,126.364,0
4955,127,125.952,126.352,0
4956,127,125.944,126.348,0
4957,127,125.940,126.344,0
4958,126,125.936,126.336,0
4959,126,125.932,126.320,0
4960,124,125.928,126.296,0
4961,124,125.920,126.276,0
4962,124,125.916,126.252,0
4963,124,125.916,126.224,0
4964,126,125.920,126.200,0
4965,126,125.928,126.172,0
4966,126,125.936,126.144,0
4967,125,125.944,126.120,0
4968,125,125.948,126.088,0
4969,124,125.948,126.056,0
4970,124,125.940,126.028,0
4971,124,125.932,126.004,0
4972,123,125.924,125.964,0
4973,122,125.908,125.924,0
4974,122,125.888,125.888,0
4975,122,125.868,125.852,0
4976,122,125.848,125.820,0
4977,123,125.828,125.796,0
4978,122,125.816,125.776,0
4979,122,125.800,125.764,0
4980,123,125.784,125.748,0
4981,121,125.772,125.724,0
4982,122,125.756,125.712,0
4983,123,125.748,125.696,0
4984,124,125.744,125.688,0
4985,124,125.748,125.668,0
4986,123,125.752,125.648,0
4987,124,125.756,125.628,0
4988,124,125.764,125.608,0
4989,124,125.764,125.588,0
4990,124,125.760,125.568,0
4991,124,125.756,125.552,0
4992,123,125.752,125.528,0
4993,122,125.752,125.496,0
4994,121,125.748,125.464,0
4995,121,125.736,125.440,0
4996,121,125.724,125.412,0
4997,121,125.704,125.384,0
4998,121,125.680,125.348,0
4999,121,125.660,125.308,0
5000,121,125.636,125.264,0
5001,122,125.616,125.224,0
5002,123,125.600,125.188,0
5003,126,125.588,125.164,0
5004,129,125.588,125.148,0
5005,130,125.604,125.120,0
5006,131,125.628,125.100,0
5007,133,125.656,125.084,0
5008,136,125.688,125.080,0
5009,141,125.732,125.084,0
5010,144,125.792,125.080,0
5011,150,125.860,125.088,0
5012,156,125.956,125.104,0
5013,160,126.072,125.112,0
5014,162,126.208,125.120,0
5015,167,126.352,125.140,0
5016,170,126.516,125.168,0
5017,175,126.684,125.200,0
5018,180,126.880,125.240,0
5019,182,127.100,125.268,0
5020,183,127.328,125.292,0
5021,187,127.564,125.332,0
5022,189,127.816,125.372,0
5023,196,128.076,125.432,0
5024,198,128.364,125.468,0
5025,200,128.660,125.496,0
5026,204,128.964,125.528,0
5027,205,129.288,125.548,0
5028,206,129.612,125.572,0
5029,210,129.940,125.604,0
5030,216,130.288,125.648,0
5031,221,130.664,125.696,0
5032,223,131.064,125.728,0
5033,225,131.472,125.768,0
5034,229,131.892,125.820,0
5035,231,132.336,125.860,0
5036,232,132.784,125.892,0
5037,232,133.236,125.920,0
5038,236,133.696,125.968,0
5039,238,134.152,126.016,0
5040,239,134.612,126.064,0
5041,240,135.080,126.112,0
5042,242,135.548,126.168,0
5043,243,136.020,126.220,0
5044,247,136.492,126.288,0
5045,250,136.976,126.352,0
5046,253,137.468,126.416,0
5047,253,137.972,126.456,0
5048,256,138.464,126.508,0
5049,257,138.972,126.552,0
5050,259,139.484,126.596,0
5051,261,140.008,126.632,0
5052,265,140.536,126.672,0
5053,266,141.088,126.688,0
5054,267,141.644,126.704,0
5055,269,142.196,126.724,0
5056,270,142.752,126.748,0
5057,273,143.308,126.784,0
5058,273,143.876,126.800,0
5059,274,144.444,126.816,0
5060,277,145.024,126.840,0
5061,278,145.620,126.848,0
5062,279,146.220,126.856,0
5063,282,146.824,126.868,0
5064,282,147.436,126.860,0
5065,283,148.052,126.848,0
5066,283,148.676,126.832,0
5067,284,149.300,126.816,0
5068,284,149.928,126.792,0
5069,285,150.548,126.780,0
5070,285,151.172,126.768,0
5071,285,151.796,126.748,0
5072,285,152.420,126.736,0
5073,285,153.048,126.724,0
5074,284,153.676,126.708,0
5075,284,154.300,126.708,0
5076,285,154.924,126.712,0
5077,286,155.552,126.716,0
5078,287,156.192,126.716,0
5079,287,156.840,126.712,0
5080,288,157.492,126.716,0
5081,291,158.148,126.736,0
5082,291,158.820,126.752,0
5083,292,159.500,126.768,0
5084,292,160.184,126.780,0
5085,294,160.868,126.804,0
5086,294,161.556,126.816,0
5087,294,162.244,126.824,0
5088,295,162.932,126.840,0
5089,296,163.624,126.856,0
5090,296,164.320,126.860,0
5091,297,165.012,126.876,0
5092,298,165.708,126.900,0
5093,298,166.400,126.920,0
5094,299,167.096,126.952,0
5095,299,167.800,126.976,0
5096,299,168.492,126.992,0
5097,300,169.188,127.012,0
5098,300,169.888,127.000,0
5099,299,170.592,126.976,0
5100,299,171.284,126.960,0
5101,297,171.976,126.932,0
5102,295,172.656,126.888,0
5103,296,173.324,126.856,0
5104,299,173.996,126.832,0
5105,298,174.680,126.792,0
5106,298,175.360,126.756,0
5107,298,176.040,126.720,0
5108,297,176.720,126.680,0
5109,296,177.396,126.632,0
5110,295,178.068,126.580,0
5111,293,178.724,126.532,0
5112,292,179.372,126.500,0
5113,292,180.020,126.472,0
5114,292,180.668,126.448,0
5115,290,181.320,126.420,0
5116,291,181.964,126.408,0
5117,293,182.612,126.396,0
5118,295,183.272,126.380,0
5119,295,183.940,126.368,0
5120,294,184.608,126.348,0
5121,294,185.272,126.332,0
5122,294,185.940,126.312,0
5123,295,186.612,126.296,0
5124,294,187.288,126.272,0
5125,295,187.964,126.248,0
5126,295,188.648,126.216,0
5127,294,189.324,126.184,0
5128,293,189.996,126.148,0
5129,292,190.668,126.128,0
5130,291,191.336,126.104,0
5131,289,192.000,126.084,0
5132,286,192.656,126.060,0
5133,287,193.308,126.060,0
5134,286,193.964,126.052,0
5135,285,194.612,126.048,0
5136,285,195.256,126.052,0
5137,285,195.900,126.056,0
5138,282,196.544,126.044,0
5139,283,197.176,126.060,0
5140,282,197.812,126.064,0
5141,281,198.444,126.064,0
5142,282,199.064,126.072,0
5143,283,199.696,126.076,0
5144,280,200.324,126.052,0
5145,279,200.944,126.032,0
5146,276,201.560,126.016,0
5147,276,202.164,126.012,0
5148,276,202.772,126.008,0
5149,275,203.372,126.000,0
5150,275,203.972,125.996,0
5151,275,204.572,125.992,0
5152,276,205.180,125.996,0
5153,277,205.792,126.000,0
5154,278,206.412,126.008,0
5155,275,207.036,126.004,0
5156,273,207.648,125.996,0
5157,273,208.248,126.000,0
5158,273,208.852,126.012,0
5159,274,209.460,126.024,0
5160,274,210.072,126.028,0
5161,273,210.684,126.028,0
5162,275,211.292,126.048,0
5163,274,211.908,126.060,0
5164,274,212.520,126.072,0
5165,274,213.136,126.084,0
5166,277,213.748,126.104,0
5167,275,214.372,126.104,0
5168,276,214.976,126.112,0
5169,275,215.584,126.116,0
5170,275,216.184,126.124,0
5171,275,216.784,126.116,0
5172,276,217.384,126.120,0
5173,276,217.976,126.120,0
5174,275,218.560,126.120,0
5175,271,219.140,126.108,0
5176,270,219.704,126.108,0
5177,271,220.264,126.128,0
5178,269,220.828,126.140,0
5179,269,221.384,126.152,0
5180,269,221.940,126.168,0
5181,269,222.496,126.188,0
5182,270,223.048,126.212,0
5183,270,223.604,126.232,0
5184,272,224.160,126.252,0
5185,272,224.724,126.264,0
5186,270,225.284,126.268,0
5187,269,225.832,126.268,0
5188,266,226.368,126.260,0
5189,266,226.892,126.272,0
5190,267,227.424,126.280,0
5191,267,227.964,126.284,0
5192,266,228.504,126.284,0
5193,265,229.040,126.288,0
5194,265,229.576,126.300,0
5195,265,230.116,126.320,0
5196,264,230.656,126.332,0
5197,266,231.188,126.356,0
5198,267,231.724,126.380,0
5199,267,232.268,126.396,0
5200,265,232.816,126.412,0
5201,266,233.356,126.440,0
5202,265,233.904,126.468,0
5203,266,234.452,126.512,0
5204,264,235.004,126.544,0
5205,265,235.548,126.588,0
5206,265,236.100,126.624,0
5207,267,236.652,126.676,0
5208,268,237.212,126.732,0
5209,269,237.780,126.780,0
5210,269,238.352,126.828,0
5211,270,238.932,126.876,0
5212,270,239.516,126.924,0
5213,270,240.100,126.976,0
5214,269,240.684,127.020,0
5215,272,241.256,127.076,0
5216,271,241.840,127.104,0
5217,270,242.420,127.128,0
5218,271,243.000,127.148,0
5219,271,243.584,127.164,0
5220,271,244.172,127.180,0
5221,271,244.760,127.204,0
5222,271,245.348,127.224,0
5223,270,245.940,127.244,0
5224,270,246.532,127.268,0
5225,270,247.124,127.288,0
5226,269,247.716,127.292,0
5227,269,248.304,127.284,0
5228,268,248.888,127.284,0
5229,270,249.472,127.300,0
5230,272,250.064,127.308,0
5231,274,250.660,127.320,0
5232,270,251.272,127.308,0
5233,271,251.864,127.308,0
5234,271,252.456,127.308,0
5235,270,253.044,127.308,0
5236,271,253.628,127.324,0
5237,270,254.220,127.328,0
5238,271,254.804,127.340,0
5239,271,255.392,127.348,0
5240,271,255.980,127.356,0
5241,272,256.568,127.368,0
5242,271,257.160,127.376,0
5243,270,257.752,127.380,0
5244,271,258.344,127.392,0
5245,272,258.944,127.404,0
5246,272,259.548,127.412,0
5247,274,260.152,127.436,0
5248,272,260.764,127.444,0
5249,274,261.368,127.460,0
5250,273,261.980,127.464,0
5251,273,262.588,127.468,0
5252,274,263.192,127.476,0
5253,274,263.796,127.480,0
5254,275,264.388,127.496,0
5255,276,264.972,127.508,0
5256,276,265.556,127.516,0
5257,273,266.136,127.500,0
5258,274,266.696,127.500,0
5259,274,267.248,127.496,0
5260,273,267.780,127.484,0
5261,274,268.296,127.480,0
5262,274,268.792,127.472,0
5263,275,269.264,127.464,0
5264,274,269.724,127.456,0
5265,275,270.172,127.452,0
5266,275,270.604,127.452,0
5267,276,271.024,127.460,0
5268,277,271.428,127.460,0
5269,277,271.816,127.460,0
5270,277,272.196,127.456,0
5271,277,272.572,127.448,0
5272,276,272.932,127.436,0
5273,275,273.280,127.420,0
5274,277,273.596,127.420,0
5275,276,273.912,127.412,0
5276,277,274.216,127.408,0
5277,276,274.508,127.400,0
5278,275,274.792,127.396,0
5279,276,275.068,127.404,0
5280,276,275.332,127.404,0
5281,277,275.572,127.408,0
5282,279,275.796,127.408,0
5283,281,276.020,127.404,0
5284,280,276.244,127.384,0
5285,282,276.448,127.376,0
5286,281,276.652,127.356,0
5287,280,276.848,127.332,0
5288,280,277.040,127.300,0
5289,278,277.216,127.252,0
5290,279,277.376,127.216,0
5291,279,277.536,127.172,0
5292,281,277.692,127.128,0
5293,281,277.848,127.068,0
5294,282,278.000,127.016,0
5295,280,278.140,126.944,0
5296,281,278.260,126.888,0
5297,281,278.372,126.828,0
5298,282,278.484,126.772,0
5299,282,278.588,126.712,0
5300,281,278.688,126.656,0
5301,282,278.776,126.608,0
5302,283,278.860,126.572,0
5303,284,278.932,126.536,0
5304,284,279.004,126.504,0
5305,284,279.072,126.472,0
5306,286,279.132,126.440,0
5307,285,279.196,126.404,0
5308,285,279.244,126.392,0
5309,286,279.292,126.380,0
5310,287,279.340,126.372,0
5311,285,279.380,126.356,0
5312,286,279.408,126.352,0
5313,284,279.436,126.336,0
5314,284,279.444,126.332,0
5315,284,279.452,126.328,0
5316,282,279.456,126.328,0
5317,281,279.452,126.336,0
5318,280,279.440,126.336,0
5319,279,279.424,126.332,0
5320,279,279.400,126.344,0
5321,280,279.376,126.360,0
5322,281,279.356,126.384,0
5323,281,279.340,126.396,0
5324,281,279.324,126.408,0
5325,282,279.312,126.424,0
5326,283,279.304,126.440,0
5327,284,279.296,126.460,0
5328,283,279.288,126.476,0
5329,282,279.272,126.484,0
5330,280,279.252,126.484,0
5331,279,279.220,126.496,0
5332,280,279.172,126.512,0
5333,279,279.128,126.520,0
5334,279,279.076,126.532,0
5335,279,279.024,126.548,0
5336,278,278.964,126.568,0
5337,278,278.900,126.584,0
5338,275,278.836,126.580,0
5339,274,278.756,126.580,0
5340,274,278.668,126.580,0
5341,274,278.580,126.580,0
5342,272,278.488,126.568,0
5343,272,278.384,126.556,0
5344,273,278.280,126.560,0
5345,274,278.176,126.572,0
5346,275,278.076,126.588,0
5347,272,277.980,126.608,0
5348,274,277.868,126.656,0
5349,273,277.764,126.688,0
5350,274,277.660,126.724,0
5351,273,277.560,126.748,0
5352,273,277.464,126.788,0
5353,273,277.376,126.832,0
5354,273,277.284,126.876,0
5355,273,277.180,126.912,0
5356,273,277.080,126.948,0
5357,275,276.980,126.992,0
5358,273,276.888,127.028,0
5359,272,276.792,127.060,0
5360,272,276.696,127.080,0
5361,273,276.604,127.100,0
5362,275,276.524,127.128,0
5363,274,276.456,127.136,0
5364,273,276.384,127.148,0
5365,272,276.308,127.160,0
5366,271,276.236,127.168,0
5367,272,276.156,127.188,0
5368,270,276.072,127.188,0
5369,270,275.972,127.192,0
5370,270,275.872,127.192,0
5371,271,275.776,127.200,0
5372,272,275.684,127.208,0
5373,272,275.596,127.212,0
5374,271,275.504,127.212,0
5375,272,275.412,127.220,0
5376,271,275.320,127.220,0
5377,272,275.224,127.228,0
5378,272,275.136,127.220,0
5379,273,275.052,127.216,0
5380,274,274.976,127.212,0
5381,275,274.908,127.208,0
5382,273,274.852,127.196,0
5383,272,274.800,127.188,0
5384,272,274.740,127.180,0
5385,272,274.684,127.164,0
5386,272,274.632,127.148,0
5387,272,274.580,127.148,0
5388,274,274.528,127.156,0
5389,274,274.496,127.156,0
5390,272,274.460,127.148,0
5391,273,274.420,127.152,0
5392,272,274.388,127.144,0
5393,271,274.348,127.144,0
5394,273,274.300,127.152,0
5395,273,274.272,127.140,0
5396,272,274.248,127.124,0
5397,273,274.232,127.116,0
5398,275,274.220,127.108,0
5399,277,274.216,127.096,0
5400,279,274.224,127.084,0
5401,277,274.240,127.052,0
5402,276,274.248,127.024,0
5403,274,274.248,126.988,0
5404,276,274.236,126.972,0
5405,278,274.228,126.956,0
5406,276,274.240,126.924,0
5407,278,274.252,126.904,0
5408,278,274.272,126.880,0
5409,277,274.292,126.856,0
5410,277,274.304,126.832,0
5411,276,274.316,126.792,0
5412,277,274.328,126.764,0
5413,278,274.336,126.736,0
5414,277,274.352,126.700,0
5415,277,274.364,126.664,0
5416,277,274.376,126.624,0
5417,277,274.376,126.584,0
5418,278,274.384,126.548,0
5419,277,274.392,126.508,0
5420,275,274.400,126.484,0
5421,277,274.400,126.472,0
5422,275,274.408,126.444,0
5423,274,274.404,126.420,0
5424,274,274.396,126.408,0
5425,275,274.392,126.408,0
5426,274,274.408,126.392,0
5427,274,274.424,126.380,0
5428,274,274.436,126.380,0
5429,274,274.456,126.376,0
5430,275,274.476,126.376,0
5431,274,274.500,126.372,0
5432,275,274.520,126.376,0
5433,274,274.540,126.376,0
5434,276,274.556,126.388,0
5435,274,274.572,126.384,0
5436,275,274.580,126.392,0
5437,275,274.600,126.400,0
5438,274,274.624,126.396,0
5439,274,274.656,126.396,0
5440,275,274.688,126.400,0
5441,274,274.720,126.400,0
5442,276,274.748,126.408,0
5443,275,274.788,126.404,0
5444,275,274.828,126.400,0
5445,276,274.868,126.408,0
5446,276,274.912,126.412,0
5447,275,274.960,126.408,0
5448,275,274.996,126.412,0
5449,276,275.028,126.420,0
5450,276,275.064,126.428,0
5451,277,275.108,126.436,0
5452,277,275.152,126.444,0
5453,278,275.200,126.452,0
5454,278,275.248,126.448,0
5455,278,275.304,126.440,0
5456,277,275.356,126.416,0
5457,277,275.404,126.392,0
5458,279,275.444,126.384,0
5459,278,275.488,126.356,0
5460,277,275.524,126.332,0
5461,275,275.556,126.300,0
5462,276,275.576,126.276,0
5463,277,275.600,126.248,0
5464,277,275.628,126.216,0
5465,277,275.660,126.192,0
5466,277,275.680,126.176,0
5467,275,275.704,126.156,0
5468,275,275.724,126.144,0
5469,277,275.740,126.140,0
5470,277,275.764,126.128,0
5471,278,275.788,126.124,0
5472,278,275.816,126.112,0
5473,279,275.844,126.104,0
5474,279,275.880,126.096,0
5475,278,275.916,126.092,0
5476,277,275.948,126.096,0
5477,279,275.980,126.100,0
5478,280,276.020,126.092,0
5479,279,276.068,126.080,0
5480,278,276.104,126.068,0
5481,277,276.128,126.056,0
5482,277,276.140,126.044,0
5483,280,276.168,126.044,0
5484,280,276.204,126.032,0
5485,279,276.240,126.012,0
5486,277,276.276,125.988,0
5487,277,276.300,125.968,0
5488,276,276.328,125.944,0
5489,276,276.348,125.932,0
5490,277,276.368,125.932,0
5491,277,276.392,125.928,0
5492,276,276.412,125.924,0
5493,278,276.432,125.920,0
5494,276,276.464,125.900,0
5495,275,276.484,125.888,0
5496,275,276.496,125.880,0
5497,276,276.508,125.888,0
5498,276,276.516,125.904,0
5499,277,276.532,125.920,0
5500,278,276.544,125.944,0
5501,277,276.564,125.956,0
5502,278,276.580,125.976,0
5503,278,276.596,125.988,0
5504,278,276.612,126.000,0
5505,278,276.624,126.008,0
5506,277,276.632,126.012,0
5507,277,276.636,126.016,0
5508,277,276.652,126.024,0
5509,277,276.664,126.032,0
5510,277,276.676,126.040,0
5511,277,276.692,126.052,0
5512,277,276.704,126.060,0
5513,277,276.716,126.068,0
5514,277,276.724,126.072,0
5515,277,276.736,126.072,0
5516,276,276.744,126.064,0
5517,276,276.748,126.068,0
5518,277,276.748,126.064,0
5519,277,276.748,126.052,0
5520,276,276.748,126.036,0
5521,275,276.744,126.016,0
5522,276,276.736,126.008,0
5523,276,276.736,125.996,0
5524,276,276.740,125.984,0
5525,277,276.736,125.980,0
5526,277,276.740,125.968,0
5527,275,276.740,125.944,0
5528,275,276.736,125.924,0
5529,275,276.736,125.904,0
5530,274,276.732,125.876,0
5531,274,276.724,125.852,0
5532,276,276.712,125.836,0
5533,277,276.700,125.820,0
5534,278,276.684,125.800,0
5535,278,276.676,125.768,0
5536,279,276.660,125.744,0
5537,279,276.652,125.720,0
5538,280,276.648,125.696,0
5539,280,276.648,125.688,0
5540,280,276.656,125.688,0
5541,280,276.660,125.692,0
5542,279,276.664,125.700,0
5543,280,276.656,125.716,0
5544,280,276.652,125.736,0
5545,277,276.644,125.748,0
5546,278,276.632,125.780,0
5547,278,276.620,125.808,0
5548,278,276.608,125.848,0
5549,277,276.592,125.876,0
5550,276,276.572,125.908,0
5551,276,276.552,125.932,0
5552,275,276.528,125.960,0
5553,277,276.496,125.984,0
5554,274,276.468,125.988,0
5555,272,276.428,126.004,0
5556,270,276.380,126.020,0
5557,269,276.316,126.032,0
5558,269,276.252,126.052,0
5559,270,276.188,126.076,0
5560,269,276.124,126.080,0
5561,271,276.052,126.092,0
5562,271,275.996,126.100,0
5563,271,275.936,126.108,0
5564,272,275.884,126.124,0
5565,271,275.836,126.120,0
5566,271,275.784,126.116,0
5567,271,275.740,126.112,0
5568,274,275.700,126.120,0
5569,274,275.676,126.120,0
5570,275,275.656,126.124,0
5571,275,275.640,126.120,0
5572,276,275.620,126.124,0
5573,276,275.600,126.120,0
5574,275,275.580,126.112,0
5575,275,275.556,126.108,0
5576,277,275.528,126.112,0
5577,278,275.504,126.112,0
5578,278,275.480,126.104,0
5579,278,275.460,126.092,0
5580,278,275.444,126.068,0
5581,277,275.436,126.044,0
5582,276,275.428,126.016,0
5583,275,275.412,125.980,0
5584,275,275.396,125.948,0
5585,274,275.380,125.908,0
5586,274,275.360,125.876,0
5587,274,275.344,125.852,0
5588,275,275.328,125.840,0
5589,275,275.328,125.820,0
5590,275,275.332,125.800,0
5591,276,275.336,125.792,0
5592,278,275.344,125.784,0
5593,278,275.368,125.768,0
5594,277,275.392,125.740,0
5595,275,275.408,125.700,0
5596,275,275.412,125.676,0
5597,276,275.412,125.656,0
5598,275,275.428,125.632,0
5599,274,275.432,125.608,0
5600,274,275.436,125.600,0
5601,273,275.436,125.584,0
5602,273,275.436,125.572,0
5603,272,275.436,125.560,0
5604,272,275.432,125.556,0
5605,272,275.428,125.552,0
5606,272,275.424,125.548,0
5607,272,275.420,125.540,0
5608,270,275.408,125.532,0
5609,273,275.396,125.556,0
5610,272,275.400,125.560,0
5611,272,275.400,125.576,0
5612,274,275.396,125.604,0
5613,274,275.392,125.616,0
5614,276,275.392,125.636,0
5615,276,275.404,125.648,0
5616,275,275.420,125.656,0
5617,275,275.436,125.668,0
5618,275,275.448,125.684,0
5619,276,275.468,125.708,0
5620,277,275.492,125.732,0
5621,277,275.520,125.752,0
5622,277,275.544,125.768,0
5623,276,275.564,125.780,0
5624,275,275.580,125.792,0
5625,274,275.596,125.800,0
5626,277,275.604,125.824,0
5627,278,275.628,125.852,0
5628,276,275.652,125.868,0
5629,276,275.668,125.884,0
5630,275,275.680,125.896,0
5631,275,275.684,125.904,0
5632,275,275.684,125.912,0
5633,275,275.692,125.912,0
5634,275,275.704,125.920,0
5635,273,275.716,125.924,0
5636,274,275.720,125.928,0
5637,272,275.728,125.916,0
5638,273,275.728,125.916,0
5639,274,275.724,125.924,0
5640,274,275.724,125.928,0
5641,272,275.732,125.928,0
5642,273,275.728,125.944,0
5643,274,275.732,125.956,0
5644,273,275.744,125.968,0
5645,273,275.744,125.980,0
5646,273,275.744,125.992,0
5647,273,275.748,126.004,0
5648,273,275.748,126.016,0
5649,273,275.740,126.036,0
5650,272,275.724,126.048,0
5651,271,275.696,126.060,0
5652,270,275.672,126.064,0
5653,270,275.648,126.064,0
5654,271,275.632,126.064,0
5655,269,275.612,126.052,0
5656,269,275.576,126.048,0
5657,269,275.548,126.044,0
5658,270,275.512,126.040,0
5659,270,275.480,126.028,0
5660,270,275.452,126.020,0
5661,271,275.424,126.012,0
5662,272,275.404,126.008,0
5663,272,275.384,126.000,0
5664,272,275.360,125.996,0
5665,269,275.340,125.980,0
5666,269,275.308,125.980,0
5667,269,275.276,125.984,0
5668,270,275.244,126.004,0
5669,270,275.212,126.016,0
5670,271,275.184,126.036,0
5671,271,275.168,126.048,0
5672,272,275.144,126.064,0
5673,274,275.132,126.088,0
5674,277,275.132,126.116,0
5675,279,275.144,126.140,0
5676,279,275.160,126.156,0
5677,278,275.180,126.164,0
5678,277,275.196,126.172,0
5679,277,275.208,126.184,0
5680,278,275.220,126.200,0
5681,277,275.232,126.208,0
5682,278,275.244,126.232,0
5683,277,275.256,126.248,0
5684,277,275.268,126.268,0
5685,276,275.272,126.284,0
5686,276,275.280,126.308,0
5687,277,275.284,126.340,0
5688,278,275.292,126.380,0
5689,278,275.308,126.420,0
5690,278,275.324,126.448,0
5691,277,275.336,126.468,0
5692,278,275.348,126.496,0
5693,277,275.356,126.516,0
5694,278,275.364,126.540,0
5695,278,275.376,126.552,0
5696,276,275.384,126.556,0
5697,276,275.384,126.572,0
5698,274,275.388,126.576,0
5699,273,275.384,126.576,0
5700,272,275.372,126.568,0
5701,273,275.356,126.564,0
5702,273,275.340,126.552,0
5703,272,275.324,126.536,0
5704,271,275.300,126.524,0
5705,272,275.272,126.524,0
5706,272,275.248,126.520,0
5707,272,275.228,126.516,0
5708,271,275.208,126.512,0
5709,271,275.176,126.508,0
5710,271,275.148,126.508,0
5711,272,275.124,126.508,0
5712,271,275.112,126.504,0
5713,271,275.092,126.508,0
5714,270,275.068,126.504,0
5715,274,275.040,126.528,0
5716,274,275.028,126.536,0
5717,275,275.016,126.548,0
5718,275,275.016,126.548,0
5719,276,275.016,126.548,0
5720,278,275.012,126.548,0
5721,280,275.016,126.548,0
5722,281,275.024,126.540,0
5723,282,275.036,126.528,0
5724,282,275.048,126.508,0
5725,282,275.060,126.488,0
5726,277,275.076,126.448,0
5727,275,275.076,126.424,0
5728,277,275.060,126.420,0
5729,275,275.048,126.396,0
5730,275,275.032,126.380,0
5731,275,275.020,126.372,0
5732,275,275.012,126.360,0
5733,276,275.004,126.356,0
5734,276,274.988,126.356,0
5735,276,274.972,126.360,0
5736,276,274.960,126.368,0
5737,275,274.956,126.368,0
5738,276,274.948,126.372,0
5739,277,274.948,126.372,0
5740,276,274.952,126.364,0
5741,275,274.948,126.356,0
5742,275,274.940,126.360,0
5743,275,274.936,126.360,0
5744,275,274.924,126.352,0
5745,276,274.920,126.344,0
5746,276,274.924,126.324,0
5747,276,274.928,126.300,0
5748,276,274.928,126.280,0
5749,275,274.928,126.252,0
5750,275,274.920,126.232,0
5751,275,274.908,126.212,0
5752,274,274.900,126.192,0
5753,274,274.884,126.180,0
5754,274,274.868,126.184,0
5755,270,274.852,126.188,0
5756,270,274.820,126.212,0
5757,270,274.792,126.236,0
5758,271,274.764,126.272,0
5759,271,274.740,126.312,0
5760,271,274.716,126.368,0
5761,270,274.692,126.436,0
5762,270,274.664,126.528,0
5763,271,274.636,126.652,0
5764,271,274.612,126.788,0
5765,272,274.588,126.936,0
5766,272,274.568,127.092,0
5767,272,274.552,127.268,0
5768,272,274.536,127.468,0
5769,270,274.516,127.680,0
5770,269,274.488,127.908,0
5771,270,274.460,128.148,0
5772,269,274.440,128.396,0
5773,269,274.412,128.656,0
5774,270,274.384,128.948,0
5775,271,274.360,129.248,0
5776,270,274.336,129.552,0
5777,271,274.308,129.876,0
5778,272,274.292,130.204,0
5779,271,274.280,130.532,0
5780,271,274.264,130.884,0
5781,272,274.252,131.268,0
5782,273,274.244,131.672,0
5783,274,274.232,132.088,0
5784,274,274.220,132.516,0
5785,276,274.204,132.964,0
5786,275,274.196,133.408,0
5787,275,274.180,133.868,0
5788,276,274.164,134.312,0
5789,276,274.148,134.764,0
5790,276,274.132,135.228,0
5791,276,274.116,135.692,0
5792,278,274.100,136.164,0
5793,278,274.096,136.632,0
5794,276,274.088,137.092,0
5795,276,274.072,137.572,0
5796,274,274.068,138.056,0
5797,274,274.052,138.548,0
5798,272,274.036,139.036,0
5799,272,274.012,139.544,0
5800,272,273.992,140.060,0
5801,274,273.976,140.588,0
5802,274,273.968,141.124,0
5803,275,273.964,141.680,0
5804,275,273.956,142.228,0
5805,275,273.960,142.776,0
5806,274,273.972,143.324,0
5807,273,273.988,143.876,0
5808,272,274.004,144.440,0
5809,272,274.016,145.016,0
5810,273,274.024,145.604,0
5811,273,274.040,146.200,0
5812,274,274.048,146.804,0
5813,275,274.060,147.408,0
5814,275,274.076,148.024,0
5815,274,274.088,148.640,0
5816,273,274.100,149.260,0
5817,273,274.108,149.884,0
5818,272,274.116,150.500,0
5819,272,274.108,151.120,0
5820,272,274.100,151.744,0
5821,272,274.088,152.368,0
5822,273,274.076,153.000,0
5823,273,274.064,153.628,0
5824,274,274.052,154.260,0
5825,274,274.048,154.884,0
5826,273,274.044,155.504,0
5827,274,274.028,156.144,0
5828,276,274.012,156.796,0
5829,277,274.004,157.452,0
5830,275,274.000,158.096,0
5831,277,273.988,158.764,0
5832,276,273.988,159.440,0
5833,277,273.988,160.124,0
5834,277,273.996,160.808,0
5835,276,274.004,161.484,0
5836,275,274.012,162.168,0
5837,273,274.016,162.848,0
5838,273,274.012,163.536,0
5839,272,274.004,164.224,0
5840,275,273.992,164.928,0
5841,275,273.992,165.620,0
5842,274,273.988,166.304,0
5843,275,273.972,167.004,0
5844,275,273.960,167.704,0
5845,274,273.952,168.392,0
5846,274,273.948,169.088,0
5847,275,273.944,169.788,0
5848,273,273.940,170.484,0
5849,273,273.932,171.180,0
5850,275,273.928,171.880,0
5851,275,273.932,172.568,0
5852,275,273.940,173.244,0
5853,275,273.948,173.912,0
5854,275,273.960,174.584,0
5855,276,273.972,175.272,0
5856,277,273.988,175.956,0
5857,279,274.008,176.644,0
5858,280,274.036,177.328,0
5859,279,274.076,178.000,0
5860,279,274.100,178.660,0
5861,281,274.128,179.324,0
5862,281,274.164,179.976,0
5863,281,274.192,180.624,0
5864,280,274.220,181.272,0
5865,279,274.236,181.920,0
5866,279,274.248,182.564,0
5867,278,274.264,183.212,0
5868,277,274.276,183.868,0
5869,275,274.284,184.528,0
5870,275,274.280,185.196,0
5871,276,274.272,185.868,0
5872,274,274.268,186.532,0
5873,274,274.256,187.204,0
5874,274,274.248,187.884,0
5875,276,274.244,188.572,0
5876,276,274.252,189.248,0
5877,276,274.248,189.924,0
5878,277,274.240,190.604,0
5879,276,274.244,191.272,0
5880,275,274.244,191.936,0
5881,274,274.244,192.596,0
5882,275,274.240,193.264,0
5883,275,274.240,193.916,0
5884,274,274.240,194.564,0
5885,276,274.236,195.220,0
5886,276,274.248,195.864,0
5887,276,274.256,196.508,0
5888,276,274.272,197.152,0
5889,275,274.284,197.780,0
5890,274,274.288,198.412,0
5891,275,274.288,199.040,0
5892,277,274.300,199.676,0
5893,276,274.316,200.296,0
5894,279,274.324,200.940,0
5895,279,274.348,201.560,0
5896,277,274.372,202.168,0
5897,275,274.388,202.768,0
5898,275,274.396,203.368,0
5899,275,274.404,203.972,0
5900,275,274.412,204.572,0
5901,275,274.424,205.180,0
5902,275,274.440,205.788,0
5903,275,274.460,206.404,0
5904,275,274.480,207.024,0
5905,275,274.496,207.648,0
5906,276,274.520,208.260,0
5907,276,274.548,208.864,0
5908,275,274.576,209.468,0
5909,275,274.596,210.076,0
5910,276,274.616,210.692,0
5911,276,274.640,211.304,0
5912,275,274.660,211.908,0
5913,275,274.672,212.524,0
5914,276,274.684,213.144,0
5915,275,274.700,213.752,0
5916,274,274.724,214.360,0
5917,274,274.744,214.972,0
5918,275,274.764,215.580,0
5919,272,274.784,216.172,0
5920,272,274.792,216.772,0
5921,272,274.796,217.372,0
5922,271,274.800,217.956,0
5923,269,274.796,218.532,0
5924,268,274.776,219.112,0
5925,267,274.740,219.688,0
5926,268,274.692,220.256,0
5927,267,274.648,220.812,0
5928,267,274.604,221.376,0
5929,266,274.564,221.928,0
5930,267,274.520,222.488,0
5931,265,274.476,223.032,0
5932,265,274.428,223.584,0
5933,265,274.376,224.140,0
5934,265,274.328,224.696,0
5935,265,274.280,225.256,0
5936,265,274.236,225.812,0
5937,266,274.192,226.356,0
5938,267,274.148,226.896,0
5939,267,274.104,227.428,0
5940,266,274.060,227.960,0
5941,268,274.012,228.508,0
5942,267,273.976,229.044,0
5943,268,273.932,229.588,0
5944,267,273.896,230.124,0
5945,268,273.852,230.668,0
5946,266,273.812,231.196,0
5947,265,273.772,231.720,0
5948,265,273.728,232.260,0
5949,265,273.692,232.808,0
5950,265,273.660,233.356,0
5951,266,273.632,233.904,0
5952,266,273.604,234.456,0
5953,267,273.576,235.008,0
5954,268,273.556,235.564,0
5955,268,273.544,236.112,0
5956,267,273.528,236.660,0
5957,267,273.508,237.212,0
5958,266,273.488,237.772,0
5959,268,273.468,238.348,0
5960,269,273.456,238.932,0
5961,271,273.448,239.520,0
5962,272,273.444,240.108,0
5963,271,273.448,240.688,0
5964,270,273.448,241.260,0
5965,269,273.448,241.828,0
5966,271,273.428,242.420,0
5967,273,273.416,243.012,0
5968,272,273.408,243.588,0
5969,272,273.396,244.176,0
5970,272,273.380,244.764,0
5971,273,273.356,245.356,0
5972,274,273.328,245.952,0
5973,274,273.300,246.548,0
5974,275,273.268,247.144,0
5975,275,273.240,247.736,0
5976,275,273.212,248.328,0
5977,276,273.204,248.916,0
5978,276,273.208,249.504,0
5979,276,273.204,250.088,0
5980,277,273.208,250.680,0
5981,277,273.216,251.284,0
5982,277,273.224,251.892,0
5983,277,273.232,252.480,0
5984,276,273.236,253.064,0
5985,277,273.236,253.656,0
5986,276,273.240,254.240,0
5987,277,273.240,254.832,0
5988,276,273.248,255.412,0
5989,275,273.248,255.996,0
5990,275,273.240,256.584,0
5991,274,273.236,257.168,0
5992,273,273.232,257.760,0
5993,272,273.224,258.352,0
5994,271,273.212,258.944,0
5995,271,273.196,259.544,0
5996,271,273.176,260.148,0
5997,270,273.156,260.748,0
5998,270,273.132,261.360,0
5999,270,273.108,261.964,0
6000,269,273.088,262.572,0
6001,271,273.064,263.184,0
6002,272,273.048,263.788,0
6003,273,273.040,264.384,0
6004,274,273.036,264.968,0
6005,275,273.036,265.552,0
6006,276,273.056,266.136,0
6007,276,273.080,266.708,0
6008,276,273.104,267.256,0
6009,277,273.124,267.792,0
6010,277,273.148,268.312,0
6011,277,273.172,268.804,0
6012,279,273.200,269.284,0
6013,278,273.236,269.736,0
6014,278,273.264,270.188,0
6015,277,273.292,270.612,0
6016,276,273.312,271.028,0
6017,274,273.328,271.420,0
6018,274,273.336,271.804,0
6019,276,273.344,272.192,0
6020,278,273.368,272.576,0
6021,277,273.404,272.932,0
6022,277,273.432,273.284,0
6023,277,273.464,273.604,0
6024,276,273.496,273.908,0
6025,275,273.520,274.212,0
6026,275,273.536,274.500,0
6027,275,273.556,274.788,0
6028,275,273.572,275.068,0
6029,274,273.584,275.324,0
6030,274,273.596,275.564,0
6031,273,273.608,275.780,0
6032,272,273.612,275.992,0
6033,272,273.608,276.208,0
6034,271,273.600,276.412,0
6035,270,273.588,276.604,0
6036,270,273.564,276.804,0
6037,270,273.544,277.000,0
6038,270,273.524,277.176,0
6039,269,273.500,277.340,0
6040,268,273.472,277.492,0
6041,270,273.440,277.656,0
6042,269,273.416,277.800,0
6043,269,273.380,277.952,0
6044,269,273.344,278.088,0
6045,269,273.316,278.216,0
6046,269,273.288,278.324,0
6047,269,273.268,278.436,0
6048,269,273.248,278.536,0
6049,269,273.236,278.636,0
6050,272,273.224,278.740,0
6051,273,273.224,278.824,0
6052,273,273.220,278.892,0
6053,272,273.216,278.956,0
6054,272,273.204,279.024,0
6055,271,273.192,279.080,0
6056,271,273.176,279.136,0
6057,270,273.164,279.184,0
6058,269,273.152,279.228,0
6059,270,273.140,279.276,0
6060,272,273.132,279.320,0
6061,272,273.128,279.356,0
6062,270,273.124,279.372,0
6063,272,273.108,279.396,0
6064,272,273.096,279.404,0
6065,273,273.084,279.412,0
6066,273,273.080,279.416,0
6067,274,273.080,279.412,0
6068,274,273.084,279.400,0
6069,274,273.092,279.380,0
6070,276,273.100,279.364,0
6071,275,273.116,279.336,0
6072,275,273.128,279.316,0
6073,275,273.136,279.300,0
6074,275,273.144,279.288,0
6075,277,273.148,279.284,0
6076,277,273.160,279.272,0
6077,277,273.176,279.260,0
6078,274,273.188,279.236,0
6079,273,273.180,279.216,0
6080,273,273.164,279.192,0
6081,274,273.156,279.152,0
6082,275,273.144,279.108,0
6083,276,273.140,279.064,0
6084,275,273.136,279.008,0
6085,275,273.128,278.948,0
6086,274,273.124,278.884,0
6087,276,273.120,278.828,0
6088,276,273.132,278.760,0
6089,275,273.144,278.672,0
6090,276,273.156,278.588,0
6091,276,273.160,278.496,0
6092,278,273.164,278.408,0
6093,277,273.180,278.300,0
6094,276,273.188,278.188,0
6095,277,273.192,278.088,0
6096,277,273.204,277.988,0
6097,275,273.216,277.880,0
6098,273,273.216,277.760,0
6099,275,273.216,277.668,0
6100,275,273.224,277.564,0
6101,275,273.224,277.472,0
6102,274,273.224,277.380,0
6103,274,273.220,277.288,0
6104,274,273.216,277.184,0
6105,273,273.212,277.080,0
6106,273,273.200,276.980,0
6107,273,273.184,276.880,0
6108,273,273.160,276.792,0
6109,273,273.132,276.700,0
6110,274,273.108,276.612,0
6111,274,273.088,276.528,0
6112,275,273.060,276.456,0
6113,274,273.036,276.384,0
6114,273,273.008,276.308,0
6115,272,272.980,276.236,0
6116,272,272.952,276.160,0
6117,272,272.924,276.072,0
6118,272,272.900,275.980,0
6119,271,272.880,275.876,0
6120,272,272.864,275.784,0
6121,272,272.852,275.688,0
6122,273,272.836,275.600,0
6123,273,272.832,275.508,0
6124,274,272.828,275.424,0
6125,273,272.828,275.324,0
6126,272,272.816,275.228,0
6127,270,272.800,275.128,0
6128,268,272.776,275.036,0
6129,269,272.740,274.960,0
6130,267,272.712,274.880,0
6131,268,272.680,274.824,0
6132,269,272.656,274.784,0
6133,268,272.632,274.724,0
6134,268,272.604,274.668,0
6135,269,272.580,274.620,0
6136,270,272.552,274.572,0
6137,270,272.528,274.520,0
6138,270,272.504,274.480,0
6139,269,272.480,274.440,0
6140,269,272.456,274.408,0
6141,269,272.436,274.372,0
6142,270,272.412,274.340,0
6143,268,272.384,274.288,0
6144,267,272.352,274.248,0
6145,267,272.304,274.224,0
6146,269,272.256,274.220,0
6147,269,272.224,274.204,0
6148,266,272.200,274.180,0
6149,267,272.164,274.184,0
6150,267,272.132,274.192,0
6151,267,272.100,274.208,0
6152,266,272.068,274.208,0
6153,266,272.032,274.204,0
6154,267,271.996,274.192,0
6155,269,271.964,274.204,0
6156,271,271.940,274.232,0
6157,271,271.920,274.244,0
6158,271,271.900,274.264,0
6159,270,271.884,274.276,0
6160,270,271.864,274.288,0
6161,269,271.840,274.300,0
6162,268,271.812,274.300,0
6163,268,271.784,274.312,0
6164,267,271.756,274.324,0
6165,269,271.720,274.344,0
6166,270,271.696,274.348,0
6167,268,271.680,274.348,0
6168,269,271.656,274.356,0
6169,268,271.632,274.364,0
6170,269,271.616,274.376,0
6171,270,271.604,274.380,0
6172,269,271.596,274.380,0
6173,269,271.588,274.376,0
6174,270,271.588,274.376,0
6175,270,271.596,274.388,0
6176,271,271.608,274.412,0
6177,271,271.620,274.424,0
6178,270,271.636,274.440,0
6179,270,271.648,274.460,0
6180,270,271.664,274.480,0
6181,271,271.676,274.508,0
6182,271,271.700,274.524,0
6183,270,271.724,274.540,0
6184,272,271.744,274.556,0
6185,272,271.772,274.572,0
6186,272,271.800,274.588,0
6187,272,271.828,274.612,0
6188,271,271.852,274.644,0
6189,269,271.868,274.668,0
6190,269,271.876,274.696,0
6191,269,271.888,274.728,0
6192,269,271.892,274.760,0
6193,269,271.900,274.804,0
6194,269,271.904,274.844,0
6195,268,271.912,274.880,0
6196,269,271.912,274.932,0
6197,270,271.924,274.976,0
6198,270,271.944,275.008,0
6199,271,271.964,275.044,0
6200,269,271.988,275.080,0
6201,271,272.004,275.128,0
6202,269,272.024,275.168,0
6203,269,272.036,275.212,0
6204,269,272.044,275.268,0
6205,271,272.048,275.328,0
6206,272,272.060,275.384,0
6207,273,272.080,275.428,0
6208,274,272.104,275.468,0
6209,274,272.136,275.508,0
6210,273,272.160,275.540,0
6211,273,272.176,275.568,0
6212,273,272.184,275.588,0
6213,273,272.188,275.612,0
6214,273,272.196,275.644,0
6215,273,272.208,275.664,0
6216,274,272.224,275.692,0
6217,275,272.236,275.724,0
6218,276,272.244,275.744,0
6219,276,272.260,275.760,0
6220,276,272.276,275.784,0
6221,276,272.292,275.808,0
6222,276,272.304,275.836,0
6223,276,272.312,275.868,0
6224,276,272.320,275.904,0
6225,278,272.324,275.948,0
6226,277,272.336,275.980,0
6227,277,272.344,276.012,0
6228,276,272.348,276.052,0
6229,274,272.348,276.084,0
6230,273,272.340,276.108,0
6231,273,272.324,276.124,0
6232,274,272.308,276.156,0
6233,275,272.296,276.184,0
6234,275,272.288,276.220,0
6235,276,272.284,276.264,0
6236,275,272.280,276.292,0
6237,275,272.276,276.320,0
6238,275,272.268,276.344,0
6239,274,272.264,276.360,0
6240,273,272.260,276.376,0
6241,275,272.252,276.404,0
6242,275,272.256,276.428,0
6243,275,272.264,276.452,0
6244,275,272.276,276.480,0
6245,274,272.292,276.492,0
6246,274,272.304,276.504,0
6247,273,272.316,276.504,0
6248,273,272.328,276.520,0
6249,270,272.340,276.516,0
6250,270,272.340,276.532,0
6251,270,272.344,276.552,0
6252,270,272.340,276.564,0
6253,270,272.332,276.580,0
6254,270,272.320,276.592,0
6255,269,272.304,276.596,0
6256,269,272.280,276.604,0
6257,269,272.252,276.620,0
6258,267,272.224,276.624,0
6259,266,272.188,276.632,0
6260,267,272.144,276.652,0
6261,267,272.104,276.664,0
6262,265,272.064,276.668,0
6263,266,272.008,276.680,0
6264,265,271.960,276.688,0
6265,266,271.908,276.700,0
6266,266,271.864,276.708,0
6267,265,271.824,276.704,0
6268,265,271.788,276.700,0
6269,265,271.752,276.700,0
6270,265,271.708,276.700,0
6271,265,271.656,276.696,0
6272,266,271.608,276.696,0
6273,267,271.564,276.704,0
6274,267,271.524,276.700,0
6275,267,271.488,276.700,0
6276,265,271.456,276.692,0
6277,265,271.416,276.696,0
6278,265,271.376,276.696,0
6279,266,271.336,276.696,0
6280,267,271.304,276.696,0
6281,267,271.276,276.684,0
6282,267,271.252,276.664,0
6283,267,271.232,276.644,0
6284,269,271.212,276.640,0
6285,267,271.204,276.616,0
6286,267,271.192,276.604,0
6287,266,271.180,276.596,0
6288,268,271.164,276.600,0
6289,268,271.156,276.608,0
6290,268,271.152,276.612,0
6291,268,271.152,276.616,0
6292,268,271.144,276.612,0
6293,268,271.140,276.604,0
6294,268,271.136,276.596,0
6295,269,271.132,276.600,0
6296,269,271.132,276.584,0
6297,271,271.132,276.580,0
6298,272,271.140,276.568,0
6299,271,271.152,276.548,0
6300,272,271.160,276.536,0
6301,274,271.160,276.520,0
6302,273,271.164,276.488,0
6303,274,271.164,276.456,0
6304,273,271.172,276.424,0
6305,272,271.176,276.380,0
6306,272,271.180,276.324,0
6307,274,271.184,276.272,0
6308,274,271.200,276.208,0
6309,275,271.220,276.144,0
6310,275,271.240,276.076,0
6311,276,271.252,276.016,0
6312,276,271.268,275.956,0
6313,277,271.292,275.908,0
6314,275,271.312,275.848,0
6315,274,271.324,275.796,0
6316,272,271.328,275.744,0
6317,272,271.324,275.704,0
6318,274,271.316,275.676,0
6319,274,271.316,275.656,0
6320,273,271.316,275.632,0
6321,274,271.304,275.616,0
6322,273,271.300,275.588,0
6323,273,271.292,275.568,0
6324,274,271.284,275.552,0
6325,275,271.280,275.528,0
6326,275,271.272,275.496,0
6327,275,271.264,275.468,0
6328,275,271.256,275.448,0
6329,275,271.260,275.432,0
6330,276,271.268,275.428,0
6331,276,271.280,275.424,0
6332,275,271.288,275.408,0
6333,276,271.288,275.400,0
6334,277,271.288,275.388,0
6335,279,271.296,275.380,0
6336,280,271.312,275.368,0
6337,281,271.336,275.356,0
6338,281,271.356,275.352,0
6339,281,271.376,275.356,0
6340,281,271.400,275.360,0
6341,280,271.420,275.360,0
6342,281,271.436,275.380,0
6343,281,271.448,275.404,0
6344,281,271.464,275.424,0
6345,281,271.484,275.436,0
6346,280,271.500,275.432,0
6347,280,271.512,275.444,0
6348,279,271.532,275.448,0
6349,279,271.556,275.456,0
6350,280,271.572,275.460,0
6351,280,271.592,275.464,0
6352,280,271.612,275.464,0
6353,278,271.636,275.456,0
6354,279,271.652,275.456,0
6355,279,271.672,275.452,0
6356,277,271.696,275.440,0
6357,278,271.712,275.432,0
6358,279,271.732,275.432,0
6359,279,271.756,275.424,0
6360,278,271.780,275.424,0
6361,278,271.796,275.420,0
6362,278,271.812,275.408,0
6363,278,271.824,275.408,0
6364,278,271.840,275.412,0
6365,277,271.860,275.424,0
6366,278,271.880,275.448,0
6367,277,271.904,275.456,0
6368,277,271.924,275.476,0
6369,277,271.944,275.496,0
6370,277,271.968,275.520,0
6371,276,271.988,275.540,0
6372,275,272.004,275.556,0
6373,275,272.012,275.576,0
6374,275,272.020,275.596,0
6375,275,272.024,275.608,0
6376,274,272.032,275.616,0
6377,274,272.040,275.636,0
6378,272,272.056,275.652,0
6379,271,272.072,275.660,0
6380,271,272.080,275.668,0
6381,271,272.096,275.668,0
6382,271,272.108,275.676,0
6383,270,272.116,275.684,0
6384,271,272.124,275.700,0
6385,270,272.136,275.708,0
6386,270,272.140,275.712,0
6387,270,272.140,275.720,0
6388,270,272.140,275.712,0
6389,270,272.140,275.708,0
6390,271,272.144,275.720,0
6391,271,272.152,275.724,0
6392,272,272.160,275.728,0
6393,272,272.168,275.736,0
6394,272,272.184,275.740,0
6395,272,272.204,275.740,0
6396,270,272.224,275.736,0
6397,272,272.228,275.744,0
6398,273,272.240,275.740,0
6399,274,272.268,275.728,0
6400,274,272.296,275.704,0
6401,274,272.324,275.684,0
6402,274,272.352,275.664,0
6403,274,272.384,275.648,0
6404,273,272.416,275.620,0
6405,272,272.440,275.588,0
6406,270,272.452,275.552,0
6407,271,272.448,275.520,0
6408,270,272.448,275.480,0
6409,270,272.444,275.452,0
6410,271,272.444,275.428,0
6411,270,272.448,275.400,0
6412,271,272.452,275.380,0
6413,272,272.464,275.360,0
6414,270,272.480,275.332,0
6415,270,272.492,275.312,0
6416,270,272.496,275.280,0
6417,270,272.496,275.248,0
6418,270,272.504,275.212,0
6419,270,272.508,275.184,0
6420,271,272.516,275.168,0
6421,271,272.524,275.144,0
6422,269,272.528,275.120,0
6423,270,272.528,275.116,0
6424,270,272.532,275.116,0
6425,270,272.532,275.124,0
6426,271,272.532,275.148,0
6427,270,272.532,275.164,0
6428,271,272.528,275.184,0
6429,271,272.532,275.196,0
6430,270,272.536,275.200,0
6431,269,272.536,275.212,0
6432,269,272.528,275.220,0
6433,269,272.520,275.236,0
6434,272,272.516,275.252,0
6435,270,272.516,275.256,0
6436,271,272.508,275.264,0
6437,271,272.504,275.268,0
6438,271,272.500,275.280,0
6439,271,272.500,275.296,0
6440,269,272.508,275.300,0
6441,270,272.508,275.320,0
6442,270,272.512,275.324,0
6443,271,272.516,275.340,0
6444,273,272.524,275.356,0
6445,270,272.540,275.352,0
6446,268,272.548,275.352,0
6447,268,272.544,275.356,0
6448,266,272.536,275.352,0
6449,266,272.520,275.344,0
6450,266,272.500,275.332,0
6451,267,272.488,275.316,0
6452,267,272.472,275.300,0
6453,267,272.464,275.280,0
6454,267,272.456,275.256,0
6455,266,272.448,275.224,0
6456,266,272.428,275.204,0
6457,266,272.404,275.184,0
6458,266,272.376,275.156,0
6459,266,272.344,275.128,0
6460,266,272.312,275.104,0
6461,265,272.284,275.084,0
6462,266,272.252,275.072,0
6463,267,272.224,275.052,0
6464,267,272.200,275.028,0
6465,268,272.176,275.004,0
6466,269,272.156,274.996,0
6467,269,272.136,274.992,0
6468,270,272.112,274.996,0
6469,269,272.088,274.984,0
6470,269,272.060,274.980,0
6471,269,272.032,274.980,0
6472,269,272.004,274.988,0
6473,269,271.976,274.996,0
6474,269,271.948,275.008,0
6475,269,271.920,275.024,0
6476,268,271.884,275.040,0
6477,266,271.848,275.024,0
6478,268,271.804,275.012,0
6479,270,271.772,275.012,0
6480,269,271.756,274.996,0
6481,270,271.740,274.992,0
6482,270,271.728,274.984,0
6483,271,271.712,274.968,0
6484,271,271.696,274.952,0
6485,270,271.680,274.936,0
6486,270,271.656,274.932,0
6487,270,271.636,274.928,0
6488,272,271.616,274.932,0
6489,270,271.604,274.924,0
6490,271,271.588,274.928,0
6491,270,271.580,274.920,0
6492,273,271.560,274.928,0
6493,272,271.552,274.912,0
6494,271,271.540,274.904,0
6495,271,271.524,274.904,0
6496,270,271.512,274.904,0
6497,269,271.496,274.900,0
6498,268,271.480,274.896,0
6499,268,271.460,274.892,0
6500,268,271.452,274.880,0
6501,269,271.444,274.876,0
6502,269,271.440,274.864,0
6503,269,271.436,274.848,0
6504,268,271.432,274.828,0
6505,268,271.424,274.812,0
6506,268,271.420,274.784,0
6507,268,271.416,274.756,0
6508,268,271.412,274.728,0
6509,267,271.416,274.700,0
6510,268,271.420,274.680,0
6511,268,271.424,274.656,0
6512,268,271.428,274.628,0
6513,268,271.440,274.600,0
6514,274,271.448,274.600,0
6515,276,271.484,274.584,0
6516,276,271.524,274.568,0
6517,277,271.564,274.556,0
6518,277,271.612,274.536,0
6519,278,271.660,274.520,0
6520,279,271.712,274.500,0
6521,278,271.768,274.472,0
6522,278,271.820,274.448,0
6523,279,271.868,274.424,0
6524,277,271.916,274.388,0
6525,277,271.956,274.360,0
6526,278,271.996,274.340,0
6527,278,272.048,274.320,0
6528,276,272.100,274.296,0
6529,277,272.144,274.288,0
6530,278,272.188,274.280,0
6531,278,272.232,274.268,0
6532,278,272.276,274.252,0
6533,278,272.320,274.236,0
6534,278,272.364,274.220,0
6535,279,272.400,274.208,0
6536,279,272.448,274.196,0
6537,279,272.496,274.180,0
6538,279,272.548,274.160,0
6539,278,272.592,274.140,0
6540,277,272.632,274.120,0
6541,277,272.668,274.104,0
6542,277,272.704,274.092,0
6543,277,272.740,274.084,0
6544,277,272.776,274.076,0
6545,277,272.812,274.072,0
6546,277,272.844,274.064,0
6547,277,272.876,274.048,0
6548,279,272.900,274.040,0
6549,279,272.928,274.020,0
6550,280,272.960,274.008,0
6551,282,272.992,274.000,0
6552,282,273.024,273.996,0
6553,283,273.060,273.988,0
6554,284,273.096,273.996,0
6555,284,273.140,274.008,0
6556,283,273.188,274.024,0
6557,283,273.232,274.044,0
6558,283,273.268,274.060,0
6559,284,273.304,274.072,0
6560,285,273.340,274.088,0
6561,286,273.380,274.100,0
6562,286,273.420,274.108,0
6563,285,273.460,274.116,0
6564,284,273.492,274.124,0
6565,284,273.528,274.140,0
6566,285,273.568,274.156,0
6567,284,273.620,274.160,0
6568,282,273.668,274.148,0
6569,281,273.700,274.136,0
6570,278,273.728,274.112,0
6571,278,273.748,274.100,0
6572,278,273.764,274.084,0
6573,277,273.784,274.068,0
6574,277,273.800,274.060,0
6575,277,273.812,274.056,0
6576,277,273.820,274.044,0
6577,276,273.828,274.020,0
6578,276,273.832,274.004,0
6579,276,273.836,273.996,0
6580,276,273.840,273.992,0
6581,277,273.840,273.988,0
6582,277,273.844,273.992,0
6583,278,273.852,274.000,0
6584,277,273.860,274.004,0
6585,277,273.860,274.016,0
6586,278,273.852,274.028,0
6587,278,273.844,274.032,0
6588,277,273.832,274.020,0
6589,277,273.816,274.012,0
6590,277,273.800,274.000,0
6591,276,273.784,273.992,0
6592,273,273.768,273.968,0
6593,272,273.736,273.948,0
6594,272,273.700,273.940,0
6595,273,273.664,273.944,0
6596,273,273.632,273.940,0
6597,273,273.604,273.932,0
6598,273,273.576,273.932,0
6599,272,273.552,273.924,0
6600,274,273.524,273.928,0
6601,274,273.500,273.936,0
6602,273,273.476,273.940,0
6603,272,273.448,273.948,0
6604,274,273.424,273.968,0
6605,274,273.404,273.980,0
6606,272,273.384,273.988,0
6607,271,273.364,274.004,0
6608,269,273.336,274.032,0
6609,269,273.296,274.060,0
6610,268,273.256,274.084,0
6611,266,273.216,274.104,0
6612,266,273.168,274.132,0
6613,267,273.120,274.164,0
6614,267,273.076,274.184,0
6615,267,273.032,274.200,0
6616,264,272.992,274.204,0
6617,263,272.936,274.216,0
6618,263,272.880,274.228,0
6619,263,272.824,274.232,0
6620,263,272.768,274.224,0
6621,263,272.712,274.216,0
6622,264,272.660,274.216,0
6623,265,272.616,274.212,0
6624,265,272.576,274.208,0
6625,266,272.536,274.212,0
6626,264,272.500,274.200,0
6627,264,272.460,274.192,0
6628,263,272.420,274.188,0
6629,263,272.384,274.192,0
6630,263,272.352,274.196,0
6631,264,272.320,274.200,0
6632,264,272.292,274.196,0
6633,266,272.264,274.204,0
6634,268,272.248,274.212,0
6635,269,272.236,274.220,0
6636,271,272.232,274.236,0
6637,271,272.236,274.252,0
6638,271,272.240,274.264,0
6639,271,272.244,274.272,0
6640,270,272.248,274.272,0
6641,271,272.244,274.284,0
6642,270,272.244,274.288,0
6643,271,272.236,274.304,0
6644,270,272.232,274.312,0
6645,269,272.224,274.332,0
6646,269,272.212,274.356,0
6647,269,272.208,274.372,0
6648,269,272.196,274.380,0
6649,268,272.180,274.384,0
6650,268,272.156,274.396,0
6651,266,272.132,274.404,0
6652,266,272.100,274.424,0
6653,265,272.068,274.440,0
6654,267,272.032,274.464,0
6655,267,272.008,274.488,0
6656,266,271.988,274.508,0
6657,266,271.972,274.536,0
6658,266,271.952,274.560,0
6659,265,271.936,274.576,0
6660,264,271.916,274.592,0
6661,264,271.888,274.612,0
6662,265,271.864,274.632,0
6663,265,271.840,274.644,0
6664,266,271.812,274.660,0
6665,266,271.796,274.688,0
6666,268,271.780,274.720,0
6667,268,271.772,274.740,0
6668,266,271.764,274.748,0
6669,266,271.748,274.768,0
6670,266,271.732,274.772,0
6671,266,271.712,274.776,0
6672,267,271.692,274.780,0
6673,268,271.684,274.772,0
6674,269,271.676,274.744,0
6675,272,271.672,274.712,0
6676,272,271.680,274.664,0
6677,272,271.684,274.624,0
6678,271,271.692,274.580,0
6679,271,271.692,274.540,0
6680,271,271.692,274.492,0
6681,270,271.696,274.448,0
6682,271,271.700,274.400,0
6683,270,271.708,274.348,0
6684,269,271.712,274.296,0
6685,269,271.700,274.252,0
6686,269,271.696,274.208,0
6687,269,271.688,274.160,0
6688,268,271.680,274.108,0
6689,268,271.668,274.064,0
6690,267,271.656,274.016,0
6691,266,271.648,273.968,0
6692,266,271.632,273.928,0
6693,266,271.616,273.888,0
6694,267,271.596,273.852,0
6695,267,271.572,273.808,0
6696,267,271.560,273.776,0
6697,269,271.556,273.744,0
6698,269,271.560,273.708,0
6699,270,271.572,273.680,0
6700,269,271.588,273.648,0
6701,269,271.600,273.616,0
6702,271,271.608,273.596,0
6703,271,271.624,273.572,0
6704,271,271.640,273.556,0
6705,272,271.656,273.544,0
6706,271,271.680,273.524,0
6707,271,271.700,273.504,0
6708,271,271.720,273.488,0
6709,271,271.740,273.468,0
6710,271,271.760,273.456,0
6711,270,271.780,273.440,0
6712,271,271.800,273.444,0
6713,271,271.820,273.448,0
6714,272,271.836,273.456,0
6715,272,271.856,273.440,0
6716,272,271.872,273.420,0
6717,273,271.884,273.408,0
6718,274,271.900,273.404,0
6719,274,271.916,273.388,0
6720,273,271.936,273.360,0
6721,273,271.952,273.328,0
6722,275,271.968,273.304,0
6723,275,271.992,273.272,0
6724,275,272.016,273.240,0
6725,274,272.040,273.208,0
6726,274,272.060,273.200,0
6727,275,272.084,273.204,0
6728,275,272.120,273.200,0
6729,276,272.148,273.208,0
6730,277,272.172,273.216,0
6731,276,272.204,273.220,0
6732,279,272.228,273.240,0
6733,280,272.264,273.248,0
6734,280,272.300,273.252,0
6735,280,272.336,273.252,0
6736,278,272.376,273.248,0
6737,277,272.408,273.248,0
6738,277,272.436,273.252,0
6739,278,272.456,273.252,0
6740,278,272.488,273.248,0
6741,276,272.516,273.240,0
6742,275,272.540,273.232,0
6743,273,272.548,273.216,0
6744,274,272.552,273.208,0
6745,273,272.564,273.184,0
6746,273,272.572,273.164,0
6747,273,272.584,273.144,0
6748,274,272.600,273.124,0
6749,274,272.624,273.104,0
6750,273,272.648,273.080,0
6751,273,272.668,273.056,0
6752,273,272.684,273.044,0
6753,273,272.700,273.036,0
6754,272,272.716,273.028,0
6755,272,272.732,273.044,0
6756,269,272.748,273.052,0
6757,268,272.752,273.072,0
6758,270,272.752,273.100,0
6759,270,272.760,273.120,0
6760,271,272.772,273.148,0
6761,271,272.784,273.176,0
6762,271,272.796,273.204,0
6763,271,272.808,273.236,0
6764,271,272.820,273.264,0
6765,270,272.808,273.284,0
6766,271,272.784,273.308,0
6767,270,272.764,273.320,0
6768,271,272.736,273.332,0
6769,271,272.712,273.348,0
6770,271,272.684,273.376,0
6771,272,272.652,273.412,0
6772,272,272.628,273.444,0
6773,271,272.604,273.472,0
6774,271,272.572,273.500,0
6775,270,272.548,273.516,0
6776,270,272.520,273.536,0
6777,270,272.488,273.552,0
6778,269,272.456,273.560,0
6779,269,272.428,273.576,0
6780,269,272.396,273.588,0
6781,269,272.360,273.596,0
6782,269,272.324,273.596,0
6783,271,272.288,273.596,0
6784,271,272.260,273.588,0
6785,272,272.232,273.572,0
6786,272,272.204,273.552,0
6787,273,272.176,273.536,0
6788,273,272.152,273.512,0
6789,270,272.128,273.476,0
6790,269,272.096,273.444,0
6791,271,272.064,273.420,0
6792,269,272.040,273.380,0
6793,269,272.008,273.344,0
6794,269,271.976,273.316,0
6795,267,271.944,273.280,0
6796,269,271.904,273.268,0
6797,269,271.872,273.248,0
6798,268,271.840,273.232,0
6799,267,271.796,273.216,0
6800,267,271.748,273.204,0
6801,266,271.696,273.192,0
6802,265,271.632,273.184,0
6803,265,271.564,273.176,0
6804,265,271.492,273.164,0
6805,265,271.416,273.152,0
6806,264,271.340,273.136,0
6807,264,271.264,273.128,0
6808,264,271.188,273.120,0
6809,266,271.112,273.116,0
6810,267,271.040,273.108,0
6811,267,270.968,273.104,0
6812,268,270.892,273.100,0
6813,268,270.820,273.080,0
6814,268,270.752,273.068,0
6815,266,270.688,273.052,0
6816,269,270.616,273.064,0
6817,268,270.552,273.060,0
6818,270,270.488,273.076,0
6819,270,270.440,273.084,0
6820,271,270.396,273.096,0
6821,270,270.368,273.108,0
6822,270,270.336,273.116,0
6823,270,270.304,273.124,0
6824,269,270.276,273.124,0
6825,266,270.244,273.116,0
6826,266,270.200,273.132,0
6827,267,270.156,273.148,0
6828,269,270.120,273.160,0
6829,269,270.092,273.148,0
6830,269,270.064,273.140,0
6831,269,270.036,273.124,0
6832,269,270.004,273.116,0
6833,270,269.972,273.112,0
6834,269,269.940,273.104,0
6835,268,269.908,273.096,0
6836,268,269.872,273.096,0
6837,268,269.832,273.100,0
6838,270,269.792,273.120,0
6839,270,269.764,273.136,0
6840,270,269.736,273.136,0
6841,269,269.708,273.136,0
6842,268,269.680,273.140,0
6843,269,269.660,273.156,0
6844,269,269.648,273.164,0
6845,268,269.636,273.168,0
6846,268,269.616,273.180,0
6847,270,269.596,273.196,0
6848,272,269.584,273.212,0
6849,274,269.580,273.220,0
6850,274,269.588,273.220,0
6851,276,269.588,273.228,0
6852,275,269.596,273.224,0
6853,275,269.604,273.220,0
6854,275,269.616,273.216,0
6855,275,269.620,273.208,0
6856,275,269.624,273.192,0
6857,273,269.636,273.160,0
6858,274,269.644,273.136,0
6859,274,269.664,273.112,0
6860,275,269.684,273.092,0
6861,275,269.712,273.064,0
6862,276,269.748,273.040,0
6863,275,269.788,273.012,0
6864,275,269.820,272.988,0
6865,276,269.852,272.968,0
6866,277,269.888,272.944,0
6867,277,269.940,272.920,0
6868,278,269.996,272.904,0
6869,278,270.056,272.892,0
6870,279,270.116,272.880,0
6871,279,270.180,272.864,0
6872,278,270.244,272.852,0
6873,277,270.300,272.844,0
6874,277,270.348,272.840,0
6875,278,270.396,272.836,0
6876,278,270.444,272.824,0
6877,278,270.500,272.808,0
6878,278,270.556,272.780,0
6879,278,270.616,272.748,0
6880,278,270.676,272.724,0
6881,278,270.736,272.696,0
6882,280,270.792,272.676,0
6883,278,270.856,272.644,0
6884,277,270.904,272.616,0
6885,277,270.940,272.584,0
6886,277,270.972,272.556,0
6887,276,270.996,272.528,0
6888,275,271.016,272.500,0
6889,273,271.032,272.472,0
6890,276,271.040,272.464,0
6891,277,271.064,272.444,0
6892,278,271.088,272.416,0
6893,278,271.120,272.392,0
6894,278,271.148,272.348,0
6895,278,271.180,272.300,0
6896,277,271.216,272.256,0
6897,276,271.248,272.228,0
6898,278,271.276,272.212,0
6899,278,271.312,272.176,0
6900,277,271.352,272.140,0
6901,277,271.388,272.108,0
6902,277,271.432,272.076,0
6903,278,271.476,272.044,0
6904,279,271.528,272.012,0
6905,280,271.576,271.984,0
6906,280,271.628,271.956,0
6907,278,271.684,271.928,0
6908,279,271.732,271.916,0
6909,279,271.784,271.900,0
6910,280,271.840,271.880,0
6911,282,271.904,271.864,0
6912,282,271.976,271.840,0
6913,282,272.044,271.812,0
6914,283,272.112,271.784,0
6915,283,272.180,271.752,0
6916,283,272.248,271.732,0
6917,283,272.308,271.716,0
6918,281,272.368,271.680,0
6919,281,272.428,271.668,0
6920,281,272.488,271.652,0
6921,280,272.548,271.636,0
6922,282,272.604,271.640,0
6923,281,272.664,271.636,0
6924,281,272.716,271.640,0
6925,281,272.764,271.652,0
6926,282,272.800,271.664,0
6927,278,272.840,271.664,0
6928,277,272.864,271.676,0
6929,276,272.888,271.688,0
6930,276,272.908,271.700,0
6931,276,272.928,271.720,0
6932,276,272.952,271.744,0
6933,277,272.972,271.772,0
6934,277,273.000,271.792,0
6935,275,273.032,271.812,0
6936,275,273.056,271.840,0
6937,274,273.080,271.860,0
6938,273,273.100,271.876,0
6939,273,273.120,271.892,0
6940,272,273.140,271.900,0
6941,271,273.160,271.900,0
6942,271,273.180,271.908,0
6943,270,273.200,271.908,0
6944,270,273.216,271.916,0
6945,270,273.228,271.920,0
6946,270,273.240,271.928,0
6947,270,273.252,271.944,0
6948,270,273.256,271.964,0
6949,270,273.260,271.984,0
6950,270,273.260,272.008,0
6951,270,273.264,272.020,0
6952,268,273.268,272.032,0
6953,268,273.256,272.040,0
6954,267,273.244,272.040,0
6955,267,273.228,272.044,0
6956,267,273.208,272.060,0
6957,266,273.192,272.076,0
6958,266,273.172,272.104,0
6959,266,273.152,272.128,0
6960,266,273.132,272.148,0
6961,267,273.112,272.160,0
6962,268,273.100,272.168,0
6963,270,273.088,272.184,0
6964,270,273.084,272.196,0
6965,270,273.076,272.212,0
6966,270,273.068,272.220,0
6967,272,273.060,272.232,0
6968,269,273.056,272.232,0
6969,268,273.036,272.244,0
6970,270,273.012,272.268,0
6971,271,273.000,272.284,0
6972,273,272.992,272.300,0
6973,273,272.984,272.308,0
6974,271,272.976,272.304,0
6975,270,272.960,272.304,0
6976,271,272.944,272.320,0
6977,272,272.932,272.328,0
6978,272,272.920,272.332,0
6979,273,272.908,272.336,0
6980,274,272.896,272.328,0
6981,274,272.884,272.312,0
6982,274,272.876,272.296,0
6983,274,272.856,272.284,0
6984,274,272.832,272.280,0
6985,275,272.808,272.276,0
6986,275,272.788,272.276,0
6987,274,272.776,272.264,0
6988,273,272.764,272.256,0
6989,274,272.748,272.260,0
6990,273,272.732,272.252,0
6991,271,272.712,272.240,0
6992,271,272.692,272.248,0
6993,271,272.676,272.260,0
6994,271,272.668,272.276,0
6995,271,272.656,272.292,0
6996,271,272.648,272.304,0
6997,271,272.640,272.320,0
6998,270,272.632,272.328,0
6999,271,272.616,272.344,0
7000,271,272.604,272.348,0
7001,271,272.596,272.344,0
7002,268,272.588,272.324,0
7003,267,272.568,272.308,0
7004,267,272.544,272.292,0
7005,269,272.524,272.280,0
7006,270,272.512,272.256,0
7007,271,272.516,272.232,0
7008,271,272.528,272.204,0
7009,269,272.532,272.156,0
7010,269,272.528,272.112,0
7011,269,272.520,272.072,0
7012,267,272.512,272.016,0
7013,268,272.496,271.968,0
7014,268,272.484,271.920,0
7015,267,272.472,271.868,0
7016,266,272.460,271.824,0
7017,266,272.440,271.792,0
7018,267,272.424,271.760,0
7019,266,272.408,271.712,0
7020,266,272.388,271.660,0
7021,267,272.368,271.616,0
7022,267,272.348,271.568,0
7023,267,272.328,271.524,0
7024,267,272.312,271.488,0
7025,266,272.296,271.452,0
7026,266,272.280,271.420,0
7027,266,272.264,271.380,0
7028,265,272.248,271.336,0
7029,265,272.232,271.300,0
7030,265,272.216,271.268,0
7031,266,272.200,271.248,0
7032,266,272.188,271.228,0
7033,266,272.176,271.208,0
7034,268,272.156,271.200,0
7035,267,272.144,271.192,0
7036,265,272.124,271.172,0
7037,263,272.096,271.152,0
7038,264,272.056,271.140,0
7039,263,272.020,271.132,0
7040,263,271.992,271.132,0
7041,263,271.968,271.124,0
7042,264,271.936,271.124,0
7043,264,271.916,271.120,0
7044,266,271.896,271.124,0
7045,267,271.884,271.124,0
7046,267,271.884,271.124,0
7047,269,271.876,271.132,0
7048,270,271.876,271.144,0
7049,270,271.884,271.156,0
7050,271,271.896,271.156,0
7051,272,271.912,271.156,0
7052,271,271.936,271.156,0
7053,271,271.960,271.160,0
7054,272,271.984,271.172,0
7055,272,272.012,271.180,0
7056,272,272.040,271.184,0
7057,271,272.072,271.188,0
7058,270,272.100,271.204,0
7059,270,272.124,271.220,0
7060,270,272.140,271.232,0
7061,270,272.152,271.244,0
7062,270,272.164,271.268,0
7063,271,272.172,271.288,0
7064,271,272.184,271.308,0
7065,273,272.196,271.324,0
7066,273,272.224,271.328,0
7067,273,272.240,271.320,0
7068,273,272.260,271.312,0
7069,274,272.272,271.316,0
7070,275,272.288,271.312,0
7071,276,272.304,271.308,0
7072,276,272.328,271.304,0
7073,277,272.352,271.300,0
7074,276,272.380,271.288,0
7075,276,272.408,271.276,0
7076,277,272.448,271.272,0
7077,276,272.492,271.260,0
7078,276,272.528,271.264,0
7079,275,272.556,271.268,0
7080,276,272.580,271.280,0
7081,276,272.608,271.288,0
7082,276,272.636,271.292,0
7083,276,272.664,271.288,0
7084,276,272.688,271.292,0
7085,276,272.716,271.300,0
7086,276,272.748,271.320,0
7087,275,272.780,271.332,0
7088,275,272.808,271.352,0
7089,275,272.828,271.376,0
7090,275,272.848,271.396,0
7091,276,272.868,271.420,0
7092,276,272.896,271.428,0
7093,276,272.928,271.444,0
7094,275,272.956,271.460,0
7095,275,272.980,271.476,0
7096,275,273.008,271.492,0
7097,273,273.036,271.504,0
7098,273,273.048,271.532,0
7099,276,273.052,271.560,0
7100,276,273.060,271.576,0
7101,276,273.068,271.596,0
7102,276,273.068,271.620,0
7103,276,273.072,271.644,0
7104,274,273.076,271.652,0
7105,274,273.072,271.676,0
7106,274,273.068,271.700,0
7107,274,273.064,271.716,0
7108,273,273.068,271.732,0
7109,273,273.064,271.756,0
7110,273,273.060,271.776,0
7111,274,273.052,271.796,0
7112,275,273.048,271.812,0
7113,275,273.044,271.828,0
7114,275,273.044,271.848,0
7115,276,273.044,271.876,0
7116,276,273.044,271.896,0
7117,277,273.040,271.924,0
7118,278,273.040,271.948,0
7119,278,273.040,271.972,0
7120,278,273.040,271.992,0
7121,278,273.036,272.012,0
7122,278,273.032,272.024,0
7123,278,273.032,272.032,0
7124,277,273.036,272.032,0
7125,277,273.036,272.040,0
7126,277,273.032,272.052,0
7127,276,273.028,272.064,0
7128,275,273.020,272.084,0
7129,275,273.008,272.096,0
7130,275,272.996,272.112,0
7131,275,272.984,272.124,0
7132,275,272.972,272.132,0
7133,276,272.952,272.148,0
7134,275,272.944,272.152,0
7135,275,272.936,272.160,0
7136,275,272.928,272.160,0
7137,274,272.920,272.156,0
7138,273,272.912,272.152,0
7139,273,272.904,272.156,0
7140,273,272.904,272.160,0
7141,273,272.892,272.168,0
7142,271,272.876,272.164,0
7143,271,272.848,272.180,0
7144,271,272.820,272.200,0
7145,270,272.792,272.216,0
7146,270,272.760,272.228,0
7147,271,272.732,272.236,0
7148,270,272.712,272.256,0
7149,269,272.680,272.276,0
7150,270,272.644,272.308,0
7151,270,272.616,272.336,0
7152,269,272.588,272.364,0
7153,269,272.556,272.396,0
7154,270,272.520,272.428,0
7155,268,272.484,272.436,0
7156,269,272.436,272.444,0
7157,266,272.392,272.428,0
7158,266,272.344,272.428,0
7159,267,272.292,272.432,0
7160,267,272.244,272.432,0
7161,269,272.192,272.448,0
7162,269,272.140,272.456,0
7163,269,272.088,272.468,0
7164,267,272.036,272.480,0
7165,267,271.972,272.484,0
7166,268,271.908,272.488,0
7167,267,271.848,272.492,0
7168,267,271.784,272.496,0
7169,268,271.728,272.508,0
7170,269,271.676,272.516,0
7171,269,271.628,272.520,0
7172,267,271.584,272.520,0
7173,269,271.524,272.528,0
7174,268,271.476,272.524,0
7175,268,271.424,272.524,0
7176,268,271.372,272.520,0
7177,268,271.316,272.520,0
7178,268,271.276,272.520,0
7179,268,271.240,272.524,0
7180,269,271.208,272.532,0
7181,269,271.180,272.528,0
7182,270,271.152,272.524,0
7183,268,271.128,272.512,0
7184,267,271.092,272.496,0
7185,268,271.052,272.500,0
7186,268,271.024,272.492,0
7187,270,270.996,272.496,0
7188,270,270.980,272.496,0
7189,269,270.968,272.500,0
7190,269,270.952,272.508,0
7191,270,270.940,272.512,0
7192,271,270.936,272.520,0
7193,271,270.936,272.524,0
7194,271,270.940,272.532,0
7195,271,270.944,272.552,0
7196,270,270.948,272.552,0
7197,271,270.948,272.548,0
7198,271,270.952,272.540,0
7199,271,270.956,272.520,0
7200,272,270.960,272.512,0
7201,273,270.968,272.496,0
7202,273,270.980,272.488,0
7203,273,271.000,272.480,0
7204,273,271.020,272.472,0
7205,273,271.044,272.456,0
7206,272,271.068,272.428,0
7207,272,271.088,272.400,0
7208,271,271.112,272.364,0
7209,271,271.132,272.332,0
7210,271,271.152,272.304,0
7211,271,271.172,272.276,0
7212,272,271.188,272.248,0
7213,272,271.204,272.220,0
7214,272,271.212,272.196,0
7215,272,271.220,272.172,0
7216,274,271.228,272.156,0
7217,275,271.244,272.136,0
7218,273,271.256,272.100,0
7219,272,271.272,272.072,0
7220,271,271.288,272.040,0
7221,272,271.292,272.016,0
7222,271,271.296,271.984,0
7223,273,271.288,271.964,0
7224,272,271.288,271.932,0
7225,270,271.292,271.888,0
7226,270,271.292,271.856,0
7227,270,271.288,271.820,0
7228,270,271.280,271.780,0
7229,270,271.272,271.756,0
7230,270,271.260,271.744,0
7231,270,271.244,271.728,0
7232,273,271.228,271.724,0
7233,274,271.224,271.708,0
7234,273,271.224,271.688,0
7235,273,271.220,271.668,0
7236,273,271.212,271.648,0
7237,271,271.204,271.620,0
7238,271,271.192,271.600,0
7239,272,271.184,271.596,0
7240,272,271.176,271.584,0
7241,273,271.172,271.572,0
7242,273,271.180,271.552,0
7243,273,271.188,271.544,0
7244,272,271.196,271.528,0
7245,271,271.200,271.512,0
7246,270,271.200,271.496,0
7247,270,271.196,271.484,0
7248,270,271.192,271.468,0
7249,269,271.192,271.456,0
7250,268,271.184,271.444,0
7251,271,271.172,271.448,0
7252,273,271.172,271.452,0
7253,272,271.192,271.444,0
7254,272,271.212,271.440,0
7255,272,271.232,271.436,0
7256,272,271.244,271.432,0
7257,272,271.252,271.428,0
7258,272,271.256,271.432,0
7259,272,271.260,271.440,0
7260,273,271.272,271.444,0
7261,274,271.288,271.452,0
7262,276,271.308,271.472,0
7263,276,271.344,271.480,0
7264,275,271.376,271.488,0
7265,276,271.404,271.524,0
7266,276,271.440,271.564,0
7267,276,271.480,271.608,0
7268,277,271.520,271.660,0
7269,277,271.560,271.708,0
7270,277,271.604,271.760,0
7271,277,271.648,271.816,0
7272,277,271.688,271.864,0
7273,278,271.728,271.912,0
7274,277,271.772,271.956,0
7275,276,271.812,271.992,0
7276,278,271.852,272.048,0
7277,279,271.900,272.104,0
7278,280,271.952,272.160,0
7279,279,272.012,272.196,0
7280,279,272.068,272.236,0
7281,279,272.124,272.280,0
7282,277,272.176,272.316,0
7283,276,272.220,272.356,0
7284,275,272.260,272.388,0
7285,275,272.288,272.432,0
7286,275,272.320,272.480,0
7287,275,272.360,272.532,0
7288,276,272.408,272.580,0
7289,275,272.456,272.620,0
7290,276,272.504,272.664,0
7291,276,272.556,272.700,0
7292,275,272.608,272.732,0
7293,275,272.652,272.768,0
7294,276,272.696,272.808,0
7295,276,272.736,272.840,0
7296,274,272.772,272.864,0
7297,273,272.800,272.884,0
7298,272,272.816,272.900,0
7299,269,272.824,272.920,0
7300,266,272.820,272.936,0
7301,266,272.800,272.960,0
7302,266,272.776,272.996,0
7303,266,272.756,273.028,0
7304,267,272.736,273.072,0
7305,267,272.716,273.120,0
7306,268,272.696,273.172,0
7307,266,272.680,273.200,0
7308,265,272.660,273.232,0
7309,264,272.640,273.260,0
7310,264,272.616,273.296,0
7311,266,272.592,273.340,0
7312,266,272.576,273.380,0
7313,264,272.560,273.408,0
7314,265,272.532,273.452,0
7315,265,272.508,273.492,0
7316,265,272.476,273.540,0
7317,264,272.444,273.588,0
7318,264,272.408,273.628,0
7319,264,272.372,273.660,0
7320,264,272.332,273.692,0
7321,265,272.288,273.712,0
7322,266,272.244,273.736,0
7323,266,272.204,273.756,0
7324,266,272.160,273.768,0
7325,266,272.120,273.776,0
7326,268,272.080,273.792,0
7327,268,272.044,273.800,0
7328,267,272.012,273.800,0
7329,265,271.976,273.796,0
7330,265,271.936,273.796,0
7331,265,271.892,273.796,0
7332,266,271.848,273.808,0
7333,267,271.808,273.816,0
7334,267,271.772,273.820,0
7335,264,271.736,273.800,0
7336,263,271.688,273.784,0
7337,263,271.636,273.772,0
7338,264,271.588,273.764,0
7339,264,271.544,273.748,0
7340,266,271.500,273.740,0
7341,266,271.464,273.728,0
7342,266,271.424,273.708,0
7343,266,271.384,273.676,0
7344,265,271.344,273.636,0
7345,266,271.304,273.604,0
7346,266,271.268,273.576,0
7347,266,271.232,273.548,0
7348,263,271.204,273.512,0
7349,263,271.164,273.488,0
7350,263,271.112,273.456,0
7351,262,271.060,273.428,0
7352,262,271.004,273.404,0
7353,263,270.948,273.388,0
7354,263,270.896,273.360,0
7355,262,270.852,273.336,0
7356,262,270.804,273.324,0
7357,263,270.756,273.304,0
7358,263,270.712,273.272,0
7359,264,270.672,273.236,0
7360,265,270.636,273.204,0
7361,265,270.604,273.164,0
7362,265,270.568,273.116,0
7363,266,270.528,273.072,0
7364,266,270.492,273.028,0
7365,266,270.456,272.988,0
7366,267,270.416,272.948,0
7367,266,270.380,272.892,0
7368,268,270.336,272.844,0
7369,269,270.296,272.792,0
7370,267,270.260,272.728,0
7371,267,270.216,272.676,0
7372,268,270.172,272.632,0
7373,268,270.132,272.588,0
7374,267,270.092,272.544,0
7375,266,270.052,272.500,0
7376,266,270.008,272.468,0
7377,265,269.964,272.424,0
7378,265,269.920,272.392,0
7379,265,269.880,272.360,0
7380,265,269.840,272.328,0
7381,266,269.800,272.300,0
7382,265,269.764,272.268,0
7383,267,269.724,272.252,0
7384,265,269.688,272.224,0
7385,266,269.648,272.220,0
7386,267,269.612,272.220,0
7387,265,269.580,272.216,0
7388,265,269.544,272.220,0
7389,265,269.512,272.224,0
7390,265,269.480,272.224,0
7391,265,269.448,272.220,0
7392,268,269.416,272.228,0
7393,268,269.404,272.220,0
7394,269,269.392,272.220,0
7395,269,269.384,272.212,0
7396,269,269.380,272.208,0
7397,269,269.376,272.196,0
7398,268,269.368,272.176,0
7399,268,269.360,272.156,0
7400,269,269.356,272.136,0
7401,270,269.352,272.116,0
7402,269,269.352,272.080,0
7403,267,269.352,272.040,0
7404,266,269.344,272.004,0
7405,265,269.328,271.980,0
7406,264,269.316,271.964,0
7407,263,269.296,271.940,0
7408,263,269.284,271.924,0
7409,265,269.272,271.916,0
7410,265,269.264,271.892,0
7411,264,269.256,271.864,0
7412,267,269.236,271.848,0
7413,267,269.228,271.820,0
7414,267,269.220,271.800,0
7415,267,269.220,271.784,0
7416,267,269.220,271.768,0
7417,267,269.216,271.760,0
7418,267,269.216,271.752,0
7419,267,269.216,271.736,0
7420,267,269.212,271.716,0
7421,268,269.204,271.700,0
7422,269,269.200,271.692,0
7423,270,269.208,271.684,0
7424,269,269.212,271.672,0
7425,269,269.216,271.668,0
7426,268,269.220,271.668,0
7427,268,269.220,271.676,0
7428,267,269.220,271.676,0
7429,267,269.216,271.676,0
7430,267,269.212,271.680,0
7431,268,269.204,271.692,0
7432,268,269.200,271.696,0
7433,268,269.192,271.704,0
7434,266,269.192,271.688,0
7435,267,269.188,271.688,0
7436,266,269.184,271.676,0
7437,265,269.176,271.664,0
7438,266,269.156,271.660,0
7439,267,269.140,271.652,0
7440,266,269.132,271.644,0
7441,266,269.120,271.632,0
7442,267,269.104,271.620,0
7443,268,269.088,271.604,0
7444,267,269.076,271.572,0
7445,269,269.060,271.568,0
7446,270,269.052,271.568,0
7447,270,269.052,271.564,0
7448,270,269.048,271.576,0
7449,269,269.044,271.584,0
7450,270,269.036,271.604,0
7451,271,269.028,271.616,0
7452,271,269.020,271.624,0
7453,271,269.012,271.640,0
7454,271,269.004,271.656,0
7455,270,268.996,271.672,0
7456,271,268.984,271.700,0
7457,270,268.980,271.716,0
7458,273,268.972,271.748,0
7459,273,268.980,271.768,0
7460,272,268.988,271.784,0
7461,272,268.992,271.808,0
7462,272,268.996,271.824,0
7463,272,268.996,271.840,0
7464,273,268.996,271.860,0
7465,274,269.000,271.880,0
7466,274,269.008,271.892,0
7467,274,269.008,271.904,0
7468,274,269.004,271.916,0
7469,273,269.008,271.932,0
7470,272,269.012,271.948,0
7471,272,269.016,271.964,0
7472,272,269.016,271.980,0
7473,273,269.020,272.008,0
7474,273,269.020,272.032,0
7475,274,269.024,272.060,0
7476,274,269.040,272.084,0
7477,275,269.056,272.120,0
7478,275,269.076,272.148,0
7479,275,269.096,272.168,0
7480,274,269.116,272.192,0
7481,275,269.132,272.224,0
7482,275,269.152,272.248,0
7483,276,269.160,272.284,0
7484,276,269.168,272.320,0
7485,276,269.180,272.360,0
7486,278,269.192,272.408,0
7487,278,269.212,272.440,0
7488,278,269.240,272.460,0
7489,278,269.268,272.488,0
7490,279,269.292,272.520,0
7491,279,269.320,272.552,0
7492,279,269.344,272.564,0
7493,278,269.368,272.572,0
7494,277,269.388,272.576,0
7495,277,269.408,272.588,0
7496,277,269.432,272.600,0
7497,277,269.460,272.616,0
7498,276,269.488,272.632,0
7499,276,269.512,272.656,0
7500,276,269.540,272.680,0
7501,277,269.572,272.700,0
7502,277,269.596,272.716,0
7503,277,269.612,272.732,0
7504,278,269.632,272.756,0
7505,277,269.656,272.768,0
7506,275,269.676,272.776,0
7507,274,269.688,272.776,0
7508,274,269.696,272.776,0
7509,274,269.704,272.788,0
7510,274,269.712,272.796,0
7511,273,269.716,272.804,0
7512,274,269.712,272.820,0
7513,274,269.704,272.832,0
7514,274,269.696,272.820,0
7515,275,269.692,272.804,0
7516,274,269.688,272.776,0
7517,273,269.680,272.748,0
7518,272,269.668,272.716,0
7519,272,269.648,272.688,0
7520,272,269.628,272.656,0
7521,271,269.608,272.624,0
7522,271,269.584,272.600,0
7523,271,269.560,272.572,0
7524,270,269.532,272.544,0
7525,270,269.504,272.520,0
7526,270,269.480,272.488,0
7527,271,269.448,272.460,0
7528,271,269.416,272.436,0
7529,270,269.380,272.400,0
7530,270,269.344,272.364,0
7531,271,269.308,272.332,0
7532,271,269.276,272.296,0
7533,272,269.252,272.264,0
7534,272,269.236,272.236,0
7535,271,269.224,272.200,0
7536,271,269.208,272.172,0
7537,272,269.192,272.148,0
7538,271,269.180,272.120,0
7539,272,269.160,272.104,0
7540,273,269.148,272.080,0
7541,273,269.136,272.048,0
7542,271,269.124,272.016,0
7543,270,269.108,271.980,0
7544,272,269.088,271.956,0
7545,271,269.072,271.920,0
7546,272,269.052,271.884,0
7547,272,269.044,271.852,0
7548,271,269.040,271.808,0
7549,270,269.036,271.760,0
7550,270,269.040,271.708,0
7551,271,269.056,271.652,0
7552,271,269.076,271.588,0
7553,271,269.096,271.516,0
7554,271,269.116,271.440,0
7555,271,269.132,271.364,0
7556,270,269.148,271.288,0
7557,270,269.156,271.212,0
7558,271,269.172,271.140,0
7559,272,269.196,271.064,0
7560,274,269.228,270.996,0
7561,274,269.268,270.920,0
7562,274,269.300,270.844,0
7563,273,269.332,270.772,0
7564,273,269.368,270.708,0
7565,273,269.400,270.644,0
7566,273,269.432,270.568,0
7567,274,269.464,270.512,0
7568,276,269.504,270.464,0
7569,276,269.552,270.420,0
7570,276,269.600,270.388,0
7571,277,269.648,270.364,0
7572,276,269.696,270.328,0
7573,277,269.736,270.304,0
7574,277,269.780,270.276,0
7575,278,269.824,270.248,0
7576,278,269.872,270.204,0
7577,280,269.912,270.172,0
7578,276,269.960,270.120,0
7579,274,269.996,270.084,0
7580,273,270.032,270.052,0
7581,273,270.064,270.020,0
7582,274,270.096,269.992,0
7583,273,270.128,269.952,0
7584,274,270.152,269.928,0
7585,274,270.180,269.896,0
7586,273,270.220,269.852,0
7587,271,270.260,269.804,0
7588,271,270.292,269.768,0
7589,272,270.320,269.744,0
7590,271,270.352,269.712,0
7591,271,270.372,269.688,0
7592,272,270.392,269.676,0
7593,271,270.416,269.656,0
7594,273,270.436,269.652,0
7595,273,270.468,269.636,0
7596,274,270.496,269.620,0
7597,274,270.528,269.600,0
7598,276,270.560,269.596,0
7599,276,270.612,269.596,0
7600,277,270.664,269.600,0
7601,276,270.720,269.596,0
7602,276,270.776,269.608,0
7603,273,270.832,269.608,0
7604,273,270.872,269.612,0
7605,274,270.912,269.620,0
7606,275,270.960,269.636,0
7607,275,271.012,269.652,0
7608,275,271.060,269.668,0
7609,275,271.108,269.688,0
7610,276,271.152,269.716,0
7611,276,271.196,269.752,0
7612,277,271.240,269.792,0
7613,275,271.288,269.820,0
7614,275,271.324,269.852,0
7615,275,271.360,269.884,0
7616,274,271.396,269.928,0
7617,274,271.424,269.984,0
7618,274,271.456,270.040,0
7619,273,271.480,270.096,0
7620,273,271.496,270.156,0
7621,274,271.520,270.224,0
7622,276,271.548,270.292,0
7623,275,271.580,270.340,0
7624,275,271.608,270.388,0
7625,275,271.640,270.432,0
7626,274,271.676,270.484,0
7627,273,271.708,270.536,0
7628,273,271.740,270.596,0
7629,273,271.772,270.656,0
7630,274,271.804,270.720,0
7631,274,271.840,270.776,0
7632,274,271.872,270.832,0
7633,273,271.908,270.884,0
7634,272,271.932,270.920,0
7635,274,271.960,270.960,0
7636,275,271.992,270.988,0
7637,275,272.024,271.012,0
7638,275,272.064,271.032,0
7639,276,272.104,271.052,0
7640,276,272.148,271.064,0
7641,275,272.192,271.080,0
7642,274,272.232,271.104,0
7643,274,272.256,271.132,0
7644,273,272.280,271.160,0
7645,272,272.296,271.192,0
7646,273,272.308,271.232,0
7647,272,272.324,271.260,0
7648,272,272.336,271.288,0
7649,273,272.352,271.332,0
7650,272,272.372,271.368,0
7651,272,272.384,271.412,0
7652,272,272.392,271.456,0
7653,273,272.404,271.508,0
7654,273,272.428,271.552,0
7655,273,272.456,271.600,0
7656,274,272.488,271.660,0
7657,272,272.528,271.708,0
7658,271,272.564,271.752,0
7659,270,272.596,271.804,0
7660,270,272.616,271.864,0
7661,271,272.636,271.932,0
7662,271,272.664,272.000,0
7663,271,272.680,272.068,0
7664,270,272.696,272.128,0
7665,270,272.708,272.196,0
7666,271,272.720,272.260,0
7667,270,272.736,272.316,0
7668,272,272.748,272.392,0
7669,271,272.768,272.448,0
7670,272,272.784,272.512,0
7671,273,272.804,272.576,0
7672,273,272.824,272.628,0
7673,273,272.840,272.684,0
7674,273,272.852,272.732,0
7675,273,272.868,272.768,0
7676,272,272.884,272.800,0
7677,272,272.900,272.840,0
7678,271,272.916,272.864,0
7679,270,272.932,272.884,0
7680,269,272.944,272.900,0
7681,267,272.952,272.916,0
7682,266,272.948,272.932,0
7683,266,272.940,272.956,0
7684,266,272.932,272.988,0
7685,266,272.932,273.020,0
7686,266,272.928,273.044,0
7687,265,272.928,273.064,0
7688,265,272.928,273.088,0
7689,265,272.924,273.108,0
7690,264,272.916,273.128,0
7691,262,272.908,273.144,0
7692,260,272.892,273.156,0
7693,261,272.864,273.180,0
7694,261,272.836,273.192,0
7695,259,272.812,273.196,0
7696,259,272.772,273.208,0
7697,260,272.728,273.216,0
7698,259,272.688,273.216,0
7699,258,272.644,273.212,0
7700,257,272.600,273.212,0
7701,258,272.548,273.220,0
7702,259,272.496,273.220,0
7703,259,272.448,273.208,0
7704,259,272.400,273.196,0
7705,261,272.352,273.184,0
7706,260,272.316,273.164,0
7707,261,272.272,273.152,0
7708,261,272.236,273.132,0
7709,261,272.188,273.112,0
7710,261,272.140,273.092,0
7711,261,272.096,273.076,0
7712,261,272.052,273.060,0
7713,262,272.008,273.052,0
7714,263,271.968,273.048,0
7715,264,271.928,273.044,0
7716,264,271.888,273.036,0
7717,264,271.848,273.024,0
7718,263,271.808,273.012,0
7719,263,271.764,272.992,0
7720,266,271.724,272.984,0
7721,267,271.700,272.976,0
7722,266,271.680,272.956,0
7723,266,271.656,272.948,0
7724,265,271.628,272.936,0
7725,266,271.596,272.928,0
7726,267,271.564,272.916,0
7727,266,271.536,272.896,0
7728,267,271.500,272.888,0
7729,266,271.468,272.868,0
7730,265,271.432,272.848,0
7731,266,271.396,272.844,0
7732,264,271.360,272.816,0
7733,264,271.316,272.792,0
7734,265,271.268,272.772,0
7735,264,271.224,272.744,0
7736,265,271.176,272.736,0
7737,263,271.124,272.720,0
7738,265,271.064,272.716,0
7739,265,271.012,272.696,0
7740,265,270.960,272.680,0
7741,265,270.904,272.668,0
7742,265,270.848,272.652,0
7743,265,270.792,272.644,0
7744,264,270.740,272.628,0
7745,263,270.688,272.616,0
7746,263,270.632,272.608,0
7747,263,270.576,272.600,0
7748,265,270.520,272.596,0
7749,265,270.476,272.580,0
7750,267,270.432,272.580,0
7751,268,270.396,272.576,0
7752,268,270.360,272.568,0
7753,269,270.324,272.552,0
7754,269,270.292,272.532,0
7755,269,270.256,272.512,0
7756,269,270.224,272.512,0
7757,269,270.200,272.520,0
7758,269,270.180,272.524,0
7759,268,270.160,272.524,0
7760,266,270.136,272.508,0
7761,265,270.104,272.496,0
7762,265,270.072,272.488,0
7763,265,270.036,272.472,0
7764,264,270.000,272.456,0
7765,264,269.960,272.448,0
7766,267,269.916,272.444,0
7767,268,269.888,272.432,0
7768,270,269.868,272.420,0
7769,272,269.860,272.412,0
7770,272,269.860,272.392,0
7771,274,269.860,272.376,0
7772,274,269.872,272.356,0
7773,274,269.884,272.340,0
7774,273,269.896,272.320,0
7775,275,269.908,272.316,0
7776,276,269.928,272.304,0
7777,276,269.952,272.288,0
7778,276,269.972,272.276,0
7779,277,269.992,272.264,0
7780,276,270.020,272.244,0
7781,276,270.044,272.228,0
7782,276,270.064,272.216,0
7783,276,270.084,272.196,0
7784,275,270.100,272.172,0
7785,274,270.112,272.152,0
7786,276,270.124,272.140,0
7787,277,270.144,272.112,0
7788,277,270.164,272.072,0
7789,277,270.188,272.048,0
7790,277,270.208,272.024,0
7791,278,270.224,271.996,0
7792,279,270.244,271.976,0
7793,278,270.276,271.952,0
7794,279,270.308,271.936,0
7795,280,270.336,271.936,0
7796,280,270.372,271.928,0
7797,279,270.404,271.916,0
7798,279,270.432,271.920,0
7799,278,270.464,271.928,0
7800,278,270.496,271.940,0
7801,277,270.528,271.956,0
7802,275,270.552,271.976,0
7803,276,270.568,272.004,0
7804,277,270.588,272.032,0
7805,277,270.612,272.060,0
7806,277,270.636,272.092,0
7807,277,270.664,272.124,0
7808,277,270.692,272.152,0
7809,278,270.716,272.172,0
7810,280,270.740,272.192,0
7811,281,270.764,272.208,0
7812,282,270.792,272.220,0
7813,284,270.824,272.236,0
7814,285,270.868,272.252,0
7815,284,270.916,272.268,0
7816,283,270.960,272.280,0
7817,284,271.000,272.304,0
7818,284,271.040,272.316,0
7819,285,271.072,272.332,0
7820,285,271.108,272.344,0
7821,286,271.144,272.368,0
7822,286,271.180,272.392,0
7823,287,271.220,272.420,0
7824,286,271.260,272.448,0
7825,285,271.296,272.484,0
7826,286,271.324,272.528,0
7827,286,271.356,272.568,0
7828,287,271.380,272.600,0
7829,288,271.424,272.632,0
7830,288,271.480,272.656,0
7831,287,271.540,272.680,0
7832,287,271.596,272.708,0
7833,285,271.648,272.724,0
7834,285,271.696,272.752,0
7835,285,271.740,272.784,0
7836,286,271.784,272.820,0
7837,287,271.836,272.856,0
7838,287,271.900,272.876,0
7839,287,271.964,272.896,0
7840,286,272.024,272.912,0
7841,286,272.084,272.936,0
7842,285,272.144,272.964,0
7843,284,272.196,272.988,0
7844,284,272.248,273.016,0
7845,283,272.292,273.040,0
7846,282,272.332,273.064,0
7847,280,272.364,273.076,0
7848,279,272.388,273.076,0
7849,278,272.400,273.068,0
7850,278,272.408,273.076,0
7851,277,272.412,273.072,0
7852,277,272.416,273.076,0
7853,276,272.420,273.076,0
7854,275,272.432,273.076,0
7855,277,272.440,273.080,0
7856,276,272.452,273.072,0
7857,276,272.456,273.076,0
7858,276,272.460,273.076,0
7859,276,272.464,273.072,0
7860,274,272.468,273.056,0
7861,273,272.460,273.044,0
7862,272,272.448,273.032,0
7863,272,272.428,273.032,0
7864,270,272.416,273.024,0
7865,270,272.396,273.020,0
7866,268,272.376,273.008,0
7867,269,272.352,273.008,0
7868,270,272.332,273.008,0
7869,269,272.316,273.004,0
7870,268,272.300,272.996,0
7871,268,272.280,272.992,0
7872,267,272.256,272.988,0
7873,265,272.220,272.984,0
7874,264,272.180,272.984,0
7875,264,272.136,272.980,0
7876,262,272.092,272.968,0
7877,260,272.044,272.956,0
7878,258,271.992,272.940,0
7879,257,271.932,272.924,0
7880,256,271.868,272.908,0
7881,254,271.796,272.888,0
7882,255,271.716,272.872,0
7883,255,271.640,272.860,0
7884,254,271.568,272.852,0
7885,255,271.496,272.848,0
7886,255,271.420,272.840,0
7887,255,271.340,272.836,0
7888,254,271.260,272.828,0
7889,254,271.176,272.828,0
7890,254,271.088,272.816,0
7891,254,271.000,272.800,0
7892,254,270.916,272.780,0
7893,253,270.836,272.748,0
7894,253,270.752,272.720,0
7895,253,270.672,272.692,0
7896,256,270.596,272.676,0
7897,255,270.528,272.648,0
7898,255,270.460,272.620,0
7899,257,270.392,272.596,0
7900,258,270.328,272.568,0
7901,259,270.272,272.544,0
7902,259,270.220,272.516,0
7903,259,270.168,272.480,0
7904,259,270.112,272.440,0
7905,255,270.056,272.384,0
7906,257,269.984,272.344,0
7907,258,269.916,272.312,0
7908,258,269.860,272.260,0
7909,259,269.808,272.212,0
7910,259,269.764,272.160,0
7911,260,269.720,272.104,0
7912,259,269.676,272.048,0
7913,260,269.628,272.000,0
7914,261,269.584,271.948,0
7915,262,269.548,271.888,0
7916,264,269.516,271.832,0
7917,265,269.488,271.776,0
7918,265,269.468,271.720,0
7919,265,269.440,271.664,0
7920,265,269.416,271.612,0
7921,264,269.388,271.564,0
7922,264,269.352,271.512,0
7923,264,269.316,271.456,0
7924,265,269.280,271.412,0
7925,266,269.248,271.364,0
7926,266,269.220,271.308,0
7927,266,269.196,271.268,0
7928,268,269.172,271.240,0
7929,267,269.160,271.204,0
7930,267,269.148,271.172,0
7931,267,269.140,271.144,0
7932,266,269.140,271.112,0
7933,267,269.140,271.088,0
7934,267,269.144,271.052,0
7935,268,269.148,271.024,0
7936,268,269.156,270.996,0
7937,268,269.164,270.972,0
7938,268,269.176,270.960,0
7939,269,269.188,270.952,0
7940,270,269.204,270.944,0
7941,269,269.228,270.932,0
7942,269,269.256,270.928,0
7943,269,269.292,270.932,0
7944,269,269.324,270.936,0
7945,269,269.356,270.940,0
7946,270,269.396,270.948,0
7947,268,269.440,270.940,0
7948,267,269.472,270.940,0
7949,268,269.504,270.948,0
7950,269,269.544,270.956,0
7951,268,269.592,270.960,0
7952,270,269.632,270.988,0
7953,271,269.676,271.012,0
7954,271,269.724,271.036,0
7955,272,269.772,271.064,0
7956,272,269.816,271.088,0
7957,271,269.864,271.108,0
7958,271,269.904,271.132,0
7959,272,269.944,271.156,0
7960,273,269.988,271.180,0
7961,273,270.036,271.196,0
7962,273,270.084,271.208,0
7963,273,270.132,271.216,0
7964,272,270.176,271.220,0
7965,272,270.212,271.228,0
7966,271,270.244,271.232,0
7967,271,270.272,271.240,0
7968,271,270.300,271.264,0
7969,272,270.332,271.288,0
7970,272,270.368,271.296,0
7971,271,270.392,271.292,0
7972,273,270.408,271.296,0
7973,274,270.436,271.292,0
7974,275,270.468,271.304,0
7975,275,270.508,271.312,0
7976,276,270.544,271.312,0
7977,276,270.580,271.304,0
7978,275,270.620,271.292,0
7979,275,270.652,271.280,0
7980,274,270.688,271.260,0
7981,273,270.724,271.240,0
7982,274,270.752,271.228,0
7983,274,270.792,271.224,0
7984,273,270.832,271.220,0
7985,273,270.864,271.212,0
7986,274,270.900,271.208,0
7987,274,270.936,271.204,0
7988,274,270.980,271.196,0
7989,275,271.016,271.188,0
7990,276,271.056,271.188,0
7991,277,271.100,271.196,0
7992,277,271.148,271.204,0
7993,277,271.196,271.212,0
7994,275,271.244,271.212,0
7995,276,271.288,271.220,0
7996,277,271.340,271.224,0
7997,277,271.396,271.220,0
7998,277,271.452,271.220,0
7999,277,271.500,271.216,0
