seed,tick,pop,energia_media,comida_total,hor_m,hor_sd,desc_m,desc_sd,urg_m,urg_sd,esp_m,esp_sd,modelo,agencia,modelo_do_outro,phi,relato,hon_f,blef_f,autocausa,esc_plano_f,esc_monitor_f
7,0,60,6.000,2080.5,6.383,3.312,0.8154,0.0579,1.943,0.569,2.977,0.883,0.000,0.067,0.000,0.021,0.000,0.300,0.267,0.500,0.300,0.417
7,1,60,7.597,1970.7,6.383,3.312,0.8154,0.0579,1.943,0.569,2.977,0.883,1.000,0.133,0.000,0.045,0.472,0.300,0.267,0.433,0.300,0.417
7,2,60,9.183,1868.1,6.383,3.312,0.8154,0.0579,1.943,0.569,2.977,0.883,0.904,0.117,0.033,0.053,0.263,0.300,0.267,0.317,0.300,0.417
7,3,60,10.797,1770.1,6.383,3.312,0.8154,0.0579,1.943,0.569,2.977,0.883,0.799,0.133,0.000,0.042,0.408,0.300,0.267,0.300,0.300,0.417
7,4,114,6.526,1678.6,6.491,3.250,0.8139,0.0627,1.918,0.562,2.970,0.878,0.816,0.263,0.140,0.037,0.464,0.298,0.246,0.202,0.298,0.430
7,5,118,7.718,1508.5,6.458,3.238,0.8146,0.0619,1.933,0.564,2.975,0.876,0.700,0.186,0.085,0.048,0.584,0.305,0.237,0.169,0.297,0.415
7,6,119,8.976,1356.0,6.412,3.263,0.8139,0.0621,1.936,0.562,2.983,0.876,0.724,0.168,0.109,0.053,0.574,0.303,0.235,0.185,0.294,0.420
7,7,120,10.168,1217.4,6.383,3.264,0.8149,0.0626,1.944,0.567,2.976,0.876,0.742,0.208,0.050,0.074,0.606,0.300,0.242,0.108,0.292,0.425
7,8,177,7.670,1100.5,6.508,3.343,0.8162,0.0657,1.928,0.565,2.953,0.863,0.723,0.260,0.153,0.057,0.591,0.350,0.220,0.130,0.311,0.401
7,9,193,7.951,934.7,6.554,3.330,0.8159,0.0639,1.930,0.560,2.948,0.874,0.703,0.301,0.176,0.060,0.602,0.332,0.249,0.104,0.321,0.394
7,10,200,8.429,797.8,6.535,3.315,0.8145,0.0646,1.931,0.560,2.952,0.870,0.711,0.250,0.145,0.064,0.661,0.330,0.250,0.065,0.320,0.390
7,11,209,8.642,695.8,6.522,3.299,0.8142,0.0647,1.935,0.561,2.961,0.870,0.763,0.364,0.115,0.065,0.635,0.316,0.258,0.072,0.316,0.388
7,12,215,8.818,625.8,6.558,3.296,0.8137,0.0642,1.928,0.555,2.964,0.875,0.714,0.442,0.130,0.070,0.676,0.316,0.256,0.084,0.316,0.391
7,13,224,8.792,573.3,6.545,3.336,0.8125,0.0645,1.931,0.552,2.967,0.873,0.745,0.433,0.138,0.059,0.733,0.317,0.254,0.040,0.312,0.397
7,14,228,8.908,532.1,6.504,3.342,0.8129,0.0645,1.927,0.551,2.983,0.877,0.719,0.355,0.088,0.049,0.787,0.320,0.254,0.079,0.311,0.404
7,15,233,8.929,503.5,6.472,3.367,0.8121,0.0654,1.936,0.551,2.978,0.875,0.720,0.438,0.069,0.047,0.688,0.313,0.262,0.082,0.313,0.399
7,16,239,8.851,488.6,6.464,3.360,0.8120,0.0656,1.928,0.549,2.982,0.872,0.729,0.460,0.075,0.049,0.676,0.314,0.259,0.067,0.322,0.393
7,17,241,8.922,472.8,6.452,3.349,0.8119,0.0654,1.930,0.549,2.981,0.872,0.782,0.469,0.062,0.051,0.673,0.311,0.257,0.071,0.324,0.394
7,18,246,8.876,458.7,6.492,3.338,0.8115,0.0655,1.934,0.551,2.980,0.869,0.724,0.415,0.085,0.043,0.747,0.309,0.268,0.073,0.321,0.398
7,19,253,8.751,446.3,6.486,3.304,0.8126,0.0660,1.931,0.548,2.969,0.868,0.728,0.470,0.067,0.050,0.678,0.308,0.269,0.047,0.316,0.407
7,20,257,8.732,432.8,6.533,3.304,0.8120,0.0661,1.934,0.547,2.966,0.871,0.722,0.436,0.074,0.045,0.697,0.307,0.268,0.089,0.319,0.401
7,21,260,8.733,422.2,6.538,3.301,0.8119,0.0661,1.933,0.545,2.966,0.872,0.778,0.492,0.112,0.046,0.705,0.308,0.265,0.115,0.327,0.396
7,22,265,8.645,417.1,6.528,3.292,0.8117,0.0656,1.940,0.549,2.966,0.872,0.748,0.464,0.094,0.045,0.708,0.309,0.264,0.068,0.325,0.400
7,23,269,8.602,408.2,6.546,3.282,0.8115,0.0655,1.939,0.547,2.966,0.871,0.783,0.446,0.089,0.044,0.722,0.309,0.264,0.059,0.323,0.398
7,24,270,8.652,399.2,6.563,3.287,0.8112,0.0656,1.940,0.546,2.972,0.874,0.700,0.489,0.067,0.040,0.716,0.307,0.263,0.067,0.322,0.396
7,25,272,8.648,395.9,6.544,3.282,0.8115,0.0654,1.942,0.549,2.968,0.873,0.733,0.471,0.074,0.042,0.695,0.309,0.261,0.092,0.320,0.401
7,26,275,8.605,394.4,6.509,3.283,0.8112,0.0652,1.941,0.551,2.962,0.872,0.725,0.502,0.087,0.048,0.644,0.305,0.265,0.073,0.316,0.400
7,27,281,8.466,393.1,6.523,3.288,0.8115,0.0649,1.951,0.554,2.945,0.873,0.776,0.530,0.089,0.047,0.671,0.306,0.267,0.132,0.310,0.402
7,28,281,8.518,388.2,6.523,3.288,0.8115,0.0649,1.951,0.554,2.945,0.873,0.701,0.488,0.103,0.044,0.681,0.306,0.267,0.064,0.310,0.402
7,29,284,8.480,383.5,6.546,3.289,0.8116,0.0647,1.954,0.553,2.935,0.875,0.752,0.482,0.116,0.046,0.651,0.306,0.264,0.063,0.310,0.401
7,30,286,8.468,379.2,6.549,3.282,0.8111,0.0648,1.951,0.552,2.935,0.872,0.734,0.483,0.119,0.040,0.689,0.308,0.266,0.091,0.311,0.399
7,31,288,8.445,377.3,6.569,3.286,0.8117,0.0651,1.949,0.551,2.930,0.873,0.793,0.528,0.097,0.046,0.680,0.309,0.264,0.101,0.312,0.399
7,32,291,8.390,376.0,6.546,3.283,0.8119,0.0648,1.948,0.552,2.929,0.870,0.747,0.495,0.093,0.051,0.662,0.309,0.265,0.096,0.313,0.399
7,33,297,8.255,373.1,6.566,3.280,0.8132,0.0650,1.953,0.552,2.925,0.865,0.748,0.525,0.131,0.047,0.707,0.313,0.263,0.054,0.310,0.397
7,34,298,8.261,368.3,6.560,3.276,0.8132,0.0649,1.950,0.552,2.923,0.865,0.732,0.500,0.101,0.048,0.728,0.312,0.262,0.050,0.309,0.399
7,35,298,8.267,371.2,6.560,3.276,0.8132,0.0649,1.950,0.552,2.923,0.865,0.733,0.527,0.114,0.054,0.653,0.312,0.262,0.060,0.309,0.399
7,36,298,8.288,370.0,6.560,3.276,0.8132,0.0649,1.950,0.552,2.923,0.865,0.715,0.493,0.161,0.047,0.707,0.312,0.262,0.084,0.309,0.399
7,37,300,8.260,366.9,6.560,3.285,0.8131,0.0646,1.946,0.553,2.931,0.868,0.761,0.460,0.117,0.044,0.672,0.310,0.267,0.097,0.310,0.397
7,38,301,8.254,364.9,6.578,3.295,0.8128,0.0648,1.945,0.552,2.933,0.867,0.754,0.475,0.123,0.044,0.642,0.309,0.269,0.103,0.309,0.399
7,39,301,8.276,362.7,6.578,3.295,0.8128,0.0648,1.945,0.552,2.933,0.867,0.758,0.485,0.123,0.042,0.660,0.309,0.269,0.083,0.309,0.399
7,40,304,8.210,362.2,6.615,3.308,0.8132,0.0646,1.946,0.552,2.935,0.866,0.717,0.510,0.105,0.044,0.699,0.312,0.270,0.056,0.306,0.401
7,41,304,8.226,360.5,6.615,3.308,0.8132,0.0646,1.946,0.552,2.935,0.866,0.757,0.520,0.122,0.040,0.656,0.312,0.270,0.082,0.306,0.401
7,42,305,8.211,360.5,6.633,3.317,0.8127,0.0650,1.944,0.552,2.936,0.865,0.770,0.475,0.144,0.044,0.693,0.311,0.272,0.079,0.305,0.403
7,43,306,8.204,357.6,6.637,3.312,0.8133,0.0655,1.942,0.552,2.936,0.864,0.742,0.520,0.105,0.036,0.626,0.314,0.271,0.101,0.307,0.402
7,44,307,8.185,358.0,6.632,3.308,0.8135,0.0656,1.940,0.553,2.938,0.863,0.709,0.508,0.127,0.039,0.694,0.316,0.270,0.068,0.306,0.401
7,45,309,8.141,357.8,6.621,3.300,0.8137,0.0656,1.945,0.554,2.931,0.865,0.726,0.508,0.071,0.038,0.673,0.317,0.269,0.052,0.307,0.401
7,46,309,8.161,353.7,6.621,3.300,0.8137,0.0656,1.945,0.554,2.931,0.865,0.737,0.515,0.113,0.039,0.666,0.317,0.269,0.097,0.307,0.401
7,47,310,8.151,350.9,6.613,3.298,0.8140,0.0657,1.944,0.553,2.932,0.864,0.810,0.503,0.094,0.041,0.670,0.319,0.268,0.077,0.306,0.403
7,48,311,8.132,350.5,6.608,3.294,0.8138,0.0656,1.944,0.552,2.930,0.864,0.709,0.492,0.119,0.041,0.692,0.322,0.267,0.064,0.305,0.402
7,49,312,8.119,348.3,6.619,3.294,0.8137,0.0656,1.944,0.552,2.929,0.862,0.738,0.468,0.122,0.037,0.677,0.321,0.269,0.051,0.308,0.401
7,50,317,7.994,348.6,6.637,3.289,0.8142,0.0656,1.939,0.550,2.927,0.865,0.751,0.530,0.101,0.043,0.688,0.322,0.271,0.069,0.309,0.401
7,51,318,7.965,349.5,6.651,3.293,0.8144,0.0656,1.938,0.550,2.927,0.863,0.807,0.506,0.113,0.037,0.707,0.324,0.270,0.079,0.308,0.403
7,52,319,7.944,347.3,6.658,3.290,0.8145,0.0655,1.937,0.549,2.925,0.863,0.733,0.508,0.116,0.039,0.681,0.323,0.270,0.097,0.307,0.401
7,53,319,7.945,346.1,6.658,3.290,0.8145,0.0655,1.937,0.549,2.925,0.863,0.723,0.555,0.132,0.044,0.698,0.323,0.270,0.078,0.307,0.401
7,54,319,7.945,345.1,6.658,3.290,0.8145,0.0655,1.937,0.549,2.925,0.863,0.704,0.476,0.141,0.039,0.715,0.323,0.270,0.047,0.307,0.401
7,55,319,7.942,345.4,6.658,3.290,0.8145,0.0655,1.937,0.549,2.925,0.863,0.739,0.458,0.103,0.038,0.622,0.323,0.270,0.069,0.307,0.401
7,56,322,7.872,343.2,6.677,3.292,0.8141,0.0658,1.932,0.549,2.923,0.861,0.742,0.565,0.121,0.051,0.636,0.323,0.273,0.075,0.311,0.401
7,57,324,7.816,343.8,6.673,3.284,0.8145,0.0658,1.932,0.549,2.917,0.861,0.736,0.441,0.099,0.040,0.684,0.321,0.272,0.062,0.312,0.401
7,58,324,7.823,339.4,6.673,3.284,0.8145,0.0658,1.932,0.549,2.917,0.861,0.735,0.488,0.117,0.041,0.658,0.321,0.272,0.052,0.312,0.401
7,59,324,7.821,337.6,6.673,3.284,0.8145,0.0658,1.932,0.549,2.917,0.861,0.725,0.491,0.114,0.039,0.625,0.321,0.272,0.074,0.312,0.401
7,60,324,7.808,339.7,6.673,3.284,0.8145,0.0658,1.932,0.549,2.917,0.861,0.724,0.543,0.096,0.044,0.641,0.321,0.272,0.071,0.312,0.401
7,61,324,7.799,340.2,6.673,3.284,0.8145,0.0658,1.932,0.549,2.917,0.861,0.763,0.528,0.114,0.038,0.665,0.321,0.272,0.093,0.312,0.401
7,62,325,7.769,340.1,6.689,3.292,0.8147,0.0658,1.931,0.548,2.913,0.862,0.749,0.498,0.102,0.043,0.669,0.323,0.271,0.077,0.314,0.400
7,63,326,7.740,339.0,6.672,3.302,0.8145,0.0658,1.929,0.549,2.918,0.865,0.734,0.448,0.098,0.041,0.655,0.322,0.270,0.046,0.316,0.399
7,64,326,7.733,338.3,6.672,3.302,0.8145,0.0658,1.929,0.549,2.918,0.865,0.705,0.488,0.113,0.045,0.623,0.322,0.270,0.043,0.316,0.399
7,65,326,7.730,336.7,6.672,3.302,0.8145,0.0658,1.929,0.549,2.918,0.865,0.766,0.417,0.107,0.037,0.649,0.322,0.270,0.043,0.316,0.399
7,66,327,7.690,338.9,6.688,3.310,0.8143,0.0657,1.930,0.549,2.916,0.864,0.749,0.498,0.086,0.042,0.665,0.324,0.269,0.055,0.315,0.398
7,67,327,7.684,337.7,6.688,3.310,0.8143,0.0657,1.930,0.549,2.916,0.864,0.739,0.459,0.076,0.039,0.648,0.324,0.269,0.080,0.315,0.398
7,68,328,7.659,335.1,6.674,3.315,0.8146,0.0659,1.928,0.550,2.916,0.863,0.723,0.567,0.131,0.045,0.635,0.326,0.268,0.113,0.314,0.399
7,69,329,7.630,333.7,6.684,3.315,0.8144,0.0659,1.929,0.550,2.914,0.862,0.740,0.477,0.125,0.041,0.712,0.328,0.267,0.061,0.313,0.398
7,70,329,7.623,332.6,6.684,3.315,0.8144,0.0659,1.929,0.550,2.914,0.862,0.736,0.502,0.131,0.043,0.679,0.328,0.267,0.064,0.313,0.398
7,71,329,7.600,336.3,6.684,3.315,0.8144,0.0659,1.929,0.550,2.914,0.862,0.757,0.486,0.112,0.044,0.650,0.328,0.267,0.070,0.313,0.398
7,72,329,7.590,335.9,6.684,3.315,0.8144,0.0659,1.929,0.550,2.914,0.862,0.738,0.486,0.146,0.043,0.666,0.328,0.267,0.058,0.313,0.398
7,73,329,7.576,336.5,6.684,3.315,0.8144,0.0659,1.929,0.550,2.914,0.862,0.752,0.489,0.106,0.041,0.680,0.328,0.267,0.067,0.313,0.398
7,74,329,7.577,332.5,6.684,3.315,0.8144,0.0659,1.929,0.550,2.914,0.862,0.734,0.489,0.131,0.047,0.662,0.328,0.267,0.061,0.313,0.398
7,75,329,7.572,330.9,6.684,3.315,0.8144,0.0659,1.929,0.550,2.914,0.862,0.735,0.520,0.103,0.044,0.680,0.328,0.267,0.088,0.313,0.398
7,76,330,7.541,330.0,6.694,3.315,0.8146,0.0658,1.932,0.552,2.911,0.863,0.717,0.467,0.097,0.044,0.638,0.327,0.267,0.061,0.312,0.397
7,77,330,7.534,328.9,6.694,3.315,0.8146,0.0658,1.932,0.552,2.911,0.863,0.740,0.530,0.152,0.045,0.691,0.327,0.267,0.073,0.312,0.397
7,78,333,7.448,331.0,6.712,3.316,0.8154,0.0662,1.936,0.554,2.907,0.862,0.729,0.486,0.117,0.046,0.681,0.330,0.267,0.048,0.309,0.396
7,79,333,7.438,329.4,6.712,3.316,0.8154,0.0662,1.936,0.554,2.907,0.862,0.735,0.505,0.153,0.044,0.681,0.330,0.267,0.069,0.309,0.396
7,80,335,7.373,331.6,6.734,3.319,0.8157,0.0661,1.938,0.554,2.901,0.863,0.706,0.516,0.143,0.053,0.673,0.331,0.266,0.081,0.307,0.397
7,81,335,7.363,329.3,6.734,3.319,0.8157,0.0661,1.938,0.554,2.901,0.863,0.712,0.484,0.152,0.044,0.629,0.331,0.266,0.084,0.307,0.397
7,82,335,7.355,326.7,6.734,3.319,0.8157,0.0661,1.938,0.554,2.901,0.863,0.746,0.484,0.134,0.046,0.633,0.331,0.266,0.066,0.307,0.397
7,83,336,7.309,329.4,6.750,3.327,0.8159,0.0661,1.938,0.553,2.902,0.862,0.759,0.488,0.137,0.044,0.676,0.330,0.268,0.101,0.307,0.399
7,84,337,7.266,330.7,6.766,3.334,0.8158,0.0660,1.937,0.552,2.899,0.864,0.720,0.507,0.110,0.047,0.636,0.329,0.270,0.086,0.309,0.398
7,85,337,7.259,327.0,6.766,3.334,0.8158,0.0660,1.937,0.552,2.899,0.864,0.689,0.436,0.142,0.038,0.692,0.329,0.270,0.077,0.309,0.398
7,86,337,7.245,325.8,6.766,3.334,0.8158,0.0660,1.937,0.552,2.899,0.864,0.751,0.496,0.131,0.050,0.653,0.329,0.270,0.056,0.309,0.398
7,87,338,7.205,326.0,6.763,3.330,0.8158,0.0660,1.935,0.553,2.897,0.863,0.802,0.476,0.118,0.045,0.657,0.328,0.269,0.077,0.308,0.399
7,88,339,7.165,325.9,6.770,3.327,0.8155,0.0661,1.934,0.553,2.897,0.862,0.725,0.466,0.124,0.045,0.670,0.327,0.271,0.059,0.307,0.398
7,89,339,7.142,327.3,6.770,3.327,0.8155,0.0661,1.934,0.553,2.897,0.862,0.732,0.487,0.136,0.045,0.654,0.327,0.271,0.068,0.307,0.398
7,90,340,7.099,327.8,6.774,3.323,0.8159,0.0666,1.932,0.553,2.895,0.861,0.726,0.535,0.135,0.047,0.661,0.326,0.271,0.065,0.309,0.397
7,91,340,7.084,326.0,6.774,3.323,0.8159,0.0666,1.932,0.553,2.895,0.861,0.746,0.459,0.150,0.050,0.663,0.326,0.271,0.091,0.309,0.397
7,92,340,7.070,323.7,6.774,3.323,0.8159,0.0666,1.932,0.553,2.895,0.861,0.730,0.424,0.112,0.050,0.683,0.326,0.271,0.076,0.309,0.397
7,93,341,7.033,322.6,6.780,3.320,0.8161,0.0666,1.931,0.552,2.893,0.861,0.721,0.431,0.144,0.044,0.604,0.328,0.270,0.067,0.308,0.396
7,94,342,6.998,320.6,6.795,3.327,0.8158,0.0666,1.932,0.551,2.889,0.863,0.731,0.439,0.140,0.042,0.604,0.327,0.272,0.067,0.307,0.395
7,95,342,6.966,323.8,6.795,3.327,0.8158,0.0666,1.932,0.551,2.889,0.863,0.768,0.468,0.149,0.048,0.637,0.327,0.272,0.073,0.307,0.395
7,96,342,6.944,323.8,6.795,3.327,0.8158,0.0666,1.932,0.551,2.889,0.863,0.718,0.485,0.152,0.053,0.662,0.327,0.272,0.070,0.307,0.395
7,97,342,6.927,322.3,6.795,3.327,0.8158,0.0666,1.932,0.551,2.889,0.863,0.795,0.491,0.155,0.050,0.639,0.327,0.272,0.076,0.307,0.395
7,98,342,6.912,320.1,6.795,3.327,0.8158,0.0666,1.932,0.551,2.889,0.863,0.750,0.494,0.146,0.050,0.646,0.327,0.272,0.073,0.307,0.395
7,99,341,6.900,323.3,6.812,3.317,0.8161,0.0665,1.931,0.552,2.886,0.862,0.730,0.513,0.158,0.047,0.562,0.328,0.273,0.067,0.308,0.393
7,100,341,6.866,327.8,6.812,3.317,0.8161,0.0665,1.931,0.552,2.886,0.862,0.718,0.504,0.144,0.053,0.618,0.328,0.273,0.070,0.308,0.393
7,101,341,6.847,326.8,6.812,3.317,0.8161,0.0665,1.931,0.552,2.886,0.862,0.769,0.481,0.144,0.048,0.682,0.328,0.273,0.076,0.308,0.393
7,102,342,6.816,323.2,6.822,3.317,0.8159,0.0666,1.930,0.551,2.886,0.861,0.736,0.480,0.120,0.047,0.620,0.327,0.275,0.082,0.310,0.392
7,103,343,6.775,323.0,6.816,3.313,0.8160,0.0666,1.932,0.551,2.883,0.861,0.715,0.429,0.143,0.039,0.588,0.327,0.274,0.067,0.312,0.391
7,104,343,6.750,323.6,6.816,3.313,0.8160,0.0666,1.932,0.551,2.883,0.861,0.726,0.478,0.137,0.051,0.639,0.327,0.274,0.035,0.312,0.391
7,105,345,6.682,325.6,6.820,3.310,0.8162,0.0665,1.931,0.551,2.882,0.860,0.744,0.484,0.139,0.052,0.639,0.328,0.272,0.070,0.313,0.388
7,106,345,6.657,325.4,6.820,3.310,0.8162,0.0665,1.931,0.551,2.882,0.860,0.757,0.504,0.145,0.063,0.660,0.328,0.272,0.078,0.313,0.388
7,107,345,6.634,324.6,6.820,3.310,0.8162,0.0665,1.931,0.551,2.882,0.860,0.773,0.446,0.171,0.050,0.668,0.328,0.272,0.110,0.313,0.388
7,108,346,6.598,322.2,6.824,3.305,0.8167,0.0670,1.930,0.551,2.881,0.858,0.719,0.483,0.139,0.060,0.634,0.329,0.272,0.069,0.315,0.387
7,109,346,6.576,321.2,6.855,3.302,0.8166,0.0670,1.926,0.551,2.879,0.860,0.722,0.454,0.133,0.049,0.631,0.329,0.275,0.075,0.315,0.387
7,110,346,6.558,318.6,6.855,3.302,0.8166,0.0670,1.926,0.551,2.879,0.860,0.716,0.451,0.199,0.044,0.664,0.329,0.275,0.090,0.315,0.387
7,111,344,6.579,316.2,6.890,3.281,0.8168,0.0669,1.923,0.551,2.877,0.860,0.768,0.451,0.172,0.045,0.620,0.331,0.276,0.073,0.314,0.387
7,112,344,6.552,317.6,6.890,3.281,0.8168,0.0669,1.923,0.551,2.877,0.860,0.713,0.465,0.142,0.050,0.630,0.331,0.276,0.090,0.314,0.387
7,113,344,6.532,316.5,6.890,3.281,0.8168,0.0669,1.923,0.551,2.877,0.860,0.746,0.407,0.180,0.043,0.592,0.331,0.276,0.055,0.314,0.387
7,114,344,6.497,320.6,6.890,3.281,0.8168,0.0669,1.923,0.551,2.877,0.860,0.704,0.506,0.166,0.054,0.649,0.331,0.276,0.073,0.314,0.387
7,115,343,6.493,320.4,6.901,3.279,0.8167,0.0670,1.924,0.551,2.879,0.861,0.747,0.487,0.152,0.057,0.616,0.332,0.274,0.076,0.315,0.388
7,116,345,6.440,318.3,6.916,3.276,0.8170,0.0670,1.923,0.552,2.875,0.860,0.705,0.487,0.186,0.051,0.611,0.333,0.272,0.084,0.319,0.386
7,117,345,6.418,317.5,6.916,3.276,0.8170,0.0670,1.923,0.552,2.875,0.860,0.722,0.519,0.130,0.053,0.654,0.333,0.272,0.084,0.319,0.386
7,118,345,6.388,319.5,6.916,3.276,0.8170,0.0670,1.923,0.552,2.875,0.860,0.725,0.432,0.157,0.044,0.621,0.333,0.272,0.070,0.319,0.386
7,119,345,6.355,322.4,6.916,3.276,0.8170,0.0670,1.923,0.552,2.875,0.860,0.725,0.554,0.145,0.054,0.596,0.333,0.272,0.099,0.319,0.386
7,120,344,6.343,324.1,6.910,3.279,0.8169,0.0670,1.924,0.553,2.878,0.860,0.699,0.439,0.166,0.052,0.638,0.334,0.273,0.087,0.320,0.384
7,121,343,6.339,323.7,6.907,3.283,0.8173,0.0668,1.923,0.553,2.875,0.859,0.731,0.525,0.178,0.053,0.587,0.335,0.271,0.125,0.318,0.385
7,122,343,6.312,325.2,6.936,3.284,0.8173,0.0668,1.926,0.552,2.867,0.855,0.748,0.434,0.134,0.050,0.660,0.338,0.268,0.090,0.315,0.385
7,123,343,6.297,322.4,6.936,3.284,0.8173,0.0668,1.926,0.552,2.867,0.855,0.728,0.426,0.178,0.045,0.626,0.338,0.268,0.076,0.315,0.385
7,124,343,6.272,323.2,6.936,3.284,0.8173,0.0668,1.926,0.552,2.867,0.855,0.698,0.510,0.175,0.055,0.636,0.338,0.268,0.099,0.315,0.385
7,125,342,6.258,326.3,6.933,3.288,0.8175,0.0668,1.926,0.553,2.864,0.854,0.698,0.480,0.161,0.059,0.638,0.339,0.269,0.088,0.316,0.386
7,126,341,6.259,324.9,6.950,3.277,0.8174,0.0669,1.928,0.552,2.866,0.854,0.725,0.478,0.147,0.060,0.624,0.337,0.270,0.070,0.317,0.387
7,127,340,6.250,326.8,6.965,3.271,0.8172,0.0669,1.930,0.552,2.867,0.856,0.763,0.471,0.179,0.050,0.595,0.335,0.271,0.103,0.315,0.388
7,128,341,6.211,326.7,6.979,3.277,0.8172,0.0668,1.929,0.551,2.863,0.857,0.701,0.437,0.141,0.053,0.624,0.337,0.270,0.091,0.317,0.387
7,129,341,6.204,322.0,6.979,3.277,0.8172,0.0668,1.929,0.551,2.863,0.857,0.706,0.472,0.155,0.046,0.639,0.337,0.270,0.076,0.317,0.387
7,130,340,6.208,319.8,6.991,3.275,0.8173,0.0668,1.931,0.551,2.865,0.857,0.713,0.471,0.124,0.054,0.661,0.338,0.271,0.079,0.315,0.388
7,131,338,6.224,320.5,7.012,3.272,0.8171,0.0670,1.931,0.550,2.867,0.859,0.746,0.456,0.145,0.048,0.583,0.340,0.269,0.086,0.314,0.388
7,132,337,6.218,322.8,7.027,3.258,0.8175,0.0671,1.933,0.552,2.856,0.856,0.707,0.418,0.128,0.044,0.610,0.344,0.270,0.086,0.315,0.383
7,133,336,6.204,327.5,7.021,3.261,0.8177,0.0670,1.932,0.552,2.857,0.857,0.743,0.536,0.140,0.059,0.611,0.345,0.271,0.077,0.312,0.384
7,134,335,6.207,327.2,7.024,3.265,0.8177,0.0671,1.930,0.552,2.852,0.855,0.696,0.463,0.143,0.050,0.635,0.346,0.269,0.087,0.310,0.385
7,135,335,6.189,327.9,7.024,3.265,0.8177,0.0671,1.930,0.552,2.852,0.855,0.695,0.424,0.161,0.050,0.596,0.346,0.269,0.069,0.310,0.385
7,136,334,6.197,326.3,7.033,3.266,0.8176,0.0672,1.932,0.551,2.852,0.856,0.709,0.500,0.156,0.052,0.618,0.347,0.269,0.105,0.311,0.383
7,137,335,6.154,329.3,7.048,3.272,0.8178,0.0672,1.932,0.551,2.854,0.855,0.721,0.472,0.185,0.055,0.626,0.346,0.272,0.104,0.310,0.385
7,138,334,6.162,327.6,7.060,3.270,0.8178,0.0672,1.934,0.551,2.856,0.856,0.706,0.416,0.159,0.053,0.614,0.347,0.269,0.102,0.308,0.386
7,139,334,6.144,328.5,7.060,3.270,0.8178,0.0672,1.934,0.551,2.856,0.856,0.701,0.410,0.147,0.050,0.620,0.347,0.269,0.075,0.308,0.386
7,140,334,6.131,327.8,7.060,3.270,0.8178,0.0672,1.934,0.551,2.856,0.856,0.706,0.482,0.150,0.050,0.610,0.347,0.269,0.090,0.308,0.386
7,141,334,6.117,327.4,7.060,3.270,0.8178,0.0672,1.934,0.551,2.856,0.856,0.717,0.491,0.153,0.050,0.627,0.347,0.269,0.087,0.308,0.386
7,142,335,6.086,326.8,7.078,3.256,0.8187,0.0670,1.940,0.554,2.855,0.854,0.748,0.484,0.164,0.050,0.648,0.349,0.269,0.072,0.307,0.385
7,143,331,6.143,327.3,7.091,3.257,0.8190,0.0671,1.935,0.551,2.846,0.853,0.720,0.441,0.142,0.046,0.656,0.353,0.263,0.088,0.302,0.390
7,144,331,6.125,329.1,7.091,3.257,0.8190,0.0671,1.935,0.551,2.846,0.853,0.687,0.486,0.157,0.050,0.606,0.353,0.263,0.091,0.302,0.390
7,145,329,6.151,329.1,7.097,3.251,0.8190,0.0669,1.933,0.551,2.838,0.850,0.691,0.460,0.149,0.054,0.640,0.356,0.261,0.098,0.301,0.389
7,146,329,6.137,330.2,7.097,3.251,0.8188,0.0668,1.931,0.549,2.839,0.849,0.737,0.432,0.140,0.048,0.634,0.356,0.261,0.067,0.301,0.389
7,147,327,6.158,332.0,7.131,3.231,0.8190,0.0669,1.931,0.547,2.837,0.847,0.728,0.465,0.135,0.053,0.613,0.358,0.260,0.089,0.300,0.388
7,148,327,6.150,332.1,7.131,3.231,0.8190,0.0669,1.931,0.547,2.837,0.847,0.686,0.465,0.144,0.054,0.599,0.358,0.260,0.083,0.300,0.388
7,149,327,6.134,334.3,7.131,3.231,0.8190,0.0669,1.931,0.547,2.837,0.847,0.709,0.477,0.153,0.051,0.573,0.358,0.260,0.080,0.300,0.388
7,150,327,6.121,335.4,7.141,3.235,0.8192,0.0670,1.928,0.545,2.833,0.847,0.675,0.453,0.174,0.049,0.638,0.361,0.260,0.089,0.303,0.388
7,151,326,6.131,335.3,7.141,3.240,0.8195,0.0668,1.925,0.544,2.832,0.848,0.720,0.429,0.160,0.048,0.610,0.362,0.258,0.080,0.304,0.390
7,152,327,6.111,333.1,7.141,3.235,0.8197,0.0668,1.923,0.544,2.829,0.849,0.709,0.398,0.138,0.051,0.555,0.361,0.260,0.067,0.303,0.391
7,153,327,6.103,332.9,7.141,3.235,0.8197,0.0668,1.923,0.544,2.829,0.849,0.697,0.437,0.165,0.049,0.616,0.361,0.260,0.101,0.303,0.391
7,154,327,6.095,332.6,7.141,3.235,0.8197,0.0668,1.923,0.544,2.829,0.849,0.695,0.480,0.162,0.061,0.610,0.361,0.260,0.122,0.303,0.391
7,155,327,6.084,333.3,7.141,3.235,0.8197,0.0668,1.923,0.544,2.829,0.849,0.699,0.431,0.153,0.047,0.643,0.361,0.260,0.083,0.303,0.391
7,156,326,6.093,333.6,7.126,3.228,0.8196,0.0669,1.923,0.545,2.828,0.850,0.704,0.417,0.132,0.051,0.599,0.362,0.261,0.104,0.301,0.393
7,157,327,6.064,334.1,7.141,3.235,0.8197,0.0668,1.922,0.544,2.824,0.851,0.738,0.440,0.147,0.052,0.627,0.364,0.260,0.067,0.303,0.391
7,158,327,6.053,334.7,7.141,3.235,0.8197,0.0668,1.922,0.544,2.824,0.851,0.714,0.477,0.168,0.054,0.602,0.364,0.260,0.095,0.303,0.391
7,159,327,6.047,333.9,7.141,3.235,0.8197,0.0668,1.922,0.544,2.824,0.851,0.686,0.391,0.168,0.050,0.631,0.364,0.260,0.061,0.303,0.391
7,160,327,6.037,334.2,7.141,3.235,0.8197,0.0668,1.922,0.544,2.824,0.851,0.698,0.425,0.187,0.042,0.582,0.364,0.260,0.067,0.303,0.391
7,161,327,6.018,337.1,7.141,3.235,0.8197,0.0668,1.922,0.544,2.824,0.851,0.703,0.434,0.174,0.050,0.587,0.364,0.260,0.089,0.303,0.391
7,162,327,6.015,335.1,7.141,3.235,0.8197,0.0668,1.922,0.544,2.824,0.851,0.686,0.483,0.193,0.048,0.639,0.364,0.260,0.092,0.303,0.391
7,163,328,5.978,337.8,7.152,3.237,0.8195,0.0668,1.923,0.544,2.821,0.852,0.752,0.518,0.162,0.050,0.677,0.363,0.259,0.095,0.302,0.390
7,164,329,5.948,338.3,7.161,3.236,0.8197,0.0668,1.922,0.543,2.822,0.851,0.693,0.474,0.164,0.050,0.648,0.365,0.258,0.064,0.301,0.392
7,165,327,5.974,338.3,7.135,3.227,0.8196,0.0663,1.925,0.545,2.828,0.849,0.665,0.437,0.183,0.051,0.605,0.367,0.260,0.080,0.300,0.391
7,166,327,5.970,336.4,7.135,3.227,0.8196,0.0663,1.925,0.545,2.828,0.849,0.711,0.413,0.144,0.051,0.578,0.367,0.260,0.070,0.300,0.391
7,167,327,5.964,335.2,7.135,3.227,0.8196,0.0663,1.925,0.545,2.828,0.849,0.744,0.465,0.199,0.054,0.607,0.367,0.260,0.095,0.300,0.391
7,168,328,5.935,335.9,7.149,3.234,0.8194,0.0662,1.924,0.545,2.824,0.851,0.674,0.439,0.146,0.048,0.653,0.366,0.262,0.070,0.302,0.390
7,169,329,5.901,337.6,7.155,3.230,0.8191,0.0664,1.923,0.544,2.825,0.850,0.673,0.486,0.182,0.053,0.647,0.368,0.261,0.109,0.304,0.389
7,170,328,5.910,336.7,7.162,3.233,0.8194,0.0662,1.924,0.544,2.824,0.851,0.717,0.476,0.204,0.058,0.569,0.366,0.262,0.101,0.305,0.390
7,171,328,5.896,337.6,7.162,3.233,0.8194,0.0662,1.924,0.544,2.824,0.851,0.735,0.457,0.165,0.054,0.657,0.366,0.262,0.119,0.305,0.390
7,172,328,5.888,336.8,7.162,3.233,0.8194,0.0662,1.924,0.544,2.824,0.851,0.688,0.451,0.162,0.056,0.613,0.366,0.262,0.104,0.305,0.390
7,173,328,5.885,334.5,7.162,3.233,0.8194,0.0662,1.924,0.544,2.824,0.851,0.693,0.442,0.165,0.055,0.597,0.366,0.262,0.128,0.305,0.390
7,174,329,5.864,332.1,7.170,3.232,0.8194,0.0661,1.925,0.544,2.822,0.851,0.667,0.489,0.170,0.054,0.613,0.368,0.261,0.100,0.304,0.389
7,175,328,5.877,330.5,7.174,3.236,0.8196,0.0662,1.925,0.545,2.819,0.851,0.691,0.378,0.180,0.050,0.628,0.369,0.262,0.073,0.305,0.387
7,176,327,5.889,329.5,7.193,3.223,0.8197,0.0663,1.927,0.544,2.814,0.847,0.696,0.462,0.187,0.057,0.642,0.370,0.263,0.073,0.303,0.388
7,177,327,5.877,330.6,7.193,3.223,0.8197,0.0663,1.927,0.544,2.814,0.847,0.722,0.425,0.180,0.046,0.613,0.370,0.263,0.104,0.303,0.388
7,178,326,5.889,330.1,7.199,3.226,0.8198,0.0663,1.927,0.544,2.816,0.848,0.711,0.417,0.169,0.056,0.553,0.368,0.264,0.077,0.301,0.390
7,179,326,5.879,330.9,7.199,3.226,0.8198,0.0663,1.927,0.544,2.816,0.848,0.696,0.423,0.138,0.047,0.578,0.368,0.264,0.095,0.301,0.390
7,180,326,5.870,331.3,7.199,3.226,0.8198,0.0663,1.927,0.544,2.816,0.848,0.665,0.411,0.160,0.045,0.583,0.368,0.264,0.089,0.301,0.390
7,181,326,5.854,333.9,7.199,3.226,0.8198,0.0663,1.927,0.544,2.816,0.848,0.757,0.442,0.187,0.053,0.569,0.368,0.264,0.113,0.301,0.390
7,182,326,5.850,332.6,7.199,3.226,0.8198,0.0663,1.927,0.544,2.816,0.848,0.697,0.433,0.178,0.049,0.610,0.368,0.264,0.067,0.301,0.390
7,183,326,5.843,332.3,7.199,3.226,0.8198,0.0663,1.927,0.544,2.816,0.848,0.700,0.469,0.153,0.058,0.596,0.368,0.264,0.101,0.301,0.390
7,184,327,5.818,332.3,7.211,3.228,0.8203,0.0668,1.930,0.546,2.814,0.847,0.683,0.431,0.208,0.055,0.619,0.370,0.263,0.080,0.300,0.388
7,185,327,5.803,334.2,7.211,3.228,0.8203,0.0668,1.930,0.546,2.814,0.847,0.729,0.489,0.174,0.053,0.643,0.370,0.263,0.092,0.300,0.388
7,186,327,5.799,332.5,7.211,3.228,0.8203,0.0668,1.930,0.546,2.814,0.847,0.705,0.462,0.171,0.058,0.650,0.370,0.263,0.098,0.300,0.388
7,187,326,5.801,334.7,7.209,3.232,0.8205,0.0667,1.928,0.546,2.809,0.844,0.710,0.442,0.178,0.057,0.643,0.371,0.264,0.089,0.298,0.390
7,188,326,5.798,333.4,7.209,3.232,0.8205,0.0667,1.928,0.546,2.809,0.844,0.694,0.433,0.199,0.051,0.586,0.371,0.264,0.083,0.298,0.390
7,189,325,5.797,336.6,7.197,3.230,0.8210,0.0663,1.927,0.547,2.811,0.845,0.703,0.431,0.209,0.055,0.582,0.372,0.265,0.105,0.295,0.391
7,190,325,5.789,336.6,7.197,3.230,0.8210,0.0663,1.927,0.547,2.811,0.845,0.696,0.446,0.157,0.053,0.621,0.372,0.265,0.074,0.295,0.391
7,191,325,5.785,335.7,7.197,3.230,0.8210,0.0663,1.927,0.547,2.811,0.845,0.667,0.431,0.169,0.050,0.651,0.372,0.265,0.080,0.295,0.391
7,192,325,5.778,335.7,7.197,3.230,0.8210,0.0663,1.927,0.547,2.811,0.845,0.696,0.455,0.191,0.051,0.609,0.372,0.265,0.092,0.295,0.391
7,193,324,5.789,335.4,7.201,3.235,0.8209,0.0663,1.925,0.546,2.811,0.846,0.707,0.491,0.188,0.058,0.575,0.373,0.265,0.117,0.296,0.389
7,194,324,5.787,334.1,7.201,3.235,0.8209,0.0663,1.925,0.546,2.811,0.846,0.690,0.494,0.185,0.050,0.667,0.373,0.265,0.120,0.296,0.389
7,195,323,5.800,334.0,7.207,3.237,0.8210,0.0664,1.927,0.546,2.813,0.847,0.689,0.406,0.217,0.049,0.654,0.375,0.266,0.105,0.297,0.387
7,196,322,5.803,337.3,7.224,3.229,0.8211,0.0665,1.927,0.547,2.813,0.848,0.704,0.478,0.193,0.053,0.579,0.376,0.267,0.096,0.298,0.388
7,197,321,5.829,333.3,7.240,3.221,0.8211,0.0666,1.927,0.547,2.812,0.849,0.705,0.458,0.150,0.058,0.653,0.377,0.265,0.103,0.299,0.389
7,198,321,5.821,335.1,7.268,3.206,0.8215,0.0668,1.928,0.546,2.805,0.845,0.695,0.458,0.168,0.049,0.636,0.380,0.262,0.097,0.296,0.389
7,199,320,5.831,336.9,7.275,3.208,0.8216,0.0669,1.930,0.546,2.805,0.846,0.679,0.481,0.178,0.056,0.598,0.381,0.259,0.116,0.297,0.391
7,200,320,5.826,337.4,7.275,3.208,0.8216,0.0669,1.930,0.546,2.805,0.846,0.684,0.475,0.181,0.059,0.600,0.381,0.259,0.097,0.297,0.391
7,201,320,5.821,338.4,7.275,3.208,0.8216,0.0669,1.930,0.546,2.805,0.846,0.714,0.422,0.194,0.055,0.558,0.381,0.259,0.091,0.297,0.391
7,202,319,5.836,338.8,7.292,3.200,0.8216,0.0670,1.930,0.547,2.805,0.847,0.695,0.429,0.144,0.052,0.599,0.382,0.260,0.082,0.298,0.392
7,203,320,5.815,339.2,7.303,3.201,0.8218,0.0670,1.930,0.546,2.806,0.846,0.700,0.472,0.153,0.056,0.652,0.384,0.259,0.106,0.297,0.391
7,204,320,5.810,339.8,7.303,3.201,0.8218,0.0670,1.930,0.546,2.806,0.846,0.673,0.425,0.166,0.044,0.630,0.384,0.259,0.072,0.297,0.391
7,205,320,5.807,339.9,7.303,3.201,0.8218,0.0670,1.930,0.546,2.806,0.846,0.689,0.456,0.159,0.054,0.586,0.384,0.259,0.103,0.297,0.391
7,206,320,5.793,343.1,7.303,3.201,0.8218,0.0670,1.930,0.546,2.806,0.846,0.709,0.403,0.162,0.049,0.578,0.384,0.259,0.112,0.297,0.391
7,207,319,5.805,344.3,7.292,3.200,0.8219,0.0671,1.931,0.546,2.804,0.846,0.712,0.470,0.194,0.051,0.620,0.386,0.257,0.116,0.298,0.392
7,208,319,5.793,347.1,7.292,3.200,0.8219,0.0671,1.931,0.546,2.804,0.846,0.676,0.423,0.194,0.054,0.601,0.386,0.257,0.100,0.298,0.392
7,209,320,5.780,344.6,7.291,3.195,0.8220,0.0670,1.930,0.546,2.800,0.847,0.692,0.406,0.200,0.049,0.608,0.384,0.256,0.119,0.300,0.391
7,210,320,5.774,345.2,7.291,3.195,0.8220,0.0670,1.930,0.546,2.800,0.847,0.684,0.466,0.197,0.054,0.604,0.384,0.256,0.112,0.300,0.391
7,211,320,5.758,348.8,7.291,3.195,0.8220,0.0670,1.930,0.546,2.800,0.847,0.724,0.459,0.200,0.055,0.624,0.384,0.256,0.119,0.300,0.391
7,212,321,5.740,347.4,7.296,3.191,0.8225,0.0674,1.929,0.546,2.800,0.846,0.707,0.467,0.202,0.057,0.584,0.386,0.255,0.100,0.302,0.389
7,213,319,5.783,344.2,7.276,3.189,0.8234,0.0667,1.930,0.547,2.795,0.845,0.719,0.401,0.176,0.058,0.650,0.389,0.251,0.125,0.304,0.386
7,214,319,5.787,342.1,7.276,3.189,0.8234,0.0667,1.930,0.547,2.795,0.845,0.675,0.458,0.144,0.055,0.580,0.389,0.251,0.107,0.304,0.386
7,215,318,5.797,344.1,7.289,3.185,0.8234,0.0668,1.930,0.548,2.796,0.846,0.701,0.399,0.167,0.051,0.584,0.390,0.252,0.110,0.302,0.387
7,216,318,5.797,343.6,7.289,3.185,0.8234,0.0668,1.930,0.548,2.796,0.846,0.678,0.409,0.157,0.052,0.574,0.390,0.252,0.075,0.302,0.387
7,217,318,5.790,345.2,7.289,3.185,0.8234,0.0668,1.930,0.548,2.796,0.846,0.670,0.431,0.160,0.056,0.581,0.390,0.252,0.097,0.302,0.387
7,218,317,5.808,344.9,7.306,3.176,0.8239,0.0664,1.930,0.548,2.798,0.847,0.711,0.457,0.170,0.055,0.619,0.391,0.252,0.098,0.300,0.388
7,219,317,5.799,347.6,7.306,3.176,0.8239,0.0664,1.930,0.548,2.798,0.847,0.710,0.498,0.205,0.060,0.543,0.391,0.252,0.095,0.300,0.388
7,220,317,5.793,349.0,7.306,3.176,0.8239,0.0664,1.930,0.548,2.798,0.847,0.674,0.426,0.177,0.054,0.598,0.391,0.252,0.107,0.300,0.388
7,221,317,5.789,349.7,7.306,3.176,0.8239,0.0664,1.930,0.548,2.798,0.847,0.712,0.461,0.208,0.057,0.610,0.391,0.252,0.095,0.300,0.388
7,222,316,5.808,349.3,7.320,3.172,0.8238,0.0665,1.930,0.549,2.797,0.848,0.693,0.446,0.168,0.064,0.610,0.392,0.250,0.120,0.301,0.386
7,223,316,5.805,350.1,7.320,3.172,0.8238,0.0665,1.930,0.549,2.797,0.848,0.757,0.528,0.165,0.060,0.597,0.392,0.250,0.111,0.301,0.386
7,224,317,5.789,349.1,7.328,3.170,0.8242,0.0668,1.933,0.551,2.794,0.847,0.667,0.420,0.161,0.052,0.608,0.394,0.249,0.098,0.300,0.385
7,225,317,5.786,349.9,7.328,3.170,0.8242,0.0668,1.933,0.551,2.794,0.847,0.648,0.426,0.132,0.050,0.547,0.394,0.249,0.095,0.300,0.385
7,226,317,5.787,348.9,7.328,3.170,0.8242,0.0668,1.933,0.551,2.794,0.847,0.716,0.423,0.189,0.057,0.587,0.394,0.249,0.063,0.300,0.385
7,227,317,5.778,351.2,7.328,3.170,0.8242,0.0668,1.933,0.551,2.794,0.847,0.729,0.457,0.189,0.064,0.600,0.394,0.249,0.101,0.300,0.385
7,228,317,5.784,349.0,7.328,3.170,0.8242,0.0668,1.933,0.551,2.794,0.847,0.668,0.448,0.183,0.064,0.615,0.394,0.249,0.114,0.300,0.385
7,229,317,5.795,345.4,7.328,3.170,0.8242,0.0668,1.933,0.551,2.794,0.847,0.667,0.394,0.202,0.058,0.608,0.394,0.249,0.098,0.300,0.385
7,230,319,5.771,341.4,7.351,3.174,0.8242,0.0666,1.934,0.552,2.789,0.847,0.689,0.473,0.188,0.052,0.622,0.395,0.251,0.103,0.304,0.382
7,231,319,5.758,344.6,7.351,3.174,0.8242,0.0666,1.934,0.552,2.789,0.847,0.665,0.480,0.176,0.059,0.607,0.395,0.251,0.122,0.304,0.382
7,232,319,5.754,345.0,7.351,3.174,0.8242,0.0666,1.934,0.552,2.789,0.847,0.700,0.520,0.185,0.060,0.602,0.395,0.251,0.116,0.304,0.382
7,233,319,5.757,343.2,7.351,3.174,0.8242,0.0666,1.934,0.552,2.789,0.847,0.690,0.467,0.197,0.052,0.623,0.395,0.251,0.129,0.304,0.382
7,234,318,5.767,345.0,7.349,3.179,0.8245,0.0664,1.932,0.551,2.787,0.847,0.696,0.425,0.170,0.059,0.615,0.396,0.252,0.082,0.305,0.384
7,235,318,5.767,344.8,7.349,3.179,0.8245,0.0664,1.932,0.551,2.787,0.847,0.678,0.434,0.157,0.059,0.612,0.396,0.252,0.094,0.305,0.384
7,236,318,5.768,344.1,7.358,3.189,0.8243,0.0664,1.931,0.552,2.785,0.848,0.695,0.456,0.201,0.060,0.614,0.396,0.255,0.097,0.308,0.384
7,237,319,5.746,344.7,7.373,3.194,0.8244,0.0663,1.930,0.551,2.782,0.849,0.704,0.382,0.169,0.052,0.615,0.398,0.254,0.100,0.310,0.382
7,238,319,5.745,344.4,7.373,3.194,0.8244,0.0663,1.930,0.551,2.782,0.849,0.687,0.414,0.166,0.059,0.606,0.398,0.254,0.091,0.310,0.382
7,239,318,5.757,345.3,7.390,3.185,0.8240,0.0661,1.926,0.549,2.784,0.850,0.691,0.462,0.179,0.055,0.616,0.399,0.252,0.091,0.311,0.381
7,240,318,5.752,346.4,7.390,3.185,0.8240,0.0661,1.926,0.549,2.784,0.850,0.675,0.462,0.192,0.061,0.651,0.399,0.252,0.119,0.311,0.381
7,241,317,5.769,346.1,7.382,3.187,0.8241,0.0662,1.928,0.549,2.784,0.851,0.737,0.426,0.186,0.062,0.612,0.401,0.252,0.085,0.312,0.379
7,242,317,5.763,347.6,7.382,3.187,0.8241,0.0662,1.928,0.549,2.784,0.851,0.671,0.451,0.205,0.057,0.571,0.401,0.252,0.098,0.312,0.379
7,243,317,5.772,344.6,7.382,3.187,0.8241,0.0662,1.928,0.549,2.784,0.851,0.690,0.476,0.211,0.053,0.613,0.401,0.252,0.117,0.312,0.379
7,244,317,5.762,347.7,7.382,3.187,0.8241,0.0662,1.928,0.549,2.784,0.851,0.687,0.461,0.139,0.056,0.678,0.401,0.252,0.088,0.312,0.379
7,245,317,5.767,345.8,7.382,3.187,0.8241,0.0662,1.928,0.549,2.784,0.851,0.660,0.470,0.174,0.058,0.572,0.401,0.252,0.082,0.312,0.379
7,246,316,5.787,345.0,7.383,3.191,0.8238,0.0662,1.930,0.549,2.787,0.851,0.685,0.487,0.190,0.062,0.640,0.402,0.253,0.108,0.313,0.377
7,247,315,5.796,348.1,7.390,3.194,0.8240,0.0662,1.927,0.548,2.790,0.850,0.726,0.489,0.178,0.056,0.632,0.403,0.254,0.121,0.314,0.375
7,248,315,5.805,345.8,7.390,3.194,0.8240,0.0662,1.927,0.548,2.790,0.850,0.669,0.438,0.162,0.054,0.647,0.403,0.254,0.121,0.314,0.375
7,249,315,5.800,347.6,7.390,3.194,0.8240,0.0662,1.927,0.548,2.790,0.850,0.692,0.454,0.184,0.052,0.631,0.403,0.254,0.083,0.314,0.375
7,250,315,5.801,347.8,7.390,3.194,0.8240,0.0662,1.927,0.548,2.790,0.850,0.681,0.441,0.190,0.053,0.631,0.403,0.254,0.117,0.314,0.375
7,251,314,5.828,345.5,7.395,3.198,0.8241,0.0663,1.930,0.547,2.792,0.850,0.688,0.468,0.169,0.062,0.598,0.404,0.255,0.089,0.315,0.373
7,252,314,5.829,346.1,7.395,3.198,0.8241,0.0663,1.930,0.547,2.792,0.850,0.660,0.468,0.169,0.063,0.657,0.404,0.255,0.124,0.315,0.373
7,253,314,5.821,349.1,7.395,3.198,0.8241,0.0663,1.930,0.547,2.792,0.850,0.665,0.497,0.204,0.061,0.564,0.404,0.255,0.089,0.315,0.373
7,254,312,5.866,347.7,7.397,3.204,0.8248,0.0664,1.933,0.550,2.790,0.852,0.687,0.439,0.199,0.057,0.664,0.410,0.253,0.128,0.311,0.375
7,255,312,5.865,349.2,7.394,3.207,0.8249,0.0665,1.935,0.553,2.790,0.852,0.672,0.510,0.196,0.059,0.578,0.413,0.253,0.115,0.308,0.378
7,256,310,5.908,349.2,7.394,3.211,0.8249,0.0665,1.934,0.551,2.791,0.854,0.694,0.442,0.200,0.054,0.622,0.416,0.252,0.094,0.310,0.381
7,257,310,5.908,351.1,7.394,3.211,0.8249,0.0665,1.934,0.551,2.791,0.854,0.707,0.448,0.213,0.061,0.624,0.416,0.252,0.113,0.310,0.381
7,258,309,5.938,349.8,7.395,3.216,0.8249,0.0666,1.931,0.550,2.790,0.855,0.704,0.411,0.191,0.052,0.631,0.417,0.252,0.084,0.311,0.382
7,259,309,5.949,348.8,7.395,3.216,0.8249,0.0666,1.931,0.550,2.790,0.855,0.668,0.528,0.204,0.061,0.651,0.417,0.252,0.152,0.311,0.382
7,260,308,5.970,350.7,7.412,3.206,0.8249,0.0667,1.932,0.550,2.790,0.856,0.667,0.461,0.179,0.057,0.662,0.419,0.250,0.094,0.312,0.383
7,261,307,5.995,351.7,7.427,3.202,0.8250,0.0668,1.934,0.550,2.793,0.856,0.686,0.436,0.215,0.060,0.654,0.420,0.251,0.088,0.309,0.384
7,262,307,6.003,352.0,7.427,3.202,0.8250,0.0668,1.934,0.550,2.793,0.856,0.712,0.378,0.176,0.048,0.624,0.420,0.251,0.091,0.309,0.384
7,263,307,6.006,353.8,7.427,3.202,0.8250,0.0668,1.934,0.550,2.793,0.856,0.716,0.466,0.179,0.060,0.608,0.420,0.251,0.091,0.309,0.384
7,264,307,6.015,354.0,7.427,3.202,0.8250,0.0668,1.934,0.550,2.793,0.856,0.672,0.391,0.163,0.050,0.669,0.420,0.251,0.091,0.309,0.384
7,265,307,6.021,354.9,7.427,3.202,0.8250,0.0668,1.934,0.550,2.793,0.856,0.711,0.472,0.166,0.053,0.613,0.420,0.251,0.137,0.309,0.384
7,266,305,6.068,355.2,7.439,3.202,0.8246,0.0667,1.932,0.549,2.799,0.856,0.731,0.423,0.170,0.051,0.600,0.423,0.249,0.102,0.308,0.384
7,267,305,6.084,353.9,7.439,3.202,0.8246,0.0667,1.932,0.549,2.799,0.856,0.692,0.446,0.157,0.055,0.638,0.423,0.249,0.115,0.308,0.384
7,268,304,6.119,353.0,7.451,3.201,0.8245,0.0668,1.933,0.550,2.798,0.857,0.669,0.421,0.174,0.055,0.600,0.424,0.250,0.102,0.309,0.382
7,269,304,6.130,353.4,7.451,3.201,0.8245,0.0668,1.933,0.550,2.798,0.857,0.688,0.447,0.155,0.055,0.624,0.424,0.250,0.109,0.309,0.382
7,270,304,6.124,358.7,7.451,3.201,0.8245,0.0668,1.933,0.550,2.798,0.857,0.670,0.428,0.174,0.056,0.609,0.424,0.250,0.086,0.309,0.382
7,271,304,6.132,360.0,7.451,3.201,0.8245,0.0668,1.933,0.550,2.798,0.857,0.732,0.480,0.151,0.059,0.671,0.424,0.250,0.095,0.309,0.382
7,272,304,6.144,359.5,7.451,3.201,0.8245,0.0668,1.933,0.550,2.798,0.857,0.668,0.454,0.138,0.055,0.614,0.424,0.250,0.128,0.309,0.382
7,273,304,6.165,356.9,7.451,3.201,0.8245,0.0668,1.933,0.550,2.798,0.857,0.663,0.470,0.171,0.052,0.620,0.424,0.250,0.105,0.309,0.382
7,274,305,6.155,357.3,7.459,3.199,0.8250,0.0673,1.936,0.553,2.796,0.857,0.688,0.462,0.167,0.059,0.701,0.426,0.249,0.089,0.308,0.380
7,275,304,6.191,356.0,7.461,3.204,0.8249,0.0673,1.938,0.554,2.800,0.855,0.671,0.355,0.135,0.052,0.591,0.428,0.250,0.109,0.309,0.378
7,276,304,6.198,357.5,7.461,3.204,0.8249,0.0673,1.938,0.554,2.800,0.855,0.693,0.477,0.174,0.060,0.607,0.428,0.250,0.138,0.309,0.378
7,277,304,6.207,358.2,7.461,3.204,0.8249,0.0673,1.938,0.554,2.800,0.855,0.723,0.487,0.145,0.057,0.583,0.428,0.250,0.112,0.309,0.378
7,278,304,6.216,358.9,7.461,3.204,0.8249,0.0673,1.938,0.554,2.800,0.855,0.701,0.431,0.158,0.048,0.653,0.428,0.250,0.109,0.309,0.378
7,279,305,6.206,359.4,7.472,3.206,0.8248,0.0672,1.938,0.553,2.796,0.857,0.664,0.443,0.167,0.051,0.572,0.426,0.249,0.125,0.308,0.380
7,280,305,6.224,357.2,7.472,3.206,0.8248,0.0672,1.938,0.553,2.796,0.857,0.691,0.452,0.170,0.058,0.679,0.426,0.249,0.089,0.308,0.380
7,281,305,6.243,355.0,7.472,3.220,0.8256,0.0673,1.940,0.554,2.794,0.856,0.680,0.452,0.167,0.059,0.671,0.430,0.246,0.095,0.311,0.377
7,282,306,6.237,354.0,7.484,3.221,0.8259,0.0674,1.939,0.554,2.792,0.856,0.709,0.464,0.209,0.056,0.654,0.431,0.245,0.082,0.314,0.376
7,283,306,6.237,356.9,7.484,3.221,0.8259,0.0674,1.939,0.554,2.792,0.856,0.677,0.539,0.203,0.070,0.664,0.431,0.245,0.131,0.314,0.376
7,284,305,6.266,357.1,7.489,3.225,0.8258,0.0674,1.942,0.552,2.793,0.857,0.672,0.462,0.187,0.055,0.664,0.433,0.246,0.079,0.311,0.377
7,285,306,6.272,352.6,7.497,3.223,0.8261,0.0675,1.945,0.555,2.792,0.856,0.688,0.480,0.203,0.051,0.703,0.435,0.245,0.069,0.310,0.376
7,286,306,6.281,353.1,7.497,3.223,0.8261,0.0675,1.945,0.555,2.792,0.856,0.711,0.415,0.131,0.051,0.622,0.435,0.245,0.101,0.310,0.376
7,287,306,6.284,355.2,7.497,3.223,0.8261,0.0675,1.945,0.555,2.792,0.856,0.704,0.480,0.199,0.057,0.660,0.435,0.245,0.118,0.310,0.376
7,288,306,6.279,359.4,7.490,3.226,0.8263,0.0676,1.945,0.555,2.788,0.857,0.668,0.444,0.219,0.052,0.637,0.435,0.242,0.114,0.310,0.376
7,289,308,6.248,359.4,7.500,3.219,0.8269,0.0680,1.947,0.554,2.784,0.856,0.693,0.442,0.172,0.057,0.677,0.435,0.240,0.078,0.308,0.373
7,290,308,6.267,355.7,7.500,3.219,0.8269,0.0680,1.947,0.554,2.784,0.856,0.698,0.396,0.208,0.048,0.632,0.435,0.240,0.084,0.308,0.373
7,291,308,6.281,353.8,7.500,3.219,0.8269,0.0680,1.947,0.554,2.784,0.856,0.708,0.386,0.172,0.051,0.616,0.435,0.240,0.088,0.308,0.373
7,292,307,6.314,352.5,7.485,3.214,0.8272,0.0679,1.947,0.555,2.788,0.854,0.685,0.505,0.176,0.059,0.606,0.436,0.238,0.078,0.309,0.375
7,293,307,6.321,353.1,7.485,3.214,0.8272,0.0679,1.947,0.555,2.788,0.854,0.710,0.443,0.192,0.057,0.678,0.436,0.238,0.107,0.309,0.375
7,294,308,6.306,354.4,7.490,3.210,0.8273,0.0678,1.946,0.555,2.787,0.853,0.670,0.429,0.175,0.053,0.633,0.438,0.237,0.097,0.308,0.373
7,295,308,6.326,350.8,7.490,3.210,0.8273,0.0678,1.946,0.555,2.787,0.853,0.696,0.448,0.162,0.055,0.599,0.438,0.237,0.104,0.308,0.373
7,296,308,6.335,350.7,7.513,3.195,0.8274,0.0680,1.941,0.553,2.784,0.852,0.702,0.484,0.185,0.051,0.666,0.442,0.237,0.114,0.308,0.373
7,297,308,6.340,351.8,7.513,3.195,0.8274,0.0680,1.941,0.553,2.784,0.852,0.666,0.429,0.185,0.052,0.657,0.442,0.237,0.075,0.308,0.373
7,298,308,6.345,352.6,7.513,3.195,0.8274,0.0680,1.941,0.553,2.784,0.852,0.706,0.464,0.169,0.062,0.677,0.442,0.237,0.088,0.308,0.373
7,299,308,6.348,354.0,7.513,3.195,0.8274,0.0680,1.941,0.553,2.784,0.852,0.710,0.468,0.166,0.058,0.614,0.442,0.237,0.107,0.308,0.373
7,300,309,6.332,355.0,7.521,3.193,0.8275,0.0679,1.942,0.552,2.781,0.852,0.670,0.440,0.146,0.052,0.597,0.443,0.236,0.087,0.307,0.375
7,301,309,6.337,355.3,7.521,3.193,0.8275,0.0679,1.942,0.552,2.781,0.852,0.672,0.502,0.178,0.062,0.588,0.443,0.236,0.094,0.307,0.375
7,302,309,6.334,358.2,7.521,3.193,0.8275,0.0679,1.942,0.552,2.781,0.852,0.705,0.411,0.146,0.048,0.717,0.443,0.236,0.100,0.307,0.375
7,303,309,6.347,356.1,7.521,3.193,0.8275,0.0679,1.942,0.552,2.781,0.852,0.690,0.453,0.188,0.052,0.623,0.443,0.236,0.104,0.307,0.375
7,304,309,6.353,356.1,7.521,3.193,0.8275,0.0679,1.942,0.552,2.781,0.852,0.678,0.379,0.155,0.054,0.691,0.443,0.236,0.097,0.307,0.375
7,305,309,6.356,357.2,7.521,3.193,0.8275,0.0679,1.942,0.552,2.781,0.852,0.686,0.447,0.178,0.053,0.567,0.443,0.236,0.055,0.307,0.375
7,306,308,6.374,359.7,7.513,3.195,0.8276,0.0680,1.940,0.552,2.784,0.852,0.683,0.474,0.205,0.058,0.718,0.445,0.237,0.130,0.305,0.377
7,307,307,6.391,362.7,7.502,3.194,0.8276,0.0681,1.940,0.553,2.788,0.851,0.756,0.463,0.199,0.063,0.646,0.446,0.238,0.117,0.306,0.375
7,308,308,6.394,357.9,7.494,3.192,0.8277,0.0680,1.943,0.556,2.785,0.851,0.688,0.442,0.192,0.055,0.694,0.445,0.237,0.107,0.308,0.373
7,309,307,6.429,355.9,7.505,3.191,0.8278,0.0681,1.945,0.556,2.784,0.852,0.703,0.446,0.182,0.057,0.635,0.446,0.235,0.094,0.309,0.371
7,310,307,6.437,356.2,7.505,3.191,0.8278,0.0681,1.945,0.556,2.784,0.852,0.701,0.423,0.140,0.057,0.684,0.446,0.235,0.094,0.309,0.371
7,311,308,6.432,353.9,7.506,3.186,0.8276,0.0680,1.948,0.558,2.786,0.851,0.757,0.464,0.166,0.056,0.649,0.448,0.234,0.094,0.308,0.370
7,312,309,6.426,352.0,7.515,3.184,0.8278,0.0680,1.950,0.558,2.782,0.852,0.646,0.495,0.165,0.057,0.635,0.447,0.233,0.123,0.311,0.369
7,313,309,6.420,355.7,7.515,3.184,0.8278,0.0680,1.950,0.558,2.782,0.852,0.656,0.469,0.159,0.057,0.665,0.447,0.233,0.104,0.311,0.369
7,314,311,6.392,353.6,7.527,3.188,0.8284,0.0682,1.952,0.558,2.777,0.850,0.683,0.476,0.164,0.055,0.675,0.450,0.235,0.135,0.305,0.370
7,315,312,6.377,353.3,7.542,3.193,0.8281,0.0683,1.953,0.558,2.775,0.849,0.665,0.446,0.205,0.052,0.656,0.452,0.234,0.093,0.304,0.369
7,316,314,6.344,352.2,7.538,3.199,0.8287,0.0686,1.959,0.561,2.776,0.848,0.676,0.470,0.204,0.054,0.647,0.449,0.236,0.093,0.303,0.373
7,317,314,6.348,351.5,7.538,3.199,0.8287,0.0686,1.959,0.561,2.776,0.848,0.736,0.478,0.188,0.057,0.687,0.449,0.236,0.099,0.303,0.373
7,318,314,6.349,351.5,7.538,3.199,0.8287,0.0686,1.959,0.561,2.776,0.848,0.709,0.468,0.169,0.059,0.693,0.449,0.236,0.102,0.303,0.373
7,319,313,6.375,350.3,7.550,3.198,0.8289,0.0687,1.957,0.560,2.779,0.849,0.666,0.486,0.176,0.051,0.633,0.450,0.236,0.093,0.304,0.371
7,320,313,6.379,349.9,7.550,3.198,0.8289,0.0687,1.957,0.560,2.779,0.849,0.672,0.463,0.134,0.061,0.655,0.450,0.236,0.080,0.304,0.371
7,321,313,6.381,350.1,7.550,3.198,0.8289,0.0687,1.957,0.560,2.779,0.849,0.674,0.441,0.141,0.052,0.611,0.450,0.236,0.089,0.304,0.371
7,322,313,6.379,351.6,7.550,3.198,0.8289,0.0687,1.957,0.560,2.779,0.849,0.701,0.454,0.195,0.060,0.599,0.450,0.236,0.134,0.304,0.371
7,323,313,6.389,349.5,7.550,3.198,0.8289,0.0687,1.957,0.560,2.779,0.849,0.677,0.387,0.169,0.045,0.654,0.450,0.236,0.067,0.304,0.371
7,324,312,6.426,345.5,7.571,3.182,0.8289,0.0688,1.955,0.560,2.780,0.850,0.666,0.458,0.163,0.051,0.555,0.452,0.237,0.096,0.304,0.372
7,325,312,6.426,347.0,7.571,3.182,0.8289,0.0688,1.955,0.560,2.780,0.850,0.710,0.394,0.157,0.054,0.688,0.452,0.237,0.067,0.304,0.372
7,326,312,6.428,347.8,7.571,3.182,0.8289,0.0688,1.955,0.560,2.780,0.850,0.701,0.465,0.154,0.054,0.599,0.452,0.237,0.109,0.304,0.372
7,327,312,6.428,349.1,7.571,3.182,0.8289,0.0688,1.955,0.560,2.780,0.850,0.658,0.417,0.208,0.059,0.614,0.452,0.237,0.090,0.304,0.372
7,328,313,6.410,349.6,7.572,3.177,0.8293,0.0689,1.953,0.560,2.779,0.849,0.664,0.479,0.163,0.056,0.648,0.454,0.236,0.105,0.307,0.371
7,329,313,6.415,349.1,7.572,3.177,0.8293,0.0689,1.953,0.560,2.779,0.849,0.681,0.457,0.192,0.053,0.644,0.454,0.236,0.083,0.307,0.371
7,330,313,6.421,348.3,7.572,3.177,0.8293,0.0689,1.953,0.560,2.779,0.849,0.687,0.482,0.204,0.069,0.659,0.454,0.236,0.083,0.307,0.371
7,331,313,6.420,349.5,7.572,3.177,0.8293,0.0689,1.953,0.560,2.779,0.849,0.687,0.409,0.208,0.060,0.639,0.454,0.236,0.086,0.307,0.371
7,332,312,6.451,347.3,7.577,3.181,0.8297,0.0687,1.951,0.561,2.777,0.849,0.676,0.468,0.151,0.054,0.615,0.455,0.234,0.125,0.308,0.369
7,333,311,6.488,344.1,7.585,3.182,0.8299,0.0687,1.953,0.560,2.776,0.850,0.664,0.405,0.183,0.048,0.560,0.457,0.232,0.090,0.309,0.370
7,334,311,6.481,348.1,7.585,3.182,0.8299,0.0687,1.953,0.560,2.776,0.850,0.680,0.450,0.177,0.057,0.588,0.457,0.232,0.116,0.309,0.370
7,335,311,6.487,347.8,7.585,3.182,0.8299,0.0687,1.953,0.560,2.776,0.850,0.656,0.441,0.177,0.054,0.680,0.457,0.232,0.103,0.309,0.370
7,336,311,6.509,343.2,7.585,3.182,0.8299,0.0687,1.953,0.560,2.776,0.850,0.672,0.482,0.190,0.055,0.621,0.457,0.232,0.096,0.309,0.370
7,337,311,6.508,345.2,7.585,3.182,0.8299,0.0687,1.953,0.560,2.776,0.850,0.698,0.457,0.167,0.051,0.640,0.457,0.232,0.077,0.309,0.370
7,338,311,6.511,346.3,7.592,3.185,0.8300,0.0689,1.956,0.561,2.776,0.849,0.713,0.466,0.177,0.054,0.579,0.460,0.232,0.119,0.309,0.367
7,339,311,6.512,347.9,7.592,3.185,0.8300,0.0689,1.956,0.561,2.776,0.849,0.659,0.405,0.161,0.054,0.589,0.460,0.232,0.100,0.309,0.367
7,340,311,6.517,348.0,7.592,3.185,0.8300,0.0689,1.956,0.561,2.776,0.849,0.666,0.495,0.196,0.060,0.557,0.460,0.232,0.084,0.309,0.367
7,341,310,6.539,349.5,7.600,3.187,0.8298,0.0689,1.959,0.561,2.771,0.846,0.695,0.448,0.168,0.052,0.653,0.461,0.232,0.113,0.306,0.368
7,342,310,6.545,349.7,7.600,3.187,0.8298,0.0689,1.959,0.561,2.771,0.846,0.678,0.445,0.197,0.056,0.653,0.461,0.232,0.097,0.306,0.368
7,343,310,6.552,349.3,7.600,3.187,0.8298,0.0689,1.959,0.561,2.771,0.846,0.692,0.487,0.184,0.055,0.706,0.461,0.232,0.084,0.306,0.368
7,344,310,6.562,348.5,7.600,3.187,0.8298,0.0689,1.959,0.561,2.771,0.846,0.676,0.413,0.165,0.058,0.646,0.461,0.232,0.100,0.306,0.368
7,345,311,6.541,350.3,7.611,3.188,0.8297,0.0688,1.958,0.560,2.768,0.847,0.648,0.463,0.203,0.054,0.592,0.463,0.232,0.119,0.309,0.367
7,346,311,6.539,352.3,7.611,3.188,0.8297,0.0688,1.958,0.560,2.768,0.847,0.710,0.505,0.161,0.061,0.610,0.463,0.232,0.103,0.309,0.367
7,347,312,6.515,354.6,7.612,3.183,0.8302,0.0692,1.956,0.560,2.767,0.846,0.699,0.449,0.186,0.065,0.643,0.465,0.231,0.093,0.311,0.365
7,348,311,6.554,350.2,7.598,3.178,0.8304,0.0692,1.958,0.560,2.771,0.845,0.661,0.441,0.193,0.057,0.646,0.466,0.228,0.109,0.309,0.367
7,349,310,6.586,348.6,7.619,3.161,0.8303,0.0693,1.955,0.558,2.772,0.846,0.665,0.445,0.206,0.061,0.614,0.468,0.229,0.097,0.310,0.368
7,350,310,6.586,350.6,7.619,3.161,0.8303,0.0693,1.955,0.558,2.772,0.846,0.684,0.503,0.194,0.068,0.715,0.468,0.229,0.106,0.310,0.368
7,351,311,6.567,351.9,7.630,3.162,0.8307,0.0694,1.959,0.560,2.769,0.846,0.670,0.514,0.199,0.066,0.645,0.469,0.228,0.116,0.309,0.367
7,352,311,6.573,351.4,7.630,3.162,0.8307,0.0694,1.959,0.560,2.769,0.846,0.688,0.379,0.164,0.058,0.676,0.469,0.228,0.093,0.309,0.367
7,353,312,6.566,348.9,7.641,3.162,0.8309,0.0695,1.958,0.560,2.767,0.845,0.663,0.484,0.160,0.055,0.665,0.471,0.228,0.135,0.311,0.365
7,354,312,6.576,347.2,7.641,3.162,0.8309,0.0695,1.958,0.560,2.767,0.845,0.649,0.490,0.208,0.064,0.645,0.471,0.228,0.125,0.311,0.365
7,355,313,6.563,346.2,7.645,3.158,0.8312,0.0695,1.956,0.560,2.764,0.846,0.643,0.431,0.214,0.057,0.671,0.473,0.227,0.086,0.313,0.364
7,356,313,6.572,344.4,7.645,3.158,0.8312,0.0695,1.956,0.560,2.764,0.846,0.646,0.419,0.150,0.053,0.635,0.473,0.227,0.099,0.313,0.364
7,357,314,6.560,343.0,7.653,3.156,0.8312,0.0694,1.956,0.559,2.762,0.846,0.686,0.490,0.169,0.064,0.680,0.475,0.226,0.111,0.315,0.363
7,358,315,6.531,346.3,7.667,3.160,0.8314,0.0693,1.955,0.558,2.758,0.847,0.678,0.444,0.203,0.061,0.573,0.473,0.229,0.105,0.317,0.362
7,359,315,6.532,346.6,7.667,3.160,0.8314,0.0693,1.955,0.558,2.758,0.847,0.653,0.460,0.210,0.059,0.652,0.473,0.229,0.092,0.317,0.362
7,360,314,6.551,347.3,7.688,3.143,0.8318,0.0691,1.955,0.559,2.760,0.848,0.673,0.420,0.182,0.054,0.679,0.471,0.229,0.096,0.318,0.360
7,361,315,6.533,347.2,7.689,3.138,0.8318,0.0690,1.955,0.558,2.757,0.848,0.699,0.419,0.162,0.060,0.634,0.470,0.229,0.079,0.317,0.362
7,362,315,6.536,346.8,7.689,3.138,0.8318,0.0690,1.955,0.558,2.757,0.848,0.703,0.441,0.149,0.057,0.650,0.470,0.229,0.117,0.317,0.362
7,363,315,6.555,341.6,7.689,3.138,0.8318,0.0690,1.955,0.558,2.757,0.848,0.677,0.444,0.171,0.053,0.672,0.470,0.229,0.108,0.317,0.362
7,364,317,6.520,340.3,7.707,3.138,0.8320,0.0688,1.952,0.558,2.751,0.849,0.656,0.426,0.167,0.050,0.627,0.467,0.233,0.095,0.322,0.360
7,365,317,6.519,340.6,7.707,3.138,0.8320,0.0688,1.952,0.558,2.751,0.849,0.638,0.416,0.170,0.051,0.613,0.467,0.233,0.091,0.322,0.360
7,366,318,6.482,345.7,7.714,3.136,0.8322,0.0689,1.951,0.557,2.751,0.848,0.684,0.415,0.192,0.049,0.616,0.469,0.233,0.085,0.321,0.362
7,367,318,6.480,345.8,7.714,3.136,0.8322,0.0689,1.951,0.557,2.751,0.848,0.677,0.456,0.204,0.056,0.664,0.469,0.233,0.119,0.321,0.362
7,368,318,6.489,342.8,7.714,3.136,0.8322,0.0689,1.951,0.557,2.751,0.848,0.681,0.519,0.201,0.058,0.664,0.469,0.233,0.101,0.321,0.362
7,369,318,6.476,346.1,7.714,3.136,0.8322,0.0689,1.951,0.557,2.751,0.848,0.656,0.475,0.214,0.052,0.677,0.469,0.233,0.129,0.321,0.362
7,370,319,6.453,346.5,7.721,3.133,0.8324,0.0688,1.954,0.558,2.750,0.846,0.667,0.483,0.207,0.058,0.628,0.470,0.232,0.069,0.320,0.361
7,371,319,6.459,343.6,7.721,3.133,0.8324,0.0688,1.954,0.558,2.750,0.846,0.684,0.470,0.204,0.055,0.699,0.470,0.232,0.088,0.320,0.361
7,372,318,6.473,345.0,7.711,3.133,0.8328,0.0686,1.955,0.559,2.747,0.846,0.656,0.358,0.176,0.054,0.602,0.472,0.230,0.101,0.321,0.358
7,373,316,6.515,344.3,7.750,3.103,0.8329,0.0683,1.956,0.558,2.742,0.845,0.687,0.415,0.155,0.059,0.610,0.472,0.231,0.085,0.323,0.358
7,374,317,6.492,345.0,7.757,3.101,0.8329,0.0682,1.955,0.558,2.741,0.844,0.671,0.467,0.208,0.058,0.611,0.473,0.230,0.107,0.322,0.360
7,375,317,6.496,343.7,7.757,3.101,0.8329,0.0682,1.955,0.558,2.741,0.844,0.656,0.448,0.186,0.058,0.687,0.473,0.230,0.104,0.322,0.360
7,376,317,6.503,341.5,7.757,3.101,0.8329,0.0682,1.955,0.558,2.741,0.844,0.665,0.445,0.205,0.057,0.636,0.473,0.230,0.107,0.322,0.360
7,377,317,6.505,341.1,7.757,3.101,0.8329,0.0682,1.955,0.558,2.741,0.844,0.705,0.445,0.202,0.058,0.661,0.473,0.230,0.114,0.322,0.360
7,378,316,6.527,341.0,7.772,3.094,0.8327,0.0682,1.957,0.558,2.736,0.842,0.652,0.392,0.222,0.055,0.622,0.475,0.231,0.101,0.323,0.358
7,379,316,6.529,340.6,7.772,3.094,0.8327,0.0682,1.957,0.558,2.736,0.842,0.663,0.459,0.225,0.060,0.689,0.475,0.231,0.104,0.323,0.358
7,380,316,6.524,342.6,7.772,3.094,0.8327,0.0682,1.957,0.558,2.736,0.842,0.656,0.427,0.190,0.062,0.651,0.475,0.231,0.108,0.323,0.358
7,381,316,6.527,342.1,7.772,3.094,0.8327,0.0682,1.957,0.558,2.736,0.842,0.659,0.430,0.196,0.060,0.635,0.475,0.231,0.089,0.323,0.358
7,382,316,6.521,344.0,7.772,3.094,0.8327,0.0682,1.957,0.558,2.736,0.842,0.689,0.449,0.190,0.054,0.580,0.475,0.231,0.120,0.323,0.358
7,383,316,6.522,343.9,7.772,3.094,0.8327,0.0682,1.957,0.558,2.736,0.842,0.673,0.434,0.146,0.057,0.695,0.475,0.231,0.095,0.323,0.358
7,384,316,6.522,344.2,7.772,3.094,0.8327,0.0682,1.957,0.558,2.736,0.842,0.653,0.399,0.190,0.049,0.634,0.475,0.231,0.079,0.323,0.358
7,385,317,6.514,340.9,7.776,3.090,0.8331,0.0686,1.959,0.559,2.734,0.842,0.620,0.451,0.189,0.050,0.657,0.476,0.230,0.101,0.322,0.356
7,386,317,6.505,343.5,7.776,3.090,0.8331,0.0686,1.959,0.559,2.734,0.842,0.687,0.363,0.164,0.051,0.632,0.476,0.230,0.101,0.322,0.356
7,387,318,6.489,342.3,7.789,3.094,0.8332,0.0685,1.958,0.559,2.731,0.842,0.696,0.459,0.160,0.057,0.631,0.478,0.230,0.104,0.324,0.355
7,388,318,6.488,342.0,7.789,3.094,0.8332,0.0685,1.958,0.559,2.731,0.842,0.666,0.418,0.173,0.054,0.673,0.478,0.230,0.110,0.324,0.355
7,389,317,6.516,339.5,7.789,3.099,0.8329,0.0684,1.960,0.559,2.731,0.843,0.649,0.410,0.183,0.056,0.629,0.476,0.230,0.085,0.322,0.356
7,390,317,6.501,344.2,7.789,3.099,0.8329,0.0684,1.960,0.559,2.731,0.843,0.656,0.423,0.161,0.059,0.658,0.476,0.230,0.110,0.322,0.356
7,391,317,6.510,341.5,7.789,3.099,0.8329,0.0684,1.960,0.559,2.731,0.843,0.651,0.435,0.164,0.053,0.673,0.476,0.230,0.091,0.322,0.356
7,392,318,6.502,337.7,7.799,3.100,0.8329,0.0683,1.961,0.558,2.729,0.842,0.674,0.459,0.145,0.059,0.620,0.478,0.230,0.119,0.321,0.355
7,393,318,6.502,337.8,7.799,3.100,0.8329,0.0683,1.961,0.558,2.729,0.842,0.649,0.387,0.167,0.052,0.541,0.478,0.230,0.094,0.321,0.355
7,394,318,6.506,336.5,7.799,3.100,0.8329,0.0683,1.961,0.558,2.729,0.842,0.671,0.487,0.157,0.055,0.589,0.478,0.230,0.126,0.321,0.355
7,395,317,6.508,342.1,7.792,3.102,0.8327,0.0683,1.959,0.558,2.731,0.843,0.628,0.479,0.174,0.065,0.646,0.479,0.230,0.101,0.322,0.356
7,396,317,6.502,343.8,7.792,3.102,0.8327,0.0683,1.959,0.558,2.731,0.843,0.672,0.464,0.170,0.057,0.654,0.479,0.230,0.104,0.322,0.356
7,397,318,6.484,343.0,7.799,3.100,0.8325,0.0682,1.960,0.557,2.730,0.842,0.665,0.453,0.230,0.056,0.609,0.481,0.230,0.138,0.321,0.355
7,398,319,6.456,344.8,7.809,3.100,0.8330,0.0685,1.963,0.559,2.729,0.841,0.695,0.467,0.176,0.058,0.701,0.483,0.229,0.097,0.320,0.354
7,399,319,6.464,341.8,7.809,3.100,0.8330,0.0685,1.963,0.559,2.729,0.841,0.676,0.483,0.245,0.065,0.592,0.483,0.229,0.119,0.320,0.354
7,400,319,6.456,343.6,7.809,3.100,0.8330,0.0685,1.963,0.559,2.729,0.841,0.667,0.445,0.188,0.061,0.630,0.483,0.229,0.113,0.320,0.354
7,401,319,6.447,345.4,7.809,3.100,0.8330,0.0685,1.963,0.559,2.729,0.841,0.700,0.483,0.179,0.064,0.585,0.483,0.229,0.094,0.320,0.354
7,402,319,6.444,345.6,7.809,3.100,0.8330,0.0685,1.963,0.559,2.729,0.841,0.685,0.420,0.160,0.066,0.609,0.483,0.229,0.122,0.320,0.354
7,403,319,6.455,341.3,7.809,3.100,0.8330,0.0685,1.963,0.559,2.729,0.841,0.643,0.398,0.169,0.058,0.626,0.483,0.229,0.085,0.320,0.354
7,404,319,6.449,342.7,7.809,3.100,0.8330,0.0685,1.963,0.559,2.729,0.841,0.661,0.448,0.150,0.051,0.651,0.483,0.229,0.085,0.320,0.354
7,405,320,6.421,344.3,7.819,3.100,0.8331,0.0685,1.963,0.558,2.727,0.840,0.647,0.422,0.147,0.048,0.628,0.481,0.228,0.081,0.322,0.353
7,406,321,6.393,345.6,7.829,3.100,0.8334,0.0685,1.963,0.557,2.725,0.840,0.679,0.511,0.206,0.059,0.612,0.483,0.227,0.106,0.324,0.352
7,407,321,6.400,342.0,7.829,3.100,0.8334,0.0685,1.963,0.557,2.725,0.840,0.669,0.449,0.174,0.054,0.660,0.483,0.227,0.137,0.324,0.352
7,408,320,6.419,341.0,7.831,3.105,0.8335,0.0685,1.962,0.558,2.722,0.839,0.664,0.475,0.216,0.060,0.609,0.484,0.225,0.094,0.325,0.350
7,409,321,6.400,339.7,7.838,3.102,0.8337,0.0685,1.963,0.557,2.719,0.840,0.667,0.439,0.215,0.063,0.678,0.486,0.224,0.090,0.324,0.349
7,410,322,6.376,339.7,7.848,3.103,0.8338,0.0684,1.962,0.557,2.715,0.841,0.681,0.484,0.217,0.062,0.631,0.488,0.224,0.102,0.326,0.348
7,411,322,6.379,337.3,7.848,3.103,0.8338,0.0684,1.962,0.557,2.715,0.841,0.672,0.466,0.193,0.056,0.587,0.488,0.224,0.102,0.326,0.348
7,412,322,6.366,339.9,7.848,3.103,0.8338,0.0684,1.962,0.557,2.715,0.841,0.683,0.472,0.227,0.059,0.648,0.488,0.224,0.096,0.326,0.348
7,413,322,6.356,341.5,7.848,3.103,0.8338,0.0684,1.962,0.557,2.715,0.841,0.634,0.441,0.208,0.052,0.675,0.488,0.224,0.096,0.326,0.348
7,414,322,6.354,340.6,7.848,3.103,0.8338,0.0684,1.962,0.557,2.715,0.841,0.660,0.500,0.196,0.060,0.629,0.488,0.224,0.109,0.326,0.348
7,415,321,6.373,339.3,7.835,3.099,0.8341,0.0682,1.963,0.557,2.712,0.841,0.661,0.430,0.196,0.053,0.721,0.489,0.221,0.109,0.327,0.346
7,416,320,6.388,339.8,7.844,3.099,0.8341,0.0683,1.960,0.555,2.708,0.838,0.647,0.438,0.216,0.058,0.620,0.491,0.219,0.084,0.325,0.347
7,417,320,6.378,341.8,7.844,3.099,0.8341,0.0683,1.960,0.555,2.708,0.838,0.673,0.453,0.172,0.059,0.694,0.491,0.219,0.078,0.325,0.347
7,418,321,6.346,344.5,7.850,3.097,0.8345,0.0686,1.963,0.558,2.705,0.838,0.679,0.436,0.209,0.053,0.622,0.489,0.221,0.106,0.324,0.346
7,419,321,6.350,341.9,7.850,3.097,0.8345,0.0686,1.963,0.558,2.705,0.838,0.684,0.486,0.199,0.066,0.679,0.489,0.221,0.115,0.324,0.346
7,420,321,6.349,341.0,7.850,3.097,0.8345,0.0686,1.963,0.558,2.705,0.838,0.659,0.452,0.184,0.057,0.612,0.489,0.221,0.112,0.324,0.346
7,421,321,6.345,340.9,7.850,3.097,0.8345,0.0686,1.963,0.558,2.705,0.838,0.654,0.455,0.178,0.063,0.657,0.489,0.221,0.090,0.324,0.346
7,422,321,6.334,343.0,7.850,3.097,0.8345,0.0686,1.963,0.558,2.705,0.838,0.687,0.433,0.171,0.059,0.566,0.489,0.221,0.118,0.324,0.346
7,423,321,6.326,344.0,7.850,3.097,0.8345,0.0686,1.963,0.558,2.705,0.838,0.645,0.430,0.181,0.054,0.572,0.489,0.221,0.109,0.324,0.346
7,424,321,6.324,343.2,7.850,3.097,0.8345,0.0686,1.963,0.558,2.705,0.838,0.652,0.411,0.184,0.052,0.605,0.489,0.221,0.093,0.324,0.346
7,425,321,6.321,342.6,7.850,3.097,0.8345,0.0686,1.963,0.558,2.705,0.838,0.641,0.505,0.184,0.056,0.639,0.489,0.221,0.125,0.324,0.346
7,426,322,6.305,340.4,7.863,3.101,0.8345,0.0685,1.961,0.558,2.702,0.839,0.651,0.441,0.220,0.063,0.658,0.491,0.220,0.096,0.326,0.345
7,427,321,6.318,341.1,7.854,3.101,0.8345,0.0686,1.963,0.558,2.697,0.837,0.679,0.414,0.224,0.055,0.644,0.492,0.218,0.093,0.327,0.343
7,428,321,6.311,341.7,7.854,3.101,0.8345,0.0686,1.963,0.558,2.697,0.837,0.666,0.439,0.218,0.055,0.672,0.492,0.218,0.087,0.327,0.343
7,429,321,6.312,340.1,7.854,3.101,0.8345,0.0686,1.963,0.558,2.697,0.837,0.648,0.424,0.215,0.054,0.619,0.492,0.218,0.106,0.327,0.343
7,430,321,6.306,340.8,7.854,3.101,0.8345,0.0686,1.963,0.558,2.697,0.837,0.675,0.467,0.202,0.057,0.637,0.492,0.218,0.128,0.327,0.343
7,431,321,6.306,339.7,7.854,3.101,0.8345,0.0686,1.963,0.558,2.697,0.837,0.689,0.433,0.206,0.053,0.712,0.492,0.218,0.109,0.327,0.343
7,432,321,6.290,343.3,7.854,3.101,0.8345,0.0686,1.963,0.558,2.697,0.837,0.648,0.480,0.221,0.057,0.654,0.492,0.218,0.106,0.327,0.343
7,433,321,6.289,342.1,7.854,3.101,0.8345,0.0686,1.963,0.558,2.697,0.837,0.655,0.399,0.243,0.060,0.663,0.492,0.218,0.112,0.327,0.343
7,434,322,6.265,342.4,7.860,3.098,0.8349,0.0689,1.966,0.560,2.696,0.836,0.664,0.425,0.208,0.055,0.608,0.494,0.217,0.078,0.326,0.342
7,435,323,6.248,340.0,7.870,3.098,0.8352,0.0690,1.968,0.560,2.695,0.835,0.660,0.424,0.207,0.053,0.652,0.495,0.217,0.084,0.325,0.344
7,436,323,6.237,341.5,7.870,3.098,0.8352,0.0690,1.968,0.560,2.695,0.835,0.669,0.483,0.241,0.055,0.639,0.495,0.217,0.108,0.325,0.344
7,437,323,6.223,343.8,7.870,3.098,0.8352,0.0690,1.968,0.560,2.695,0.835,0.643,0.477,0.235,0.060,0.651,0.495,0.217,0.108,0.325,0.344
7,438,323,6.217,343.5,7.870,3.098,0.8352,0.0690,1.968,0.560,2.695,0.835,0.650,0.452,0.192,0.059,0.666,0.495,0.217,0.105,0.325,0.344
7,439,323,6.216,341.9,7.870,3.098,0.8352,0.0690,1.968,0.560,2.695,0.835,0.693,0.430,0.220,0.053,0.633,0.495,0.217,0.121,0.325,0.344
7,440,323,6.219,338.9,7.870,3.098,0.8352,0.0690,1.968,0.560,2.695,0.835,0.641,0.449,0.229,0.055,0.681,0.495,0.217,0.080,0.325,0.344
7,441,323,6.207,340.7,7.870,3.098,0.8352,0.0690,1.968,0.560,2.695,0.835,0.656,0.514,0.189,0.057,0.711,0.495,0.217,0.118,0.325,0.344
7,442,323,6.210,337.8,7.870,3.098,0.8352,0.0690,1.968,0.560,2.695,0.835,0.694,0.443,0.207,0.054,0.625,0.495,0.217,0.105,0.325,0.344
7,443,322,6.215,340.7,7.870,3.103,0.8355,0.0690,1.967,0.561,2.690,0.831,0.681,0.413,0.202,0.054,0.644,0.494,0.217,0.096,0.326,0.342
7,444,322,6.219,338.0,7.870,3.103,0.8355,0.0690,1.967,0.561,2.690,0.831,0.645,0.463,0.239,0.056,0.652,0.494,0.217,0.130,0.326,0.342
7,445,321,6.228,339.7,7.857,3.099,0.8353,0.0690,1.967,0.562,2.688,0.831,0.655,0.449,0.231,0.060,0.665,0.495,0.215,0.100,0.327,0.340
7,446,321,6.225,339.4,7.857,3.099,0.8353,0.0690,1.967,0.562,2.688,0.831,0.694,0.452,0.259,0.064,0.619,0.495,0.215,0.118,0.327,0.340
7,447,322,6.192,342.3,7.848,3.099,0.8353,0.0689,1.969,0.563,2.686,0.830,0.677,0.438,0.186,0.057,0.623,0.497,0.214,0.127,0.329,0.339
7,448,322,6.183,343.3,7.848,3.099,0.8353,0.0689,1.969,0.563,2.686,0.830,0.643,0.447,0.233,0.056,0.622,0.497,0.214,0.099,0.329,0.339
7,449,322,6.176,343.7,7.848,3.099,0.8353,0.0689,1.969,0.563,2.686,0.830,0.648,0.435,0.224,0.057,0.629,0.497,0.214,0.118,0.329,0.339
7,450,321,6.207,338.6,7.838,3.098,0.8357,0.0688,1.969,0.563,2.681,0.827,0.648,0.424,0.199,0.058,0.623,0.498,0.215,0.109,0.330,0.340
7,451,321,6.200,339.7,7.838,3.098,0.8357,0.0688,1.969,0.563,2.681,0.827,0.671,0.402,0.193,0.049,0.605,0.498,0.215,0.084,0.330,0.340
7,452,319,6.233,340.4,7.865,3.087,0.8354,0.0689,1.970,0.563,2.682,0.829,0.677,0.445,0.194,0.062,0.605,0.498,0.216,0.063,0.329,0.342
7,453,319,6.224,342.5,7.865,3.087,0.8354,0.0689,1.970,0.563,2.682,0.829,0.665,0.404,0.160,0.055,0.593,0.498,0.216,0.122,0.329,0.342
7,454,319,6.230,340.2,7.865,3.087,0.8354,0.0689,1.970,0.563,2.682,0.829,0.649,0.511,0.232,0.061,0.605,0.498,0.216,0.103,0.329,0.342
7,455,317,6.245,347.0,7.896,3.068,0.8353,0.0691,1.975,0.562,2.676,0.826,0.644,0.442,0.211,0.061,0.706,0.498,0.215,0.110,0.328,0.344
7,456,318,6.233,344.5,7.906,3.068,0.8356,0.0691,1.978,0.564,2.674,0.826,0.638,0.500,0.192,0.060,0.644,0.497,0.214,0.113,0.327,0.343
7,457,319,6.203,347.1,7.909,3.064,0.8358,0.0691,1.977,0.564,2.671,0.827,0.699,0.445,0.197,0.061,0.637,0.498,0.213,0.110,0.329,0.342
7,458,319,6.200,347.0,7.909,3.064,0.8358,0.0691,1.977,0.564,2.671,0.827,0.660,0.470,0.204,0.061,0.569,0.498,0.213,0.097,0.329,0.342
7,459,318,6.218,346.7,7.915,3.067,0.8360,0.0692,1.976,0.565,2.666,0.824,0.648,0.519,0.192,0.061,0.634,0.500,0.211,0.138,0.330,0.343
7,460,318,6.223,344.4,7.915,3.067,0.8360,0.0692,1.976,0.565,2.666,0.824,0.649,0.406,0.242,0.055,0.669,0.500,0.211,0.119,0.330,0.343
7,461,318,6.221,344.8,7.915,3.067,0.8360,0.0692,1.976,0.565,2.666,0.824,0.677,0.459,0.192,0.061,0.637,0.500,0.211,0.097,0.330,0.343
7,462,319,6.191,347.3,7.912,3.062,0.8359,0.0691,1.976,0.564,2.662,0.826,0.664,0.476,0.266,0.059,0.577,0.498,0.210,0.103,0.329,0.345
7,463,318,6.198,350.1,7.931,3.049,0.8359,0.0692,1.978,0.564,2.662,0.827,0.663,0.491,0.214,0.055,0.643,0.500,0.208,0.116,0.327,0.346
7,464,317,6.229,346.1,7.940,3.049,0.8362,0.0691,1.980,0.564,2.661,0.828,0.669,0.420,0.202,0.059,0.648,0.498,0.208,0.117,0.328,0.347
7,465,317,6.221,348.1,7.940,3.049,0.8362,0.0691,1.980,0.564,2.661,0.828,0.645,0.473,0.208,0.058,0.560,0.498,0.208,0.107,0.328,0.347
7,466,317,6.219,348.4,7.940,3.049,0.8362,0.0691,1.980,0.564,2.661,0.828,0.653,0.435,0.199,0.053,0.700,0.498,0.208,0.085,0.328,0.347
7,467,317,6.219,348.0,7.940,3.049,0.8362,0.0691,1.980,0.564,2.661,0.828,0.647,0.473,0.237,0.057,0.592,0.498,0.208,0.095,0.328,0.347
7,468,317,6.219,347.7,7.940,3.049,0.8362,0.0691,1.980,0.564,2.661,0.828,0.644,0.448,0.208,0.056,0.676,0.498,0.208,0.095,0.328,0.347
7,469,317,6.214,348.7,7.940,3.049,0.8362,0.0691,1.980,0.564,2.661,0.828,0.643,0.451,0.218,0.055,0.590,0.498,0.208,0.117,0.328,0.347
7,470,317,6.215,348.0,7.940,3.049,0.8362,0.0691,1.980,0.564,2.661,0.828,0.653,0.420,0.199,0.061,0.648,0.498,0.208,0.117,0.328,0.347
7,471,317,6.209,349.5,7.940,3.049,0.8362,0.0691,1.980,0.564,2.661,0.828,0.664,0.517,0.249,0.062,0.629,0.498,0.208,0.155,0.328,0.347
7,472,317,6.218,346.5,7.924,3.052,0.8362,0.0691,1.977,0.563,2.662,0.828,0.647,0.464,0.249,0.062,0.630,0.502,0.208,0.101,0.331,0.347
7,473,317,6.219,346.0,7.924,3.052,0.8362,0.0691,1.977,0.563,2.662,0.828,0.632,0.476,0.278,0.070,0.686,0.502,0.208,0.110,0.331,0.347
7,474,317,6.211,348.2,7.924,3.052,0.8362,0.0691,1.977,0.563,2.662,0.828,0.659,0.476,0.211,0.070,0.676,0.502,0.208,0.104,0.331,0.347
7,475,318,6.198,345.8,7.931,3.049,0.8366,0.0693,1.981,0.566,2.659,0.828,0.660,0.434,0.220,0.058,0.644,0.500,0.211,0.104,0.330,0.346
7,476,317,6.217,345.7,7.946,3.041,0.8364,0.0693,1.978,0.564,2.656,0.828,0.644,0.451,0.202,0.057,0.610,0.502,0.211,0.082,0.331,0.344
7,477,318,6.194,346.3,7.953,3.039,0.8369,0.0697,1.981,0.566,2.654,0.827,0.652,0.425,0.223,0.058,0.633,0.503,0.211,0.072,0.330,0.343
7,478,318,6.191,346.7,7.953,3.039,0.8369,0.0697,1.981,0.566,2.654,0.827,0.650,0.425,0.182,0.049,0.664,0.503,0.211,0.113,0.330,0.343
7,479,317,6.214,345.1,7.962,3.039,0.8372,0.0695,1.981,0.567,2.651,0.826,0.670,0.464,0.164,0.059,0.618,0.505,0.211,0.120,0.331,0.341
7,480,317,6.215,344.6,7.962,3.039,0.8372,0.0695,1.981,0.567,2.651,0.826,0.643,0.457,0.170,0.058,0.648,0.505,0.211,0.132,0.331,0.341
7,481,317,6.211,345.8,7.962,3.039,0.8372,0.0695,1.981,0.567,2.651,0.826,0.654,0.495,0.208,0.062,0.570,0.505,0.211,0.129,0.331,0.341
7,482,317,6.215,344.3,7.962,3.039,0.8372,0.0695,1.981,0.567,2.651,0.826,0.682,0.413,0.174,0.056,0.667,0.505,0.211,0.091,0.331,0.341
7,483,317,6.203,347.8,7.962,3.039,0.8372,0.0695,1.981,0.567,2.651,0.826,0.637,0.429,0.205,0.056,0.622,0.505,0.211,0.101,0.331,0.341
7,484,317,6.204,347.3,7.962,3.039,0.8372,0.0695,1.981,0.567,2.651,0.826,0.658,0.435,0.215,0.066,0.634,0.505,0.211,0.139,0.331,0.341
7,485,316,6.229,345.5,7.949,3.035,0.8371,0.0696,1.981,0.568,2.648,0.826,0.626,0.449,0.253,0.058,0.618,0.506,0.209,0.089,0.332,0.339
7,486,316,6.233,344.5,7.949,3.035,0.8371,0.0696,1.981,0.568,2.648,0.826,0.655,0.415,0.152,0.060,0.642,0.506,0.209,0.085,0.332,0.339
7,487,316,6.234,344.2,7.949,3.035,0.8371,0.0696,1.981,0.568,2.648,0.826,0.661,0.487,0.225,0.055,0.650,0.506,0.209,0.133,0.332,0.339
7,488,316,6.216,349.8,7.949,3.035,0.8371,0.0696,1.981,0.568,2.648,0.826,0.655,0.453,0.190,0.058,0.664,0.506,0.209,0.108,0.332,0.339
7,489,315,6.235,349.9,7.943,3.038,0.8373,0.0696,1.979,0.568,2.650,0.827,0.642,0.460,0.244,0.062,0.637,0.508,0.210,0.133,0.333,0.340
7,490,315,6.234,350.4,7.943,3.038,0.8373,0.0696,1.979,0.568,2.650,0.827,0.659,0.438,0.235,0.058,0.635,0.508,0.210,0.076,0.333,0.340
7,491,315,6.221,354.5,7.943,3.038,0.8373,0.0696,1.979,0.568,2.650,0.827,0.701,0.460,0.210,0.059,0.603,0.508,0.210,0.130,0.333,0.340
7,492,316,6.210,351.9,7.946,3.034,0.8375,0.0696,1.975,0.569,2.653,0.827,0.669,0.430,0.218,0.058,0.612,0.509,0.209,0.101,0.335,0.339
7,493,315,6.230,351.5,7.956,3.034,0.8377,0.0696,1.976,0.570,2.651,0.828,0.637,0.419,0.200,0.051,0.650,0.511,0.210,0.111,0.333,0.340
7,494,314,6.251,351.3,7.975,3.020,0.8374,0.0695,1.974,0.569,2.648,0.827,0.657,0.401,0.156,0.055,0.592,0.513,0.210,0.080,0.334,0.338
7,495,314,6.249,352.4,7.975,3.020,0.8374,0.0695,1.974,0.569,2.648,0.827,0.647,0.459,0.188,0.054,0.605,0.513,0.210,0.111,0.334,0.338
7,496,314,6.259,349.8,7.975,3.020,0.8374,0.0695,1.974,0.569,2.648,0.827,0.652,0.424,0.185,0.058,0.635,0.513,0.210,0.115,0.334,0.338
7,497,314,6.262,349.6,7.975,3.020,0.8374,0.0695,1.974,0.569,2.648,0.827,0.639,0.455,0.223,0.061,0.674,0.513,0.210,0.105,0.334,0.338
7,498,314,6.251,353.2,7.975,3.020,0.8374,0.0695,1.974,0.569,2.648,0.827,0.670,0.436,0.185,0.051,0.607,0.513,0.210,0.108,0.334,0.338
7,499,313,6.266,355.2,7.962,3.016,0.8376,0.0696,1.975,0.570,2.651,0.826,0.643,0.463,0.201,0.056,0.630,0.514,0.208,0.131,0.332,0.339
7,500,312,6.284,356.5,7.962,3.021,0.8377,0.0697,1.973,0.570,2.653,0.827,0.653,0.439,0.224,0.058,0.633,0.516,0.205,0.151,0.333,0.340
7,501,312,6.287,356.3,7.962,3.021,0.8377,0.0697,1.973,0.570,2.653,0.827,0.649,0.452,0.183,0.064,0.581,0.516,0.205,0.087,0.333,0.340
7,502,313,6.286,351.6,7.965,3.017,0.8380,0.0698,1.976,0.572,2.652,0.826,0.651,0.478,0.202,0.055,0.622,0.518,0.204,0.103,0.332,0.339
7,503,313,6.285,352.7,7.965,3.017,0.8380,0.0698,1.976,0.572,2.652,0.826,0.635,0.482,0.208,0.057,0.658,0.518,0.204,0.128,0.332,0.339
7,504,313,6.283,353.8,7.965,3.017,0.8380,0.0698,1.976,0.572,2.652,0.826,0.649,0.431,0.243,0.065,0.653,0.518,0.204,0.086,0.332,0.339
7,505,313,6.277,356.4,7.965,3.017,0.8380,0.0698,1.976,0.572,2.652,0.826,0.661,0.457,0.246,0.057,0.628,0.518,0.204,0.096,0.332,0.339
7,506,313,6.282,355.3,7.965,3.017,0.8380,0.0698,1.976,0.572,2.652,0.826,0.671,0.403,0.182,0.054,0.697,0.518,0.204,0.073,0.332,0.339
7,507,313,6.281,356.0,7.965,3.017,0.8380,0.0698,1.976,0.572,2.652,0.826,0.640,0.463,0.188,0.061,0.619,0.518,0.204,0.099,0.332,0.339
7,508,313,6.288,354.6,7.965,3.017,0.8380,0.0698,1.976,0.572,2.652,0.826,0.653,0.466,0.208,0.054,0.670,0.518,0.204,0.105,0.332,0.339
7,509,313,6.280,357.6,7.965,3.017,0.8380,0.0698,1.976,0.572,2.652,0.826,0.660,0.479,0.224,0.065,0.593,0.518,0.204,0.105,0.332,0.339
7,510,313,6.285,356.3,7.965,3.017,0.8380,0.0698,1.976,0.572,2.652,0.826,0.652,0.466,0.214,0.069,0.659,0.518,0.204,0.089,0.332,0.339
7,511,313,6.292,354.9,7.965,3.017,0.8380,0.0698,1.976,0.572,2.652,0.826,0.617,0.505,0.185,0.062,0.640,0.518,0.204,0.128,0.332,0.339
7,512,314,6.275,354.4,7.978,3.021,0.8380,0.0696,1.975,0.571,2.649,0.826,0.667,0.455,0.220,0.065,0.695,0.516,0.207,0.089,0.334,0.338
7,513,314,6.280,353.3,7.978,3.021,0.8380,0.0696,1.975,0.571,2.649,0.826,0.658,0.484,0.236,0.059,0.650,0.516,0.207,0.108,0.334,0.338
7,514,314,6.285,352.1,7.978,3.021,0.8380,0.0696,1.975,0.571,2.649,0.826,0.655,0.462,0.213,0.057,0.641,0.516,0.207,0.089,0.334,0.338
7,515,315,6.280,348.1,7.984,3.018,0.8384,0.0700,1.979,0.574,2.646,0.826,0.623,0.375,0.225,0.050,0.613,0.514,0.210,0.117,0.333,0.337
7,516,315,6.275,349.8,7.984,3.018,0.8384,0.0700,1.979,0.574,2.646,0.826,0.677,0.425,0.200,0.055,0.687,0.514,0.210,0.098,0.333,0.337
7,517,316,6.245,353.0,7.978,3.015,0.8383,0.0699,1.978,0.573,2.642,0.828,0.622,0.427,0.209,0.061,0.629,0.513,0.209,0.089,0.332,0.339
7,518,316,6.252,350.8,7.978,3.015,0.8383,0.0699,1.978,0.573,2.642,0.828,0.666,0.411,0.228,0.052,0.626,0.513,0.209,0.111,0.332,0.339
7,519,316,6.258,348.9,7.978,3.015,0.8383,0.0699,1.978,0.573,2.642,0.828,0.646,0.405,0.184,0.055,0.621,0.513,0.209,0.092,0.332,0.339
7,520,316,6.249,351.3,7.978,3.015,0.8383,0.0699,1.978,0.573,2.642,0.828,0.647,0.430,0.218,0.065,0.599,0.513,0.209,0.085,0.332,0.339
7,521,317,6.231,350.5,7.984,3.013,0.8387,0.0701,1.982,0.577,2.640,0.828,0.632,0.445,0.174,0.053,0.575,0.511,0.211,0.104,0.331,0.338
7,522,317,6.241,347.0,7.984,3.013,0.8387,0.0701,1.982,0.577,2.640,0.828,0.669,0.445,0.230,0.053,0.671,0.511,0.211,0.148,0.331,0.338
7,523,317,6.237,348.0,7.984,3.013,0.8387,0.0701,1.982,0.577,2.640,0.828,0.635,0.445,0.218,0.060,0.690,0.511,0.211,0.110,0.331,0.338
7,524,317,6.234,348.5,7.984,3.013,0.8387,0.0701,1.982,0.577,2.640,0.828,0.668,0.464,0.224,0.055,0.675,0.511,0.211,0.145,0.331,0.338
7,525,316,6.244,351.2,7.994,3.013,0.8385,0.0702,1.981,0.578,2.643,0.828,0.660,0.509,0.228,0.064,0.571,0.513,0.212,0.117,0.329,0.339
7,526,316,6.246,350.6,7.994,3.013,0.8385,0.0702,1.981,0.578,2.643,0.828,0.674,0.440,0.244,0.061,0.640,0.513,0.212,0.098,0.329,0.339
7,527,316,6.259,346.4,7.994,3.013,0.8385,0.0702,1.981,0.578,2.643,0.828,0.639,0.446,0.218,0.067,0.658,0.513,0.212,0.120,0.329,0.339
7,528,316,6.250,349.3,7.994,3.013,0.8385,0.0702,1.981,0.578,2.643,0.828,0.670,0.427,0.171,0.062,0.623,0.513,0.212,0.089,0.329,0.339
7,529,316,6.262,345.7,7.994,3.013,0.8385,0.0702,1.981,0.578,2.643,0.828,0.637,0.411,0.187,0.060,0.636,0.513,0.212,0.117,0.329,0.339
7,530,316,6.261,346.0,7.994,3.013,0.8385,0.0702,1.981,0.578,2.643,0.828,0.665,0.456,0.215,0.059,0.649,0.513,0.212,0.123,0.329,0.339
7,531,316,6.257,347.2,7.994,3.013,0.8385,0.0702,1.981,0.578,2.643,0.828,0.640,0.427,0.215,0.048,0.637,0.513,0.212,0.095,0.329,0.339
7,532,316,6.259,346.7,7.994,3.013,0.8385,0.0702,1.981,0.578,2.643,0.828,0.638,0.456,0.225,0.060,0.687,0.513,0.212,0.082,0.329,0.339
7,533,316,6.255,347.9,7.994,3.013,0.8385,0.0702,1.981,0.578,2.643,0.828,0.666,0.421,0.203,0.054,0.637,0.513,0.212,0.095,0.329,0.339
7,534,316,6.263,345.5,7.994,3.013,0.8385,0.0702,1.981,0.578,2.643,0.828,0.655,0.424,0.177,0.054,0.626,0.513,0.212,0.101,0.329,0.339
7,535,315,6.288,344.4,7.984,3.013,0.8388,0.0701,1.980,0.579,2.637,0.824,0.619,0.457,0.203,0.068,0.616,0.514,0.213,0.108,0.330,0.340
7,536,315,6.284,345.9,7.984,3.013,0.8388,0.0701,1.980,0.579,2.637,0.824,0.664,0.441,0.175,0.048,0.604,0.514,0.213,0.114,0.330,0.340
7,537,315,6.281,347.4,7.984,3.013,0.8388,0.0701,1.980,0.579,2.637,0.824,0.667,0.476,0.213,0.066,0.601,0.514,0.213,0.121,0.330,0.340
7,538,317,6.242,347.6,8.003,3.013,0.8391,0.0702,1.983,0.579,2.633,0.823,0.654,0.423,0.208,0.062,0.601,0.517,0.211,0.091,0.328,0.341
7,539,317,6.243,346.9,8.003,3.013,0.8391,0.0702,1.983,0.579,2.633,0.823,0.642,0.454,0.230,0.057,0.596,0.517,0.211,0.101,0.328,0.341
7,540,317,6.241,347.4,8.003,3.013,0.8391,0.0702,1.983,0.579,2.633,0.823,0.649,0.394,0.192,0.053,0.629,0.517,0.211,0.104,0.328,0.341
7,541,317,6.245,345.7,8.003,3.013,0.8391,0.0702,1.983,0.579,2.633,0.823,0.646,0.502,0.199,0.052,0.647,0.517,0.211,0.095,0.328,0.341
7,542,316,6.261,346.7,8.013,3.013,0.8390,0.0703,1.984,0.580,2.631,0.823,0.685,0.440,0.199,0.056,0.662,0.519,0.212,0.098,0.326,0.342
7,543,316,6.255,348.7,8.013,3.013,0.8390,0.0703,1.984,0.580,2.631,0.823,0.630,0.456,0.196,0.056,0.633,0.519,0.212,0.101,0.326,0.342
7,544,316,6.254,348.8,8.013,3.013,0.8390,0.0703,1.984,0.580,2.631,0.823,0.645,0.440,0.225,0.051,0.610,0.519,0.212,0.133,0.326,0.342
7,545,316,6.258,347.6,8.013,3.013,0.8390,0.0703,1.984,0.580,2.631,0.823,0.672,0.415,0.187,0.054,0.637,0.519,0.212,0.092,0.326,0.342
7,546,316,6.259,347.2,8.013,3.013,0.8390,0.0703,1.984,0.580,2.631,0.823,0.651,0.359,0.149,0.049,0.611,0.519,0.212,0.098,0.326,0.342
7,547,316,6.266,345.4,8.013,3.013,0.8390,0.0703,1.984,0.580,2.631,0.823,0.651,0.430,0.161,0.053,0.656,0.519,0.212,0.114,0.326,0.342
7,548,317,6.247,345.2,8.013,3.008,0.8389,0.0702,1.983,0.579,2.628,0.823,0.650,0.418,0.171,0.054,0.581,0.517,0.211,0.073,0.325,0.341
7,549,317,6.241,346.8,8.013,3.008,0.8389,0.0702,1.983,0.579,2.628,0.823,0.648,0.375,0.189,0.055,0.607,0.517,0.211,0.110,0.325,0.341
7,550,317,6.248,344.4,8.013,3.008,0.8389,0.0702,1.983,0.579,2.628,0.823,0.650,0.467,0.186,0.053,0.607,0.517,0.211,0.101,0.325,0.341
7,551,317,6.239,347.1,8.013,3.008,0.8389,0.0702,1.983,0.579,2.628,0.823,0.651,0.492,0.199,0.056,0.638,0.517,0.211,0.142,0.325,0.341
7,552,316,6.241,352.1,8.006,3.011,0.8392,0.0702,1.982,0.580,2.629,0.824,0.679,0.465,0.237,0.068,0.601,0.516,0.212,0.117,0.326,0.342
7,553,316,6.246,350.4,8.006,3.011,0.8392,0.0702,1.982,0.580,2.629,0.824,0.645,0.402,0.203,0.060,0.655,0.516,0.212,0.108,0.326,0.342
7,554,317,6.237,347.0,8.006,3.006,0.8396,0.0704,1.979,0.580,2.629,0.823,0.670,0.391,0.227,0.059,0.599,0.517,0.211,0.091,0.328,0.341
7,555,317,6.231,348.4,8.006,3.006,0.8396,0.0704,1.979,0.580,2.629,0.823,0.648,0.451,0.211,0.056,0.603,0.517,0.211,0.107,0.328,0.341
7,556,317,6.229,348.7,8.006,3.006,0.8396,0.0704,1.979,0.580,2.629,0.823,0.655,0.464,0.224,0.064,0.657,0.517,0.211,0.145,0.328,0.341
7,557,318,6.218,345.7,8.009,3.002,0.8397,0.0703,1.978,0.580,2.625,0.824,0.638,0.453,0.204,0.054,0.583,0.519,0.211,0.119,0.330,0.340
7,558,318,6.224,343.5,8.009,3.002,0.8397,0.0703,1.978,0.580,2.625,0.824,0.650,0.447,0.176,0.058,0.663,0.519,0.211,0.097,0.330,0.340
7,559,318,6.209,347.5,8.009,3.002,0.8397,0.0703,1.978,0.580,2.625,0.824,0.654,0.497,0.195,0.057,0.545,0.519,0.211,0.119,0.330,0.340
7,560,318,6.203,348.5,8.009,3.002,0.8397,0.0703,1.978,0.580,2.625,0.824,0.656,0.421,0.258,0.059,0.639,0.519,0.211,0.142,0.330,0.340
7,561,318,6.201,348.5,8.009,3.002,0.8397,0.0703,1.978,0.580,2.625,0.824,0.597,0.450,0.233,0.062,0.676,0.519,0.211,0.097,0.330,0.340
7,562,318,6.201,347.8,8.009,3.002,0.8397,0.0703,1.978,0.580,2.625,0.824,0.696,0.381,0.220,0.057,0.616,0.519,0.211,0.097,0.330,0.340
7,563,319,6.186,345.7,8.016,2.999,0.8401,0.0706,1.980,0.581,2.623,0.824,0.653,0.473,0.204,0.057,0.633,0.520,0.210,0.107,0.329,0.339
7,564,320,6.159,347.2,8.019,2.995,0.8405,0.0709,1.984,0.583,2.622,0.823,0.643,0.412,0.222,0.049,0.632,0.522,0.209,0.138,0.328,0.338
7,565,320,6.167,343.5,8.019,2.995,0.8405,0.0709,1.984,0.583,2.622,0.823,0.626,0.425,0.231,0.057,0.603,0.522,0.209,0.119,0.328,0.338
7,566,320,6.162,344.1,8.019,2.995,0.8405,0.0709,1.984,0.583,2.622,0.823,0.683,0.438,0.213,0.058,0.600,0.522,0.209,0.116,0.328,0.338
7,567,321,6.137,344.7,8.009,2.995,0.8407,0.0708,1.987,0.585,2.620,0.822,0.643,0.396,0.162,0.051,0.608,0.520,0.212,0.103,0.327,0.336
7,568,322,6.124,341.2,8.016,2.992,0.8410,0.0709,1.990,0.587,2.619,0.821,0.671,0.438,0.214,0.056,0.616,0.519,0.211,0.127,0.326,0.335
7,569,322,6.110,344.1,8.016,2.992,0.8410,0.0709,1.990,0.587,2.619,0.821,0.640,0.478,0.242,0.063,0.614,0.519,0.211,0.118,0.326,0.335
7,570,322,6.105,343.7,8.016,2.992,0.8410,0.0709,1.990,0.587,2.619,0.821,0.667,0.475,0.252,0.056,0.610,0.519,0.211,0.152,0.326,0.335
7,571,323,6.084,342.6,8.022,2.990,0.8413,0.0710,1.993,0.588,2.617,0.821,0.643,0.446,0.248,0.058,0.709,0.520,0.211,0.115,0.325,0.334
7,572,322,6.096,343.0,8.019,2.994,0.8417,0.0707,1.994,0.588,2.616,0.822,0.640,0.450,0.214,0.058,0.667,0.522,0.208,0.115,0.326,0.335
7,573,323,6.070,343.2,8.028,2.994,0.8420,0.0708,1.997,0.590,2.615,0.821,0.654,0.489,0.229,0.061,0.624,0.523,0.207,0.099,0.325,0.334
7,574,323,6.058,344.9,8.028,2.994,0.8420,0.0708,1.997,0.590,2.615,0.821,0.673,0.461,0.192,0.057,0.703,0.523,0.207,0.096,0.325,0.334
7,575,323,6.058,342.7,8.028,2.994,0.8420,0.0708,1.997,0.590,2.615,0.821,0.635,0.483,0.260,0.068,0.656,0.523,0.207,0.087,0.325,0.334
7,576,323,6.038,346.9,8.028,2.994,0.8420,0.0708,1.997,0.590,2.615,0.821,0.640,0.458,0.186,0.060,0.627,0.523,0.207,0.127,0.325,0.334
7,577,323,6.040,344.1,8.028,2.994,0.8420,0.0708,1.997,0.590,2.615,0.821,0.664,0.443,0.201,0.065,0.623,0.523,0.207,0.118,0.325,0.334
7,578,323,6.038,342.6,8.028,2.994,0.8420,0.0708,1.997,0.590,2.615,0.821,0.658,0.437,0.226,0.062,0.625,0.523,0.207,0.124,0.325,0.334
7,579,323,6.042,339.4,8.028,2.994,0.8420,0.0708,1.997,0.590,2.615,0.821,0.621,0.486,0.214,0.057,0.691,0.523,0.207,0.105,0.325,0.334
7,580,323,6.028,341.9,8.028,2.994,0.8420,0.0708,1.997,0.590,2.615,0.821,0.661,0.467,0.245,0.060,0.663,0.523,0.207,0.111,0.325,0.334
7,581,322,6.046,340.4,8.025,2.998,0.8422,0.0709,1.998,0.591,2.619,0.819,0.628,0.422,0.217,0.062,0.642,0.525,0.208,0.130,0.323,0.335
7,582,322,6.042,339.9,8.025,2.998,0.8422,0.0709,1.998,0.591,2.619,0.819,0.671,0.469,0.236,0.057,0.627,0.525,0.208,0.137,0.323,0.335
7,583,322,6.039,339.4,8.025,2.998,0.8422,0.0709,1.998,0.591,2.619,0.819,0.650,0.444,0.252,0.062,0.634,0.525,0.208,0.115,0.323,0.335
7,584,322,6.037,338.3,8.025,2.998,0.8422,0.0709,1.998,0.591,2.619,0.819,0.653,0.394,0.255,0.054,0.683,0.525,0.208,0.109,0.323,0.335
7,585,323,6.017,337.4,8.034,2.998,0.8426,0.0712,2.000,0.591,2.619,0.818,0.620,0.430,0.257,0.052,0.663,0.526,0.207,0.121,0.322,0.334
7,586,323,6.005,339.5,8.034,2.998,0.8426,0.0712,2.000,0.591,2.619,0.818,0.683,0.402,0.223,0.056,0.699,0.526,0.207,0.093,0.322,0.334
7,587,324,5.983,338.6,8.037,2.994,0.8427,0.0711,1.996,0.593,2.622,0.819,0.622,0.441,0.238,0.055,0.646,0.528,0.207,0.102,0.321,0.336
7,588,323,5.989,340.5,8.046,2.993,0.8426,0.0712,1.995,0.594,2.624,0.819,0.656,0.467,0.232,0.053,0.622,0.529,0.207,0.115,0.319,0.337
7,589,324,5.963,340.8,8.052,2.991,0.8427,0.0711,1.994,0.593,2.623,0.818,0.639,0.423,0.204,0.059,0.641,0.531,0.207,0.123,0.318,0.336
7,590,324,5.948,343.2,8.052,2.991,0.8427,0.0711,1.994,0.593,2.623,0.818,0.642,0.497,0.207,0.064,0.539,0.531,0.207,0.148,0.318,0.336
7,591,323,5.960,342.8,8.074,2.970,0.8429,0.0712,1.997,0.592,2.625,0.819,0.647,0.406,0.248,0.056,0.699,0.529,0.207,0.121,0.319,0.337
7,592,323,5.960,340.9,8.074,2.970,0.8429,0.0712,1.997,0.592,2.625,0.819,0.665,0.418,0.198,0.052,0.687,0.529,0.207,0.124,0.319,0.337
7,593,323,5.953,341.0,8.074,2.970,0.8429,0.0712,1.997,0.592,2.625,0.819,0.642,0.437,0.192,0.055,0.651,0.529,0.207,0.124,0.319,0.337
7,594,323,5.945,341.7,8.074,2.970,0.8429,0.0712,1.997,0.592,2.625,0.819,0.643,0.412,0.207,0.057,0.557,0.529,0.207,0.111,0.319,0.337
7,595,324,5.911,344.6,8.080,2.967,0.8432,0.0712,1.996,0.592,2.627,0.818,0.631,0.438,0.244,0.061,0.608,0.531,0.207,0.127,0.318,0.340
7,596,324,5.898,346.0,8.080,2.967,0.8432,0.0712,1.996,0.592,2.627,0.818,0.661,0.395,0.238,0.060,0.591,0.531,0.207,0.099,0.318,0.340
7,597,324,5.891,345.5,8.080,2.967,0.8432,0.0712,1.996,0.592,2.627,0.818,0.638,0.478,0.191,0.060,0.637,0.531,0.207,0.120,0.318,0.340
7,598,324,5.885,344.9,8.080,2.967,0.8432,0.0712,1.996,0.592,2.627,0.818,0.669,0.463,0.244,0.056,0.630,0.531,0.207,0.142,0.318,0.340
7,599,323,5.891,346.3,8.068,2.963,0.8432,0.0713,1.997,0.592,2.629,0.818,0.615,0.471,0.211,0.059,0.604,0.529,0.207,0.136,0.316,0.341
7,600,323,5.886,345.4,8.068,2.963,0.8432,0.0713,1.997,0.592,2.629,0.818,0.640,0.406,0.245,0.054,0.652,0.529,0.207,0.108,0.316,0.341
7,601,324,5.871,342.4,8.077,2.963,0.8433,0.0712,1.996,0.592,2.625,0.820,0.674,0.380,0.213,0.050,0.669,0.531,0.207,0.133,0.318,0.340
7,602,324,5.866,341.8,8.077,2.963,0.8433,0.0712,1.996,0.592,2.625,0.820,0.648,0.404,0.198,0.059,0.599,0.531,0.207,0.090,0.318,0.340
7,603,324,5.861,340.9,8.077,2.963,0.8433,0.0712,1.996,0.592,2.625,0.820,0.649,0.420,0.204,0.061,0.626,0.531,0.207,0.157,0.318,0.340
7,604,324,5.862,338.5,8.077,2.963,0.8433,0.0712,1.996,0.592,2.625,0.820,0.636,0.481,0.219,0.060,0.623,0.531,0.207,0.105,0.318,0.340
7,605,324,5.848,340.7,8.077,2.963,0.8433,0.0712,1.996,0.592,2.625,0.820,0.641,0.407,0.219,0.060,0.592,0.531,0.207,0.114,0.318,0.340
7,606,323,5.859,340.4,8.090,2.959,0.8431,0.0712,1.999,0.591,2.620,0.817,0.678,0.458,0.195,0.058,0.641,0.533,0.207,0.118,0.319,0.337
7,607,322,5.870,341.2,8.096,2.961,0.8430,0.0713,1.996,0.590,2.616,0.813,0.621,0.416,0.196,0.061,0.644,0.534,0.205,0.090,0.317,0.339
7,608,322,5.864,341.2,8.096,2.961,0.8430,0.0713,1.996,0.590,2.616,0.813,0.666,0.447,0.233,0.061,0.612,0.534,0.205,0.096,0.317,0.339
7,609,322,5.847,344.7,8.096,2.961,0.8430,0.0713,1.996,0.590,2.616,0.813,0.627,0.450,0.186,0.062,0.600,0.534,0.205,0.134,0.317,0.339
7,610,322,5.843,344.1,8.096,2.961,0.8430,0.0713,1.996,0.590,2.616,0.813,0.662,0.508,0.212,0.057,0.649,0.534,0.205,0.125,0.317,0.339
7,611,322,5.848,340.9,8.096,2.961,0.8430,0.0713,1.996,0.590,2.616,0.813,0.634,0.416,0.252,0.050,0.609,0.534,0.205,0.118,0.317,0.339
7,612,322,5.838,342.5,8.096,2.961,0.8430,0.0713,1.996,0.590,2.616,0.813,0.664,0.398,0.283,0.058,0.719,0.534,0.205,0.102,0.317,0.339
7,613,322,5.821,345.9,8.096,2.961,0.8430,0.0713,1.996,0.590,2.616,0.813,0.680,0.419,0.242,0.052,0.628,0.534,0.205,0.112,0.317,0.339
7,614,322,5.822,343.7,8.096,2.961,0.8430,0.0713,1.996,0.590,2.616,0.813,0.650,0.460,0.245,0.055,0.571,0.534,0.205,0.152,0.317,0.339
7,615,322,5.805,347.1,8.096,2.961,0.8430,0.0713,1.996,0.590,2.616,0.813,0.605,0.407,0.236,0.055,0.592,0.534,0.205,0.130,0.317,0.339
7,616,322,5.797,347.6,8.096,2.961,0.8430,0.0713,1.996,0.590,2.616,0.813,0.632,0.460,0.283,0.058,0.598,0.534,0.205,0.143,0.317,0.339
7,617,322,5.783,350.0,8.093,2.959,0.8436,0.0717,2.000,0.595,2.616,0.813,0.644,0.404,0.264,0.057,0.628,0.537,0.202,0.099,0.317,0.335
7,618,322,5.786,347.0,8.093,2.959,0.8436,0.0717,2.000,0.595,2.616,0.813,0.665,0.422,0.276,0.060,0.611,0.537,0.202,0.155,0.317,0.335
7,619,322,5.779,347.3,8.093,2.959,0.8436,0.0717,2.000,0.595,2.616,0.813,0.631,0.410,0.280,0.059,0.607,0.537,0.202,0.112,0.317,0.335
7,620,321,5.784,349.3,8.087,2.962,0.8435,0.0718,1.998,0.595,2.618,0.814,0.644,0.458,0.290,0.061,0.598,0.539,0.202,0.100,0.318,0.336
7,621,320,5.801,348.0,8.091,2.966,0.8434,0.0719,1.999,0.595,2.621,0.813,0.641,0.450,0.228,0.063,0.657,0.541,0.203,0.106,0.319,0.334
7,622,320,5.807,344.9,8.091,2.966,0.8434,0.0719,1.999,0.595,2.621,0.813,0.678,0.409,0.266,0.055,0.611,0.541,0.203,0.134,0.319,0.334
7,623,320,5.796,347.1,8.091,2.966,0.8434,0.0719,1.999,0.595,2.621,0.813,0.640,0.378,0.241,0.061,0.615,0.541,0.203,0.141,0.319,0.334
7,624,319,5.816,345.1,8.082,2.966,0.8438,0.0717,1.998,0.596,2.615,0.808,0.639,0.439,0.235,0.059,0.623,0.542,0.204,0.119,0.320,0.335
7,625,319,5.806,347.5,8.082,2.966,0.8438,0.0717,1.998,0.596,2.615,0.808,0.631,0.433,0.263,0.061,0.631,0.542,0.204,0.119,0.320,0.335
7,626,318,5.817,348.8,8.072,2.966,0.8436,0.0718,1.999,0.597,2.617,0.809,0.679,0.387,0.264,0.055,0.591,0.544,0.204,0.091,0.318,0.336
7,627,318,5.823,346.2,8.072,2.966,0.8436,0.0718,1.999,0.597,2.617,0.809,0.627,0.418,0.230,0.061,0.606,0.544,0.204,0.094,0.318,0.336
7,628,318,5.832,343.0,8.072,2.966,0.8436,0.0718,1.999,0.597,2.617,0.809,0.645,0.431,0.201,0.063,0.657,0.544,0.204,0.085,0.318,0.336
7,629,318,5.829,343.6,8.072,2.966,0.8436,0.0718,1.999,0.597,2.617,0.809,0.633,0.387,0.201,0.063,0.601,0.544,0.204,0.113,0.318,0.336
7,630,319,5.805,344.8,8.069,2.962,0.8435,0.0718,1.999,0.596,2.613,0.810,0.664,0.514,0.273,0.071,0.633,0.542,0.204,0.147,0.317,0.339
7,631,319,5.797,346.4,8.069,2.962,0.8435,0.0718,1.999,0.596,2.613,0.810,0.655,0.448,0.254,0.061,0.603,0.542,0.204,0.138,0.317,0.339
7,632,319,5.804,343.2,8.069,2.962,0.8435,0.0718,1.999,0.596,2.613,0.810,0.667,0.451,0.273,0.063,0.600,0.542,0.204,0.154,0.317,0.339
7,633,318,5.819,343.7,8.075,2.964,0.8433,0.0718,2.000,0.596,2.611,0.811,0.664,0.472,0.255,0.059,0.571,0.541,0.204,0.123,0.318,0.336
7,634,318,5.818,343.6,8.075,2.964,0.8433,0.0718,2.000,0.596,2.611,0.811,0.625,0.469,0.280,0.064,0.677,0.541,0.204,0.151,0.318,0.336
7,635,318,5.802,348.0,8.075,2.964,0.8433,0.0718,2.000,0.596,2.611,0.811,0.608,0.447,0.248,0.057,0.583,0.541,0.204,0.119,0.318,0.336
7,636,319,5.783,347.4,8.088,2.968,0.8435,0.0718,2.000,0.595,2.609,0.810,0.657,0.439,0.232,0.063,0.631,0.542,0.204,0.160,0.320,0.335
7,637,319,5.794,343.2,8.088,2.968,0.8435,0.0718,2.000,0.595,2.609,0.810,0.649,0.486,0.273,0.062,0.644,0.542,0.204,0.141,0.320,0.335
7,638,319,5.776,348.1,8.094,2.965,0.8434,0.0718,1.997,0.594,2.608,0.811,0.663,0.489,0.276,0.065,0.625,0.542,0.204,0.103,0.320,0.339
7,639,319,5.774,347.7,8.094,2.965,0.8434,0.0718,1.997,0.594,2.608,0.811,0.622,0.464,0.232,0.062,0.665,0.542,0.204,0.094,0.320,0.339
7,640,319,5.773,347.1,8.094,2.965,0.8434,0.0718,1.997,0.594,2.608,0.811,0.633,0.398,0.194,0.056,0.603,0.542,0.204,0.132,0.320,0.339
7,641,319,5.776,345.0,8.094,2.965,0.8437,0.0716,1.998,0.594,2.606,0.813,0.670,0.470,0.238,0.054,0.552,0.545,0.201,0.141,0.320,0.339
7,642,319,5.772,345.6,8.094,2.965,0.8437,0.0716,1.998,0.594,2.606,0.813,0.665,0.483,0.223,0.064,0.687,0.545,0.201,0.116,0.320,0.339
7,643,318,5.781,347.5,8.113,2.950,0.8436,0.0717,1.996,0.593,2.603,0.811,0.629,0.428,0.264,0.056,0.650,0.547,0.198,0.164,0.321,0.336
7,644,318,5.784,346.0,8.113,2.950,0.8436,0.0717,1.996,0.593,2.603,0.811,0.646,0.384,0.242,0.060,0.618,0.547,0.198,0.132,0.321,0.336
7,645,318,5.783,345.6,8.113,2.950,0.8436,0.0717,1.996,0.593,2.603,0.811,0.633,0.469,0.223,0.063,0.588,0.547,0.198,0.107,0.321,0.336
7,646,318,5.770,349.0,8.113,2.950,0.8436,0.0717,1.996,0.593,2.603,0.811,0.683,0.462,0.239,0.067,0.628,0.547,0.198,0.129,0.321,0.336
7,647,318,5.769,348.4,8.113,2.950,0.8436,0.0717,1.996,0.593,2.603,0.811,0.650,0.406,0.252,0.058,0.669,0.547,0.198,0.113,0.321,0.336
7,648,318,5.759,350.8,8.113,2.950,0.8436,0.0717,1.996,0.593,2.603,0.811,0.644,0.434,0.226,0.059,0.583,0.547,0.198,0.107,0.321,0.336
7,649,318,5.764,348.6,8.113,2.950,0.8436,0.0717,1.996,0.593,2.603,0.811,0.629,0.484,0.258,0.063,0.631,0.547,0.198,0.113,0.321,0.336
7,650,318,5.751,351.6,8.113,2.950,0.8436,0.0717,1.996,0.593,2.603,0.811,0.654,0.421,0.248,0.057,0.590,0.547,0.198,0.104,0.321,0.336
7,651,318,5.755,349.5,8.113,2.950,0.8436,0.0717,1.996,0.593,2.603,0.811,0.635,0.437,0.214,0.060,0.652,0.547,0.198,0.145,0.321,0.336
7,652,318,5.758,348.0,8.113,2.950,0.8436,0.0717,1.996,0.593,2.603,0.811,0.672,0.447,0.296,0.057,0.638,0.547,0.198,0.119,0.321,0.336
7,653,318,5.747,350.6,8.113,2.950,0.8436,0.0717,1.996,0.593,2.603,0.811,0.643,0.425,0.204,0.058,0.653,0.547,0.198,0.148,0.321,0.336
7,654,318,5.743,351.0,8.113,2.950,0.8436,0.0717,1.996,0.593,2.603,0.811,0.653,0.443,0.214,0.064,0.593,0.547,0.198,0.113,0.321,0.336
7,655,318,5.740,350.9,8.113,2.950,0.8436,0.0717,1.996,0.593,2.603,0.811,0.629,0.494,0.220,0.062,0.683,0.547,0.198,0.129,0.321,0.336
7,656,318,5.751,347.0,8.113,2.950,0.8436,0.0717,1.996,0.593,2.603,0.811,0.653,0.453,0.204,0.063,0.618,0.547,0.198,0.126,0.321,0.336
7,657,319,5.724,349.0,8.119,2.948,0.8436,0.0716,1.997,0.593,2.601,0.810,0.641,0.411,0.204,0.057,0.653,0.545,0.197,0.154,0.323,0.335
7,658,319,5.737,344.1,8.119,2.948,0.8436,0.0716,1.997,0.593,2.601,0.810,0.633,0.411,0.204,0.065,0.624,0.545,0.197,0.125,0.323,0.335
7,659,319,5.736,343.5,8.119,2.948,0.8436,0.0716,1.997,0.593,2.601,0.810,0.627,0.392,0.251,0.058,0.627,0.545,0.197,0.100,0.323,0.335
7,660,319,5.727,345.3,8.119,2.948,0.8436,0.0716,1.997,0.593,2.601,0.810,0.654,0.426,0.248,0.062,0.654,0.545,0.197,0.103,0.323,0.335
7,661,319,5.719,347.1,8.119,2.948,0.8436,0.0716,1.997,0.593,2.601,0.810,0.658,0.408,0.235,0.055,0.608,0.545,0.197,0.100,0.323,0.335
7,662,319,5.720,345.6,8.119,2.948,0.8436,0.0716,1.997,0.593,2.601,0.810,0.692,0.436,0.235,0.058,0.616,0.545,0.197,0.129,0.323,0.335
7,663,318,5.735,345.9,8.129,2.947,0.8438,0.0716,1.999,0.593,2.600,0.811,0.644,0.409,0.248,0.057,0.627,0.547,0.198,0.126,0.324,0.336
7,664,318,5.729,347.2,8.129,2.947,0.8438,0.0716,1.999,0.593,2.600,0.811,0.634,0.462,0.226,0.060,0.627,0.547,0.198,0.123,0.324,0.336
7,665,318,5.732,345.7,8.129,2.947,0.8438,0.0716,1.999,0.593,2.600,0.811,0.610,0.440,0.220,0.052,0.635,0.547,0.198,0.167,0.324,0.336
7,666,317,5.753,344.4,8.126,2.951,0.8443,0.0712,1.997,0.593,2.597,0.811,0.625,0.461,0.246,0.057,0.559,0.549,0.199,0.129,0.325,0.338
7,667,318,5.742,342.1,8.135,2.951,0.8447,0.0715,2.000,0.594,2.597,0.810,0.626,0.355,0.226,0.056,0.668,0.550,0.198,0.110,0.324,0.336
7,668,319,5.716,344.1,8.125,2.952,0.8449,0.0715,2.002,0.594,2.595,0.809,0.671,0.451,0.241,0.065,0.618,0.549,0.197,0.141,0.323,0.335
7,669,319,5.720,342.3,8.125,2.952,0.8449,0.0715,2.002,0.594,2.595,0.809,0.642,0.354,0.188,0.055,0.613,0.549,0.197,0.085,0.323,0.335
7,670,319,5.729,338.9,8.125,2.952,0.8449,0.0715,2.002,0.594,2.595,0.809,0.650,0.467,0.238,0.067,0.526,0.549,0.197,0.138,0.323,0.335
7,671,319,5.721,340.8,8.125,2.952,0.8449,0.0715,2.002,0.594,2.595,0.809,0.677,0.451,0.245,0.063,0.679,0.549,0.197,0.132,0.323,0.335
7,672,319,5.708,344.1,8.125,2.952,0.8449,0.0715,2.002,0.594,2.595,0.809,0.640,0.436,0.229,0.062,0.642,0.549,0.197,0.116,0.323,0.335
7,673,319,5.699,346.1,8.125,2.952,0.8449,0.0715,2.002,0.594,2.595,0.809,0.680,0.439,0.235,0.062,0.612,0.549,0.197,0.125,0.323,0.335
7,674,318,5.705,348.8,8.135,2.951,0.8448,0.0716,2.005,0.592,2.595,0.811,0.656,0.509,0.230,0.071,0.573,0.550,0.195,0.148,0.324,0.336
7,675,318,5.697,350.6,8.135,2.951,0.8448,0.0716,2.005,0.592,2.595,0.811,0.611,0.431,0.248,0.069,0.606,0.550,0.195,0.116,0.324,0.336
7,676,318,5.695,350.3,8.135,2.951,0.8448,0.0716,2.005,0.592,2.595,0.811,0.635,0.491,0.208,0.062,0.660,0.550,0.195,0.116,0.324,0.336
7,677,318,5.694,349.8,8.135,2.951,0.8448,0.0716,2.005,0.592,2.595,0.811,0.665,0.440,0.252,0.061,0.672,0.550,0.195,0.107,0.324,0.336
7,678,318,5.705,345.7,8.135,2.951,0.8448,0.0716,2.005,0.592,2.595,0.811,0.656,0.456,0.223,0.061,0.574,0.550,0.195,0.148,0.324,0.336
7,679,318,5.702,346.1,8.135,2.951,0.8448,0.0716,2.005,0.592,2.595,0.811,0.634,0.459,0.239,0.061,0.681,0.550,0.195,0.164,0.324,0.336
7,680,318,5.692,348.5,8.135,2.951,0.8448,0.0716,2.005,0.592,2.595,0.811,0.656,0.399,0.230,0.053,0.553,0.550,0.195,0.094,0.324,0.336
7,681,317,5.709,348.2,8.123,2.948,0.8449,0.0716,2.003,0.593,2.595,0.812,0.660,0.445,0.221,0.069,0.623,0.552,0.192,0.139,0.325,0.338
7,682,317,5.692,353.0,8.123,2.948,0.8449,0.0716,2.003,0.593,2.595,0.812,0.657,0.483,0.218,0.063,0.538,0.552,0.192,0.126,0.325,0.338
7,683,317,5.694,351.8,8.123,2.948,0.8449,0.0716,2.003,0.593,2.595,0.812,0.648,0.426,0.227,0.065,0.648,0.552,0.192,0.123,0.325,0.338
7,684,317,5.697,350.2,8.123,2.948,0.8449,0.0716,2.003,0.593,2.595,0.812,0.634,0.420,0.202,0.058,0.579,0.552,0.192,0.148,0.325,0.338
7,685,318,5.679,350.0,8.110,2.952,0.8448,0.0715,2.005,0.593,2.594,0.811,0.603,0.377,0.208,0.059,0.604,0.550,0.195,0.126,0.324,0.340
7,686,318,5.674,350.6,8.110,2.952,0.8448,0.0715,2.005,0.593,2.594,0.811,0.669,0.487,0.239,0.065,0.569,0.550,0.195,0.179,0.324,0.340
7,687,317,5.701,347.1,8.114,2.956,0.8448,0.0717,2.003,0.592,2.592,0.812,0.663,0.457,0.262,0.063,0.670,0.549,0.196,0.142,0.325,0.341
7,688,317,5.703,346.2,8.114,2.956,0.8448,0.0717,2.003,0.592,2.592,0.812,0.639,0.476,0.249,0.058,0.578,0.549,0.196,0.129,0.325,0.341
7,689,317,5.707,344.9,8.114,2.956,0.8448,0.0717,2.003,0.592,2.592,0.812,0.647,0.479,0.256,0.069,0.618,0.549,0.196,0.132,0.325,0.341
7,690,317,5.704,345.5,8.114,2.956,0.8448,0.0717,2.003,0.592,2.592,0.812,0.655,0.454,0.256,0.062,0.637,0.549,0.196,0.151,0.325,0.341
7,691,317,5.709,343.7,8.114,2.956,0.8448,0.0717,2.003,0.592,2.592,0.812,0.639,0.429,0.240,0.063,0.626,0.549,0.196,0.104,0.325,0.341
7,692,316,5.719,346.3,8.104,2.956,0.8451,0.0716,2.002,0.593,2.594,0.811,0.649,0.377,0.203,0.057,0.628,0.551,0.196,0.117,0.326,0.342
7,693,315,5.748,343.1,8.098,2.959,0.8452,0.0717,2.001,0.593,2.596,0.812,0.647,0.378,0.254,0.057,0.662,0.549,0.197,0.111,0.327,0.343
7,694,315,5.747,343.8,8.098,2.959,0.8452,0.0717,2.001,0.593,2.596,0.812,0.658,0.438,0.210,0.066,0.594,0.549,0.197,0.121,0.327,0.343
7,695,315,5.749,344.0,8.098,2.959,0.8452,0.0717,2.001,0.593,2.596,0.812,0.624,0.410,0.263,0.053,0.657,0.549,0.197,0.124,0.327,0.343
7,696,315,5.749,344.5,8.098,2.959,0.8452,0.0717,2.001,0.593,2.596,0.812,0.656,0.422,0.251,0.062,0.620,0.549,0.197,0.130,0.327,0.343
7,697,315,5.752,344.2,8.098,2.959,0.8452,0.0717,2.001,0.593,2.596,0.812,0.643,0.448,0.229,0.058,0.631,0.549,0.197,0.114,0.327,0.343
7,698,314,5.773,344.1,8.092,2.962,0.8451,0.0718,2.004,0.593,2.593,0.811,0.650,0.420,0.229,0.059,0.686,0.551,0.194,0.131,0.325,0.344
7,699,314,5.766,346.9,8.092,2.962,0.8451,0.0718,2.004,0.593,2.593,0.811,0.643,0.411,0.223,0.057,0.593,0.551,0.194,0.067,0.325,0.344
7,700,314,5.766,347.8,8.105,2.957,0.8453,0.0719,2.005,0.591,2.588,0.813,0.625,0.462,0.261,0.063,0.625,0.551,0.194,0.143,0.325,0.344
7,701,314,5.766,348.3,8.105,2.957,0.8453,0.0719,2.005,0.591,2.588,0.813,0.600,0.443,0.271,0.065,0.650,0.551,0.194,0.115,0.325,0.344
7,702,314,5.766,348.9,8.105,2.957,0.8453,0.0719,2.005,0.591,2.588,0.813,0.657,0.408,0.248,0.061,0.676,0.551,0.194,0.140,0.325,0.344
7,703,314,5.771,348.2,8.105,2.957,0.8453,0.0719,2.005,0.591,2.588,0.813,0.655,0.379,0.217,0.057,0.619,0.551,0.194,0.099,0.325,0.344
7,704,314,5.765,350.6,8.105,2.957,0.8453,0.0719,2.005,0.591,2.588,0.813,0.648,0.462,0.248,0.062,0.656,0.551,0.194,0.140,0.325,0.344
7,705,313,5.790,349.2,8.096,2.957,0.8454,0.0720,2.005,0.592,2.592,0.812,0.648,0.419,0.208,0.061,0.634,0.553,0.195,0.099,0.326,0.342
7,706,313,5.788,350.7,8.096,2.957,0.8454,0.0720,2.005,0.592,2.592,0.812,0.666,0.470,0.214,0.063,0.600,0.553,0.195,0.153,0.326,0.342
7,707,313,5.795,349.6,8.096,2.957,0.8454,0.0720,2.005,0.592,2.592,0.812,0.644,0.447,0.252,0.057,0.680,0.553,0.195,0.128,0.326,0.342
7,708,313,5.798,349.5,8.096,2.957,0.8454,0.0720,2.005,0.592,2.592,0.812,0.650,0.457,0.259,0.059,0.615,0.553,0.195,0.144,0.326,0.342
7,709,312,5.809,352.7,8.083,2.954,0.8456,0.0720,2.006,0.593,2.595,0.811,0.603,0.468,0.202,0.066,0.594,0.554,0.192,0.087,0.324,0.343
7,710,312,5.808,354.0,8.083,2.954,0.8456,0.0720,2.006,0.593,2.595,0.811,0.650,0.471,0.202,0.067,0.633,0.554,0.192,0.122,0.324,0.343
7,711,312,5.813,353.5,8.083,2.954,0.8456,0.0720,2.006,0.593,2.595,0.811,0.653,0.436,0.250,0.061,0.632,0.554,0.192,0.103,0.324,0.343
7,712,313,5.788,356.3,8.096,2.957,0.8457,0.0719,2.005,0.592,2.591,0.812,0.655,0.457,0.204,0.063,0.608,0.556,0.192,0.160,0.323,0.345
7,713,313,5.796,354.3,8.096,2.957,0.8457,0.0719,2.005,0.592,2.591,0.812,0.654,0.438,0.246,0.063,0.626,0.556,0.192,0.157,0.323,0.345
7,714,313,5.801,353.5,8.096,2.957,0.8457,0.0719,2.005,0.592,2.591,0.812,0.636,0.463,0.252,0.068,0.596,0.556,0.192,0.157,0.323,0.345
7,715,313,5.810,351.6,8.096,2.957,0.8457,0.0719,2.005,0.592,2.591,0.812,0.634,0.447,0.246,0.065,0.655,0.556,0.192,0.121,0.323,0.345
7,716,313,5.823,348.4,8.096,2.957,0.8457,0.0719,2.005,0.592,2.591,0.812,0.650,0.361,0.230,0.056,0.615,0.556,0.192,0.086,0.323,0.345
7,717,313,5.822,349.6,8.096,2.957,0.8457,0.0719,2.005,0.592,2.591,0.812,0.640,0.393,0.217,0.059,0.619,0.556,0.192,0.109,0.323,0.345
7,718,313,5.818,351.6,8.096,2.957,0.8457,0.0719,2.005,0.592,2.591,0.812,0.657,0.441,0.227,0.060,0.600,0.556,0.192,0.115,0.323,0.345
7,719,312,5.847,349.6,8.090,2.960,0.8456,0.0720,2.003,0.592,2.593,0.813,0.607,0.439,0.224,0.064,0.628,0.558,0.192,0.087,0.324,0.346
7,720,312,5.853,348.8,8.090,2.960,0.8456,0.0720,2.003,0.592,2.593,0.813,0.642,0.433,0.215,0.071,0.662,0.558,0.192,0.109,0.324,0.346
7,721,312,5.862,347.5,8.090,2.960,0.8456,0.0720,2.003,0.592,2.593,0.813,0.641,0.458,0.250,0.064,0.634,0.558,0.192,0.090,0.324,0.346
7,722,312,5.862,348.7,8.090,2.960,0.8456,0.0720,2.003,0.592,2.593,0.813,0.674,0.487,0.218,0.059,0.659,0.558,0.192,0.115,0.324,0.346
7,723,312,5.871,347.4,8.090,2.960,0.8456,0.0720,2.003,0.592,2.593,0.813,0.638,0.487,0.215,0.062,0.568,0.558,0.192,0.122,0.324,0.346
7,724,312,5.872,348.4,8.090,2.960,0.8456,0.0720,2.003,0.592,2.593,0.813,0.647,0.442,0.218,0.063,0.622,0.558,0.192,0.119,0.324,0.346
7,725,311,5.897,348.1,8.106,2.951,0.8457,0.0721,2.000,0.591,2.597,0.812,0.634,0.437,0.215,0.061,0.611,0.559,0.193,0.151,0.325,0.344
7,726,312,5.887,347.2,8.109,2.946,0.8461,0.0724,2.003,0.592,2.595,0.811,0.654,0.410,0.212,0.058,0.669,0.561,0.192,0.115,0.324,0.343
7,727,312,5.891,347.1,8.109,2.946,0.8461,0.0724,2.003,0.592,2.595,0.811,0.638,0.436,0.231,0.058,0.630,0.561,0.192,0.147,0.324,0.343
7,728,311,5.916,347.0,8.103,2.949,0.8459,0.0723,2.000,0.590,2.595,0.812,0.637,0.437,0.225,0.068,0.583,0.563,0.193,0.148,0.325,0.344
7,729,310,5.948,344.8,8.090,2.945,0.8462,0.0722,1.999,0.591,2.598,0.812,0.649,0.429,0.248,0.059,0.619,0.565,0.190,0.139,0.326,0.345
7,730,310,5.954,345.2,8.090,2.945,0.8462,0.0722,1.999,0.591,2.598,0.812,0.631,0.465,0.219,0.069,0.656,0.565,0.190,0.148,0.326,0.345
7,731,310,5.963,344.6,8.090,2.945,0.8462,0.0722,1.999,0.591,2.598,0.812,0.634,0.419,0.194,0.058,0.659,0.565,0.190,0.094,0.326,0.345
7,732,310,5.967,345.7,8.090,2.945,0.8462,0.0722,1.999,0.591,2.598,0.812,0.644,0.458,0.194,0.056,0.627,0.565,0.190,0.132,0.326,0.345
7,733,310,5.973,346.2,8.090,2.945,0.8462,0.0722,1.999,0.591,2.598,0.812,0.625,0.484,0.239,0.063,0.650,0.565,0.190,0.148,0.326,0.345
7,734,309,5.991,348.6,8.100,2.945,0.8462,0.0723,1.996,0.589,2.601,0.812,0.641,0.463,0.207,0.064,0.601,0.566,0.191,0.172,0.324,0.346
7,735,309,6.002,347.6,8.100,2.945,0.8462,0.0723,1.996,0.589,2.601,0.812,0.630,0.401,0.227,0.058,0.631,0.566,0.191,0.100,0.324,0.346
7,736,308,6.023,349.6,8.110,2.944,0.8463,0.0724,1.997,0.590,2.598,0.812,0.657,0.474,0.286,0.064,0.599,0.568,0.192,0.153,0.321,0.347
7,737,309,6.012,349.6,8.120,2.944,0.8466,0.0725,1.999,0.590,2.597,0.811,0.633,0.453,0.233,0.068,0.641,0.570,0.191,0.126,0.320,0.346
7,738,309,6.013,351.6,8.120,2.944,0.8466,0.0725,1.999,0.590,2.597,0.811,0.645,0.437,0.233,0.066,0.640,0.570,0.191,0.149,0.320,0.346
7,739,308,6.037,352.5,8.114,2.947,0.8468,0.0725,1.998,0.590,2.596,0.813,0.634,0.435,0.247,0.069,0.591,0.571,0.188,0.110,0.318,0.347
7,740,308,6.048,351.8,8.114,2.947,0.8468,0.0725,1.998,0.590,2.596,0.813,0.654,0.419,0.253,0.062,0.605,0.571,0.188,0.120,0.318,0.347
7,741,308,6.057,351.5,8.114,2.947,0.8468,0.0725,1.998,0.590,2.596,0.813,0.650,0.481,0.276,0.066,0.676,0.571,0.188,0.140,0.318,0.347
7,742,308,6.058,353.7,8.114,2.947,0.8468,0.0725,1.998,0.590,2.596,0.813,0.652,0.510,0.273,0.073,0.653,0.571,0.188,0.127,0.318,0.347
7,743,308,6.067,353.2,8.114,2.947,0.8468,0.0725,1.998,0.590,2.596,0.813,0.658,0.481,0.266,0.067,0.612,0.571,0.188,0.107,0.318,0.347
7,744,308,6.080,351.8,8.114,2.947,0.8468,0.0725,1.998,0.590,2.596,0.813,0.641,0.419,0.240,0.057,0.629,0.571,0.188,0.101,0.318,0.347
7,745,309,6.063,353.3,8.113,2.942,0.8466,0.0724,1.997,0.590,2.593,0.813,0.607,0.430,0.259,0.066,0.652,0.570,0.188,0.129,0.317,0.350
7,746,309,6.063,355.4,8.113,2.942,0.8466,0.0724,1.997,0.590,2.593,0.813,0.673,0.408,0.210,0.061,0.684,0.570,0.188,0.139,0.317,0.350
7,747,309,6.083,351.3,8.113,2.942,0.8466,0.0724,1.997,0.590,2.593,0.813,0.626,0.498,0.227,0.068,0.636,0.570,0.188,0.117,0.317,0.350
7,748,310,6.069,352.0,8.119,2.939,0.8471,0.0727,2.001,0.593,2.592,0.812,0.642,0.468,0.197,0.058,0.693,0.571,0.187,0.148,0.316,0.348
7,749,311,6.060,350.5,8.129,2.939,0.8471,0.0726,2.001,0.592,2.590,0.812,0.631,0.486,0.244,0.065,0.628,0.572,0.186,0.113,0.318,0.347
7,750,311,6.067,349.9,8.129,2.939,0.8471,0.0726,2.001,0.592,2.590,0.812,0.654,0.457,0.209,0.059,0.632,0.572,0.186,0.138,0.318,0.347
7,751,312,6.063,346.8,8.131,2.935,0.8473,0.0725,2.003,0.593,2.587,0.812,0.636,0.468,0.234,0.062,0.664,0.574,0.186,0.103,0.317,0.346
7,752,312,6.065,347.7,8.131,2.935,0.8473,0.0725,2.003,0.593,2.587,0.812,0.649,0.397,0.215,0.060,0.661,0.574,0.186,0.106,0.317,0.346
7,753,312,6.079,344.9,8.131,2.935,0.8473,0.0725,2.003,0.593,2.587,0.812,0.628,0.420,0.215,0.056,0.627,0.574,0.186,0.083,0.317,0.346
7,754,312,6.081,345.8,8.131,2.935,0.8473,0.0725,2.003,0.593,2.587,0.812,0.632,0.423,0.202,0.057,0.662,0.574,0.186,0.122,0.317,0.346
7,755,311,6.105,346.1,8.151,2.919,0.8476,0.0724,2.005,0.593,2.589,0.813,0.616,0.405,0.186,0.064,0.637,0.572,0.186,0.093,0.318,0.344
7,756,311,6.107,347.4,8.151,2.919,0.8476,0.0724,2.005,0.593,2.589,0.813,0.642,0.434,0.228,0.059,0.580,0.572,0.186,0.135,0.318,0.344
7,757,311,6.110,348.2,8.151,2.919,0.8476,0.0724,2.005,0.593,2.589,0.813,0.662,0.453,0.186,0.065,0.683,0.572,0.186,0.132,0.318,0.344
7,758,310,6.131,349.2,8.139,2.915,0.8478,0.0724,2.007,0.594,2.592,0.813,0.636,0.435,0.210,0.058,0.616,0.574,0.184,0.084,0.316,0.345
7,759,310,6.134,350.5,8.139,2.915,0.8478,0.0724,2.007,0.594,2.592,0.813,0.624,0.452,0.245,0.064,0.674,0.574,0.184,0.113,0.316,0.345
7,760,310,6.133,352.4,8.139,2.915,0.8478,0.0724,2.007,0.594,2.592,0.813,0.636,0.452,0.223,0.058,0.650,0.574,0.184,0.119,0.316,0.345
7,761,310,6.145,350.7,8.139,2.915,0.8478,0.0724,2.007,0.594,2.592,0.813,0.681,0.442,0.197,0.058,0.665,0.574,0.184,0.100,0.316,0.345
7,762,310,6.157,348.8,8.139,2.915,0.8478,0.0724,2.007,0.594,2.592,0.813,0.636,0.452,0.232,0.058,0.640,0.574,0.184,0.123,0.316,0.345
7,763,310,6.159,350.3,8.139,2.915,0.8478,0.0724,2.007,0.594,2.592,0.813,0.646,0.432,0.181,0.069,0.718,0.574,0.184,0.110,0.316,0.345
7,764,310,6.166,349.9,8.139,2.915,0.8478,0.0724,2.007,0.594,2.592,0.813,0.629,0.419,0.235,0.068,0.557,0.574,0.184,0.087,0.316,0.345
7,765,310,6.173,350.0,8.139,2.915,0.8478,0.0724,2.007,0.594,2.592,0.813,0.609,0.452,0.203,0.063,0.625,0.574,0.184,0.129,0.316,0.345
7,766,310,6.174,351.5,8.139,2.915,0.8478,0.0724,2.007,0.594,2.592,0.813,0.673,0.432,0.223,0.063,0.599,0.574,0.184,0.155,0.316,0.345
7,767,310,6.175,352.9,8.139,2.915,0.8478,0.0724,2.007,0.594,2.592,0.813,0.620,0.435,0.255,0.064,0.674,0.574,0.184,0.097,0.316,0.345
7,768,310,6.172,355.5,8.139,2.915,0.8478,0.0724,2.007,0.594,2.592,0.813,0.622,0.442,0.248,0.060,0.602,0.574,0.184,0.142,0.316,0.345
7,769,310,6.171,357.2,8.139,2.915,0.8478,0.0724,2.007,0.594,2.592,0.813,0.628,0.452,0.194,0.066,0.640,0.574,0.184,0.103,0.316,0.345
7,770,310,6.192,352.5,8.139,2.915,0.8478,0.0724,2.007,0.594,2.592,0.813,0.666,0.452,0.248,0.064,0.674,0.574,0.184,0.113,0.316,0.345
7,771,310,6.194,353.7,8.139,2.915,0.8478,0.0724,2.007,0.594,2.592,0.813,0.613,0.487,0.213,0.059,0.627,0.574,0.184,0.126,0.316,0.345
7,772,310,6.202,353.0,8.139,2.915,0.8478,0.0724,2.007,0.594,2.592,0.813,0.647,0.432,0.226,0.060,0.629,0.574,0.184,0.119,0.316,0.345
7,773,310,6.222,348.7,8.139,2.915,0.8478,0.0724,2.007,0.594,2.592,0.813,0.655,0.432,0.229,0.057,0.683,0.574,0.184,0.110,0.316,0.345
7,774,310,6.237,346.3,8.139,2.915,0.8478,0.0724,2.007,0.594,2.592,0.813,0.631,0.490,0.232,0.060,0.621,0.574,0.184,0.135,0.316,0.345
7,775,310,6.231,350.0,8.139,2.915,0.8478,0.0724,2.007,0.594,2.592,0.813,0.619,0.423,0.197,0.052,0.642,0.574,0.184,0.084,0.316,0.345
7,776,310,6.238,350.0,8.139,2.915,0.8478,0.0724,2.007,0.594,2.592,0.813,0.640,0.435,0.245,0.061,0.684,0.574,0.184,0.113,0.316,0.345
7,777,310,6.249,348.6,8.139,2.915,0.8478,0.0724,2.007,0.594,2.592,0.813,0.643,0.500,0.216,0.069,0.604,0.574,0.184,0.126,0.316,0.345
7,778,310,6.261,347.0,8.139,2.915,0.8478,0.0724,2.007,0.594,2.592,0.813,0.637,0.468,0.239,0.066,0.624,0.574,0.184,0.097,0.316,0.345
7,779,308,6.300,349.7,8.136,2.911,0.8480,0.0723,2.004,0.594,2.596,0.814,0.577,0.464,0.188,0.064,0.580,0.578,0.182,0.101,0.318,0.347
7,780,308,6.311,349.0,8.136,2.911,0.8480,0.0723,2.004,0.594,2.596,0.814,0.646,0.448,0.221,0.065,0.636,0.578,0.182,0.117,0.318,0.347
7,781,308,6.316,350.1,8.136,2.911,0.8480,0.0723,2.004,0.594,2.596,0.814,0.619,0.464,0.179,0.065,0.604,0.578,0.182,0.123,0.318,0.347
7,782,308,6.327,349.4,8.159,2.906,0.8483,0.0726,2.004,0.594,2.597,0.813,0.652,0.451,0.205,0.053,0.628,0.581,0.182,0.136,0.318,0.344
7,783,308,6.326,352.3,8.159,2.906,0.8483,0.0726,2.004,0.594,2.597,0.813,0.653,0.422,0.192,0.062,0.581,0.581,0.182,0.120,0.318,0.344
7,784,308,6.351,347.3,8.159,2.906,0.8483,0.0726,2.004,0.594,2.597,0.813,0.644,0.416,0.185,0.054,0.629,0.581,0.182,0.114,0.318,0.344
7,785,309,6.330,350.3,8.165,2.903,0.8486,0.0726,2.006,0.594,2.595,0.812,0.627,0.505,0.172,0.062,0.630,0.583,0.181,0.133,0.317,0.343
7,786,308,6.350,352.6,8.179,2.898,0.8492,0.0721,2.004,0.594,2.591,0.811,0.675,0.476,0.160,0.052,0.626,0.581,0.182,0.117,0.318,0.341
7,787,308,6.362,351.4,8.179,2.898,0.8492,0.0721,2.004,0.594,2.591,0.811,0.611,0.474,0.192,0.065,0.631,0.581,0.182,0.094,0.318,0.341
7,788,308,6.363,353.5,8.179,2.898,0.8492,0.0721,2.004,0.594,2.591,0.811,0.665,0.487,0.166,0.065,0.619,0.581,0.182,0.146,0.318,0.341
7,789,307,6.385,355.4,8.182,2.902,0.8490,0.0721,2.005,0.594,2.594,0.810,0.606,0.433,0.202,0.063,0.624,0.583,0.182,0.107,0.316,0.342
7,790,307,6.387,357.6,8.182,2.902,0.8490,0.0721,2.005,0.594,2.594,0.810,0.665,0.433,0.225,0.059,0.565,0.583,0.182,0.104,0.316,0.342
7,791,307,6.396,357.3,8.182,2.902,0.8490,0.0721,2.005,0.594,2.594,0.810,0.614,0.430,0.238,0.055,0.664,0.583,0.182,0.137,0.316,0.342
7,792,308,6.376,359.4,8.192,2.902,0.8493,0.0723,2.008,0.595,2.593,0.809,0.654,0.406,0.198,0.062,0.550,0.584,0.182,0.101,0.315,0.341
7,793,309,6.360,360.0,8.204,2.905,0.8497,0.0724,2.007,0.594,2.592,0.808,0.622,0.450,0.262,0.056,0.699,0.586,0.181,0.126,0.317,0.340
7,794,309,6.357,362.4,8.204,2.905,0.8497,0.0724,2.007,0.594,2.592,0.808,0.671,0.424,0.256,0.056,0.612,0.586,0.181,0.087,0.317,0.340
7,795,309,6.358,363.4,8.204,2.905,0.8497,0.0724,2.007,0.594,2.592,0.808,0.631,0.443,0.184,0.058,0.668,0.586,0.181,0.123,0.317,0.340
7,796,310,6.342,363.5,8.210,2.902,0.8499,0.0725,2.011,0.596,2.590,0.807,0.632,0.429,0.213,0.059,0.615,0.587,0.181,0.129,0.316,0.339
7,797,310,6.336,366.2,8.210,2.902,0.8499,0.0725,2.011,0.596,2.590,0.807,0.617,0.419,0.232,0.070,0.643,0.587,0.181,0.084,0.316,0.339
7,798,310,6.344,365.0,8.210,2.902,0.8499,0.0725,2.011,0.596,2.590,0.807,0.661,0.461,0.229,0.059,0.686,0.587,0.181,0.119,0.316,0.339
7,799,309,6.369,364.7,8.201,2.903,0.8502,0.0725,2.012,0.597,2.593,0.807,0.627,0.437,0.239,0.063,0.653,0.589,0.178,0.136,0.314,0.340
7,800,311,6.340,362.5,8.212,2.897,0.8510,0.0730,2.020,0.604,2.589,0.806,0.650,0.463,0.254,0.060,0.656,0.588,0.180,0.122,0.312,0.338
7,801,312,6.322,362.7,8.224,2.900,0.8510,0.0729,2.019,0.603,2.586,0.806,0.636,0.484,0.266,0.068,0.662,0.587,0.183,0.112,0.311,0.340
7,802,312,6.326,361.9,8.224,2.900,0.8510,0.0729,2.019,0.603,2.586,0.806,0.654,0.429,0.256,0.064,0.691,0.587,0.183,0.112,0.311,0.340
7,803,312,6.339,358.4,8.224,2.900,0.8510,0.0729,2.019,0.603,2.586,0.806,0.657,0.462,0.224,0.059,0.662,0.587,0.183,0.103,0.311,0.340
7,804,312,6.341,358.7,8.224,2.900,0.8510,0.0729,2.019,0.603,2.586,0.806,0.653,0.442,0.247,0.062,0.650,0.587,0.183,0.141,0.311,0.340
7,805,312,6.340,359.7,8.224,2.900,0.8510,0.0729,2.019,0.603,2.586,0.806,0.625,0.404,0.247,0.055,0.635,0.587,0.183,0.109,0.311,0.340
7,806,312,6.347,358.2,8.224,2.900,0.8510,0.0729,2.019,0.603,2.586,0.806,0.677,0.404,0.212,0.053,0.668,0.587,0.183,0.122,0.311,0.340
7,807,312,6.354,356.7,8.224,2.900,0.8510,0.0729,2.019,0.603,2.586,0.806,0.635,0.439,0.192,0.064,0.642,0.587,0.183,0.083,0.311,0.340
7,808,312,6.347,359.6,8.224,2.900,0.8510,0.0729,2.019,0.603,2.586,0.806,0.641,0.385,0.253,0.056,0.582,0.587,0.183,0.131,0.311,0.340
7,809,312,6.340,362.4,8.224,2.900,0.8510,0.0729,2.019,0.603,2.586,0.806,0.609,0.478,0.240,0.069,0.636,0.587,0.183,0.131,0.311,0.340
7,810,312,6.329,366.0,8.224,2.900,0.8510,0.0729,2.019,0.603,2.586,0.806,0.644,0.481,0.272,0.062,0.672,0.587,0.183,0.131,0.311,0.340
7,811,312,6.339,363.1,8.224,2.900,0.8510,0.0729,2.019,0.603,2.586,0.806,0.645,0.462,0.208,0.062,0.632,0.587,0.183,0.122,0.311,0.340
7,812,312,6.347,361.4,8.224,2.900,0.8510,0.0729,2.019,0.603,2.586,0.806,0.633,0.462,0.218,0.066,0.652,0.587,0.183,0.125,0.311,0.340
7,813,312,6.345,362.4,8.224,2.900,0.8510,0.0729,2.019,0.603,2.586,0.806,0.640,0.468,0.250,0.057,0.666,0.587,0.183,0.144,0.311,0.340
7,814,312,6.344,363.2,8.224,2.900,0.8510,0.0729,2.019,0.603,2.586,0.806,0.653,0.462,0.292,0.065,0.686,0.587,0.183,0.115,0.311,0.340
7,815,312,6.335,366.0,8.224,2.900,0.8510,0.0729,2.019,0.603,2.586,0.806,0.609,0.484,0.205,0.061,0.634,0.587,0.183,0.109,0.311,0.340
7,816,313,6.310,367.9,8.227,2.896,0.8512,0.0728,2.022,0.605,2.584,0.806,0.656,0.431,0.284,0.061,0.627,0.588,0.182,0.131,0.310,0.339
7,817,313,6.313,366.7,8.227,2.896,0.8512,0.0728,2.022,0.605,2.584,0.806,0.645,0.460,0.294,0.068,0.635,0.588,0.182,0.134,0.310,0.339
7,818,313,6.318,365.0,8.227,2.896,0.8512,0.0728,2.022,0.605,2.584,0.806,0.656,0.470,0.265,0.056,0.647,0.588,0.182,0.150,0.310,0.339
7,819,313,6.312,366.9,8.227,2.896,0.8512,0.0728,2.022,0.605,2.584,0.806,0.610,0.482,0.275,0.065,0.648,0.588,0.182,0.096,0.310,0.339
7,820,313,6.318,364.7,8.227,2.896,0.8512,0.0728,2.022,0.605,2.584,0.806,0.642,0.422,0.262,0.062,0.657,0.588,0.182,0.128,0.310,0.339
7,821,313,6.331,361.1,8.227,2.896,0.8512,0.0728,2.022,0.605,2.584,0.806,0.656,0.435,0.220,0.068,0.636,0.588,0.182,0.121,0.310,0.339
7,822,313,6.337,359.5,8.227,2.896,0.8512,0.0728,2.022,0.605,2.584,0.806,0.655,0.431,0.204,0.063,0.618,0.588,0.182,0.131,0.310,0.339
7,823,313,6.339,359.2,8.227,2.896,0.8512,0.0728,2.022,0.605,2.584,0.806,0.686,0.470,0.256,0.060,0.623,0.588,0.182,0.121,0.310,0.339
7,824,313,6.338,359.6,8.227,2.896,0.8512,0.0728,2.022,0.605,2.584,0.806,0.631,0.444,0.236,0.060,0.646,0.588,0.182,0.157,0.310,0.339
7,825,313,6.333,361.4,8.227,2.896,0.8512,0.0728,2.022,0.605,2.584,0.806,0.603,0.441,0.230,0.065,0.521,0.588,0.182,0.115,0.310,0.339
7,826,313,6.334,361.2,8.227,2.896,0.8512,0.0728,2.022,0.605,2.584,0.806,0.635,0.403,0.176,0.057,0.687,0.588,0.182,0.115,0.310,0.339
7,827,313,6.335,361.3,8.227,2.896,0.8512,0.0728,2.022,0.605,2.584,0.806,0.616,0.482,0.246,0.068,0.649,0.588,0.182,0.128,0.310,0.339
7,828,313,6.334,361.6,8.227,2.896,0.8512,0.0728,2.022,0.605,2.584,0.806,0.635,0.425,0.224,0.062,0.656,0.588,0.182,0.128,0.310,0.339
7,829,313,6.327,363.8,8.227,2.896,0.8512,0.0728,2.022,0.605,2.584,0.806,0.623,0.406,0.227,0.063,0.581,0.588,0.182,0.105,0.310,0.339
7,830,313,6.330,363.0,8.227,2.896,0.8512,0.0728,2.022,0.605,2.584,0.806,0.669,0.390,0.246,0.055,0.645,0.588,0.182,0.125,0.310,0.339
7,831,313,6.333,362.2,8.227,2.896,0.8512,0.0728,2.022,0.605,2.584,0.806,0.607,0.409,0.249,0.056,0.595,0.588,0.182,0.150,0.310,0.339
7,832,313,6.329,363.5,8.227,2.896,0.8512,0.0728,2.022,0.605,2.584,0.806,0.679,0.383,0.214,0.051,0.646,0.588,0.182,0.105,0.310,0.339
7,833,313,6.333,362.3,8.227,2.896,0.8512,0.0728,2.022,0.605,2.584,0.806,0.620,0.419,0.236,0.060,0.644,0.588,0.182,0.125,0.310,0.339
7,834,313,6.332,362.9,8.227,2.896,0.8512,0.0728,2.022,0.605,2.584,0.806,0.663,0.406,0.198,0.055,0.647,0.588,0.182,0.115,0.310,0.339
7,835,313,6.345,359.1,8.227,2.896,0.8512,0.0728,2.022,0.605,2.584,0.806,0.637,0.393,0.195,0.050,0.595,0.588,0.182,0.102,0.310,0.339
7,836,313,6.327,364.7,8.227,2.896,0.8512,0.0728,2.022,0.605,2.584,0.806,0.661,0.390,0.192,0.058,0.593,0.588,0.182,0.141,0.310,0.339
7,837,313,6.349,358.1,8.227,2.896,0.8512,0.0728,2.022,0.605,2.584,0.806,0.631,0.406,0.201,0.057,0.629,0.588,0.182,0.118,0.310,0.339
7,838,313,6.348,358.9,8.227,2.896,0.8512,0.0728,2.022,0.605,2.584,0.806,0.668,0.425,0.195,0.060,0.633,0.588,0.182,0.125,0.310,0.339
7,839,313,6.356,356.7,8.227,2.896,0.8512,0.0728,2.022,0.605,2.584,0.806,0.589,0.390,0.211,0.053,0.643,0.588,0.182,0.080,0.310,0.339
7,840,313,6.368,353.9,8.227,2.896,0.8512,0.0728,2.022,0.605,2.584,0.806,0.636,0.447,0.195,0.054,0.651,0.588,0.182,0.102,0.310,0.339
7,841,313,6.376,351.9,8.227,2.896,0.8512,0.0728,2.022,0.605,2.584,0.806,0.643,0.422,0.195,0.055,0.614,0.588,0.182,0.121,0.310,0.339
7,842,312,6.386,355.9,8.221,2.899,0.8511,0.0729,2.021,0.605,2.587,0.806,0.691,0.423,0.250,0.059,0.607,0.590,0.183,0.125,0.308,0.340
7,843,312,6.387,356.4,8.221,2.899,0.8511,0.0729,2.021,0.605,2.587,0.806,0.651,0.452,0.250,0.062,0.622,0.590,0.183,0.099,0.308,0.340
7,844,312,6.389,356.5,8.221,2.899,0.8511,0.0729,2.021,0.605,2.587,0.806,0.634,0.420,0.224,0.056,0.685,0.590,0.183,0.128,0.308,0.340
7,845,312,6.408,351.8,8.221,2.899,0.8511,0.0729,2.021,0.605,2.587,0.806,0.621,0.391,0.221,0.056,0.644,0.590,0.183,0.090,0.308,0.340
7,846,312,6.421,349.1,8.221,2.899,0.8511,0.0729,2.021,0.605,2.587,0.806,0.668,0.500,0.244,0.058,0.649,0.590,0.183,0.109,0.308,0.340
7,847,312,6.413,352.7,8.221,2.899,0.8511,0.0729,2.021,0.605,2.587,0.806,0.620,0.446,0.215,0.059,0.683,0.590,0.183,0.125,0.308,0.340
7,848,312,6.419,351.9,8.221,2.899,0.8511,0.0729,2.021,0.605,2.587,0.806,0.643,0.417,0.221,0.059,0.611,0.590,0.183,0.090,0.308,0.340
7,849,312,6.421,352.4,8.221,2.899,0.8511,0.0729,2.021,0.605,2.587,0.806,0.633,0.372,0.183,0.060,0.635,0.590,0.183,0.080,0.308,0.340
7,850,312,6.422,353.1,8.221,2.899,0.8511,0.0729,2.021,0.605,2.587,0.806,0.657,0.410,0.205,0.051,0.628,0.590,0.183,0.106,0.308,0.340
7,851,312,6.427,352.7,8.221,2.899,0.8511,0.0729,2.021,0.605,2.587,0.806,0.635,0.407,0.215,0.057,0.658,0.590,0.183,0.103,0.308,0.340
7,852,312,6.430,352.8,8.221,2.899,0.8511,0.0729,2.021,0.605,2.587,0.806,0.640,0.353,0.205,0.053,0.574,0.590,0.183,0.115,0.308,0.340
7,853,312,6.442,350.3,8.221,2.899,0.8511,0.0729,2.021,0.605,2.587,0.806,0.636,0.442,0.218,0.060,0.586,0.590,0.183,0.096,0.308,0.340
7,854,312,6.443,351.3,8.231,2.900,0.8514,0.0731,2.026,0.606,2.588,0.804,0.629,0.375,0.202,0.054,0.610,0.593,0.179,0.083,0.308,0.337
7,855,312,6.462,346.9,8.231,2.900,0.8514,0.0731,2.026,0.606,2.588,0.804,0.634,0.452,0.160,0.056,0.637,0.593,0.179,0.112,0.308,0.337
7,856,312,6.456,350.0,8.231,2.900,0.8514,0.0731,2.026,0.606,2.588,0.804,0.656,0.423,0.234,0.061,0.572,0.593,0.179,0.109,0.308,0.337
7,857,312,6.452,352.5,8.231,2.900,0.8514,0.0731,2.026,0.606,2.588,0.804,0.644,0.426,0.237,0.061,0.615,0.593,0.179,0.103,0.308,0.337
7,858,314,6.405,355.0,8.252,2.902,0.8517,0.0730,2.027,0.604,2.583,0.805,0.649,0.420,0.217,0.061,0.628,0.596,0.178,0.102,0.309,0.334
7,859,313,6.425,355.6,8.240,2.899,0.8517,0.0731,2.028,0.605,2.586,0.805,0.622,0.412,0.192,0.061,0.600,0.597,0.176,0.125,0.307,0.335
7,860,313,6.444,350.5,8.240,2.899,0.8517,0.0731,2.028,0.605,2.586,0.805,0.628,0.431,0.214,0.058,0.591,0.597,0.176,0.102,0.307,0.335
7,861,314,6.433,348.3,8.248,2.899,0.8518,0.0730,2.028,0.604,2.585,0.804,0.651,0.436,0.191,0.062,0.632,0.599,0.175,0.127,0.306,0.334
7,862,315,6.419,347.2,8.251,2.895,0.8517,0.0729,2.027,0.603,2.582,0.804,0.661,0.454,0.216,0.061,0.613,0.600,0.175,0.111,0.305,0.337
7,863,315,6.408,350.6,8.251,2.895,0.8517,0.0729,2.027,0.603,2.582,0.804,0.600,0.435,0.222,0.066,0.609,0.600,0.175,0.124,0.305,0.337
7,864,317,6.379,347.6,8.249,2.895,0.8515,0.0727,2.030,0.603,2.578,0.803,0.648,0.388,0.205,0.049,0.679,0.603,0.174,0.069,0.306,0.338
7,865,317,6.381,346.7,8.249,2.895,0.8515,0.0727,2.030,0.603,2.578,0.803,0.641,0.442,0.189,0.055,0.627,0.603,0.174,0.101,0.306,0.338
7,866,317,6.384,345.6,8.249,2.895,0.8515,0.0727,2.030,0.603,2.578,0.803,0.656,0.464,0.237,0.057,0.596,0.603,0.174,0.104,0.306,0.338
7,867,317,6.363,351.4,8.249,2.895,0.8515,0.0727,2.030,0.603,2.578,0.803,0.629,0.514,0.268,0.068,0.615,0.603,0.174,0.132,0.306,0.338
7,868,317,6.355,353.2,8.249,2.895,0.8515,0.0727,2.030,0.603,2.578,0.803,0.642,0.407,0.274,0.060,0.653,0.603,0.174,0.107,0.306,0.338
7,869,317,6.360,351.2,8.249,2.895,0.8515,0.0727,2.030,0.603,2.578,0.803,0.639,0.461,0.240,0.061,0.648,0.603,0.174,0.107,0.306,0.338
7,870,317,6.364,349.6,8.249,2.895,0.8515,0.0727,2.030,0.603,2.578,0.803,0.641,0.410,0.274,0.060,0.679,0.603,0.174,0.120,0.306,0.338
7,871,317,6.357,351.1,8.249,2.895,0.8515,0.0727,2.030,0.603,2.578,0.803,0.625,0.388,0.230,0.064,0.608,0.603,0.174,0.139,0.306,0.338
7,872,317,6.362,349.1,8.249,2.895,0.8515,0.0727,2.030,0.603,2.578,0.803,0.650,0.366,0.230,0.053,0.578,0.603,0.174,0.101,0.306,0.338
7,873,317,6.365,347.9,8.249,2.895,0.8515,0.0727,2.030,0.603,2.578,0.803,0.653,0.454,0.211,0.055,0.636,0.603,0.174,0.085,0.306,0.338
7,874,317,6.358,349.4,8.249,2.895,0.8515,0.0727,2.030,0.603,2.578,0.803,0.658,0.435,0.237,0.061,0.659,0.603,0.174,0.129,0.306,0.338
7,875,317,6.364,347.3,8.249,2.895,0.8515,0.0727,2.030,0.603,2.578,0.803,0.636,0.372,0.246,0.061,0.641,0.603,0.174,0.132,0.306,0.338
7,876,316,6.391,345.0,8.250,2.900,0.8512,0.0725,2.028,0.603,2.580,0.804,0.650,0.415,0.228,0.062,0.628,0.604,0.174,0.123,0.307,0.339
7,877,316,6.387,346.4,8.250,2.900,0.8512,0.0725,2.028,0.603,2.580,0.804,0.628,0.427,0.253,0.055,0.600,0.604,0.174,0.136,0.307,0.339
7,878,316,6.372,350.9,8.250,2.900,0.8512,0.0725,2.028,0.603,2.580,0.804,0.666,0.449,0.247,0.064,0.626,0.604,0.174,0.082,0.307,0.339
7,879,316,6.369,351.6,8.250,2.900,0.8512,0.0725,2.028,0.603,2.580,0.804,0.606,0.434,0.231,0.061,0.647,0.604,0.174,0.114,0.307,0.339
7,880,315,6.385,352.6,8.270,2.883,0.8516,0.0722,2.029,0.604,2.581,0.805,0.629,0.416,0.210,0.063,0.673,0.603,0.175,0.133,0.308,0.337
7,881,316,6.376,349.5,8.272,2.879,0.8519,0.0724,2.027,0.604,2.579,0.805,0.638,0.421,0.244,0.056,0.601,0.601,0.174,0.136,0.310,0.335
7,882,316,6.367,351.9,8.272,2.879,0.8519,0.0724,2.027,0.604,2.579,0.805,0.622,0.399,0.272,0.059,0.618,0.601,0.174,0.127,0.310,0.335
7,883,316,6.354,355.7,8.272,2.879,0.8519,0.0724,2.027,0.604,2.579,0.805,0.662,0.506,0.241,0.068,0.616,0.601,0.174,0.142,0.310,0.335
7,884,316,6.366,351.6,8.272,2.879,0.8519,0.0724,2.027,0.604,2.579,0.805,0.650,0.383,0.234,0.054,0.670,0.601,0.174,0.104,0.310,0.335
7,885,315,6.388,350.7,8.279,2.880,0.8521,0.0724,2.028,0.605,2.583,0.803,0.621,0.413,0.235,0.061,0.661,0.603,0.175,0.111,0.311,0.333
7,886,315,6.385,351.9,8.279,2.880,0.8521,0.0724,2.028,0.605,2.583,0.803,0.649,0.400,0.216,0.054,0.634,0.603,0.175,0.092,0.311,0.333
7,887,315,6.381,353.2,8.279,2.880,0.8521,0.0724,2.028,0.605,2.583,0.803,0.624,0.451,0.197,0.064,0.607,0.603,0.175,0.124,0.311,0.333
7,888,315,6.380,353.4,8.279,2.880,0.8521,0.0724,2.028,0.605,2.583,0.803,0.645,0.390,0.257,0.057,0.609,0.603,0.175,0.111,0.311,0.333
7,889,315,6.379,353.8,8.279,2.880,0.8521,0.0724,2.028,0.605,2.583,0.803,0.625,0.460,0.187,0.061,0.643,0.603,0.175,0.133,0.311,0.333
7,890,316,6.360,353.3,8.288,2.880,0.8524,0.0724,2.031,0.606,2.581,0.802,0.647,0.427,0.215,0.057,0.605,0.604,0.174,0.123,0.310,0.332
7,891,316,6.361,352.7,8.288,2.880,0.8524,0.0724,2.031,0.606,2.581,0.802,0.651,0.453,0.206,0.065,0.678,0.604,0.174,0.101,0.310,0.332
7,892,316,6.371,349.5,8.288,2.880,0.8524,0.0724,2.031,0.606,2.581,0.802,0.662,0.364,0.250,0.054,0.634,0.604,0.174,0.136,0.310,0.332
7,893,316,6.362,352.1,8.288,2.880,0.8524,0.0724,2.031,0.606,2.581,0.802,0.646,0.465,0.231,0.067,0.632,0.604,0.174,0.133,0.310,0.332
7,894,316,6.359,352.6,8.288,2.880,0.8524,0.0724,2.031,0.606,2.581,0.802,0.651,0.427,0.241,0.063,0.626,0.604,0.174,0.117,0.310,0.332
7,895,316,6.351,354.8,8.288,2.880,0.8524,0.0724,2.031,0.606,2.581,0.802,0.620,0.481,0.275,0.067,0.580,0.604,0.174,0.111,0.310,0.332
7,896,316,6.338,358.1,8.288,2.880,0.8524,0.0724,2.031,0.606,2.581,0.802,0.635,0.427,0.247,0.059,0.636,0.604,0.174,0.142,0.310,0.332
7,897,316,6.355,352.5,8.288,2.880,0.8524,0.0724,2.031,0.606,2.581,0.802,0.618,0.424,0.196,0.064,0.612,0.604,0.174,0.092,0.310,0.332
7,898,316,6.356,351.9,8.288,2.880,0.8524,0.0724,2.031,0.606,2.581,0.802,0.644,0.424,0.203,0.060,0.593,0.604,0.174,0.136,0.310,0.332
7,899,316,6.362,349.8,8.288,2.880,0.8524,0.0724,2.031,0.606,2.581,0.802,0.617,0.443,0.259,0.058,0.587,0.604,0.174,0.171,0.310,0.332
7,900,317,6.348,347.8,8.300,2.883,0.8523,0.0723,2.030,0.606,2.578,0.803,0.630,0.385,0.224,0.058,0.657,0.603,0.177,0.117,0.312,0.331
7,901,317,6.350,347.0,8.300,2.883,0.8523,0.0723,2.030,0.606,2.578,0.803,0.643,0.461,0.192,0.067,0.615,0.603,0.177,0.088,0.312,0.331
7,902,317,6.354,345.5,8.300,2.883,0.8523,0.0723,2.030,0.606,2.578,0.803,0.662,0.369,0.215,0.054,0.551,0.603,0.177,0.120,0.312,0.331
7,903,317,6.360,343.4,8.300,2.883,0.8523,0.0723,2.030,0.606,2.578,0.803,0.623,0.451,0.227,0.058,0.619,0.603,0.177,0.098,0.312,0.331
7,904,317,6.360,343.5,8.300,2.883,0.8523,0.0723,2.030,0.606,2.578,0.803,0.641,0.435,0.218,0.060,0.628,0.603,0.177,0.129,0.312,0.331
7,905,317,6.360,343.5,8.300,2.883,0.8523,0.0723,2.030,0.606,2.578,0.803,0.610,0.435,0.205,0.057,0.638,0.603,0.177,0.123,0.312,0.331
7,906,317,6.353,345.4,8.300,2.883,0.8523,0.0723,2.030,0.606,2.578,0.803,0.644,0.423,0.208,0.059,0.633,0.603,0.177,0.129,0.312,0.331
7,907,317,6.353,345.3,8.300,2.883,0.8523,0.0723,2.030,0.606,2.578,0.803,0.618,0.479,0.274,0.068,0.626,0.603,0.177,0.126,0.312,0.331
7,908,317,6.335,350.3,8.300,2.883,0.8523,0.0723,2.030,0.606,2.578,0.803,0.650,0.457,0.227,0.067,0.652,0.603,0.177,0.104,0.312,0.331
7,909,317,6.335,349.9,8.300,2.883,0.8523,0.0723,2.030,0.606,2.578,0.803,0.635,0.442,0.256,0.064,0.611,0.603,0.177,0.098,0.312,0.331
7,910,317,6.339,348.2,8.300,2.883,0.8523,0.0723,2.030,0.606,2.578,0.803,0.639,0.470,0.218,0.065,0.624,0.603,0.177,0.142,0.312,0.331
7,911,317,6.339,348.0,8.300,2.883,0.8523,0.0723,2.030,0.606,2.578,0.803,0.670,0.486,0.271,0.067,0.593,0.603,0.177,0.117,0.312,0.331
7,912,317,6.340,347.2,8.300,2.883,0.8523,0.0723,2.030,0.606,2.578,0.803,0.659,0.391,0.227,0.054,0.671,0.603,0.177,0.120,0.312,0.331
7,913,316,6.357,348.1,8.310,2.881,0.8523,0.0724,2.029,0.606,2.579,0.804,0.631,0.513,0.259,0.065,0.597,0.604,0.177,0.114,0.310,0.332
7,914,316,6.359,347.3,8.310,2.881,0.8523,0.0724,2.029,0.606,2.579,0.804,0.638,0.453,0.259,0.063,0.659,0.604,0.177,0.114,0.310,0.332
7,915,316,6.363,346.1,8.310,2.881,0.8523,0.0724,2.029,0.606,2.579,0.804,0.613,0.443,0.263,0.064,0.613,0.604,0.177,0.092,0.310,0.332
7,916,316,6.366,345.3,8.310,2.881,0.8523,0.0724,2.029,0.606,2.579,0.804,0.642,0.415,0.250,0.063,0.675,0.604,0.177,0.165,0.310,0.332
7,917,317,6.339,347.6,8.315,2.878,0.8521,0.0724,2.031,0.606,2.578,0.803,0.639,0.432,0.233,0.064,0.673,0.606,0.177,0.114,0.309,0.331
7,918,317,6.338,347.6,8.315,2.878,0.8521,0.0724,2.031,0.606,2.578,0.803,0.647,0.432,0.199,0.067,0.627,0.606,0.177,0.117,0.309,0.331
7,919,317,6.334,348.4,8.315,2.878,0.8521,0.0724,2.031,0.606,2.578,0.803,0.624,0.511,0.315,0.067,0.576,0.606,0.177,0.129,0.309,0.331
7,920,317,6.320,352.4,8.315,2.878,0.8521,0.0724,2.031,0.606,2.578,0.803,0.655,0.454,0.202,0.062,0.727,0.606,0.177,0.132,0.309,0.331
7,921,317,6.336,347.0,8.315,2.878,0.8521,0.0724,2.031,0.606,2.578,0.803,0.632,0.426,0.246,0.063,0.619,0.606,0.177,0.139,0.309,0.331
7,922,317,6.340,345.6,8.315,2.878,0.8521,0.0724,2.031,0.606,2.578,0.803,0.654,0.423,0.208,0.057,0.666,0.606,0.177,0.123,0.309,0.331
7,923,317,6.340,345.2,8.315,2.878,0.8521,0.0724,2.031,0.606,2.578,0.803,0.632,0.432,0.192,0.064,0.621,0.606,0.177,0.161,0.309,0.331
7,924,316,6.357,346.0,8.307,2.879,0.8523,0.0724,2.031,0.607,2.581,0.802,0.650,0.408,0.209,0.058,0.631,0.608,0.177,0.104,0.310,0.329
7,925,317,6.335,346.8,8.315,2.878,0.8526,0.0725,2.034,0.609,2.580,0.801,0.622,0.407,0.211,0.054,0.612,0.606,0.177,0.101,0.309,0.328
7,926,317,6.334,346.8,8.315,2.878,0.8526,0.0725,2.034,0.609,2.580,0.801,0.649,0.448,0.221,0.056,0.694,0.606,0.177,0.107,0.309,0.328
7,927,317,6.330,347.6,8.315,2.878,0.8526,0.0725,2.034,0.609,2.580,0.801,0.655,0.514,0.230,0.064,0.636,0.606,0.177,0.110,0.309,0.328
7,928,317,6.323,349.5,8.315,2.878,0.8526,0.0725,2.034,0.609,2.580,0.801,0.638,0.420,0.218,0.058,0.694,0.606,0.177,0.132,0.309,0.328
7,929,316,6.354,345.8,8.323,2.880,0.8528,0.0725,2.033,0.610,2.575,0.798,0.631,0.456,0.259,0.064,0.636,0.608,0.174,0.117,0.310,0.326
7,930,316,6.348,347.6,8.323,2.880,0.8528,0.0725,2.033,0.610,2.575,0.798,0.658,0.462,0.218,0.063,0.655,0.608,0.174,0.123,0.310,0.326
7,931,316,6.349,347.3,8.323,2.880,0.8528,0.0725,2.033,0.610,2.575,0.798,0.653,0.478,0.256,0.065,0.648,0.608,0.174,0.142,0.310,0.326
7,932,317,6.327,348.1,8.331,2.879,0.8531,0.0726,2.036,0.611,2.573,0.798,0.650,0.416,0.183,0.062,0.699,0.609,0.174,0.117,0.309,0.325
7,933,317,6.328,347.3,8.331,2.879,0.8531,0.0726,2.036,0.611,2.573,0.798,0.645,0.429,0.208,0.061,0.600,0.609,0.174,0.117,0.309,0.325
7,934,317,6.331,346.1,8.331,2.879,0.8531,0.0726,2.036,0.611,2.573,0.798,0.641,0.435,0.183,0.057,0.664,0.609,0.174,0.114,0.309,0.325
7,935,318,6.317,344.3,8.324,2.878,0.8532,0.0725,2.038,0.611,2.572,0.797,0.621,0.421,0.211,0.056,0.613,0.610,0.173,0.094,0.311,0.324
7,936,318,6.317,343.8,8.324,2.878,0.8532,0.0725,2.038,0.611,2.572,0.797,0.658,0.472,0.208,0.063,0.636,0.610,0.173,0.167,0.311,0.324
7,937,318,6.315,344.0,8.324,2.878,0.8532,0.0725,2.038,0.611,2.572,0.797,0.639,0.454,0.192,0.057,0.639,0.610,0.173,0.142,0.311,0.324
7,938,318,6.305,346.4,8.324,2.878,0.8532,0.0725,2.038,0.611,2.572,0.797,0.632,0.462,0.204,0.062,0.668,0.610,0.173,0.119,0.311,0.324
7,939,318,6.295,348.8,8.324,2.878,0.8532,0.0725,2.038,0.611,2.572,0.797,0.637,0.396,0.201,0.069,0.646,0.610,0.173,0.088,0.311,0.324
7,940,318,6.294,348.4,8.324,2.878,0.8532,0.0725,2.038,0.611,2.572,0.797,0.641,0.472,0.277,0.071,0.598,0.610,0.173,0.142,0.311,0.324
7,941,318,6.280,352.0,8.324,2.878,0.8532,0.0725,2.038,0.611,2.572,0.797,0.683,0.428,0.242,0.059,0.636,0.610,0.173,0.104,0.311,0.324
7,942,318,6.280,351.0,8.324,2.878,0.8532,0.0725,2.038,0.611,2.572,0.797,0.640,0.456,0.226,0.064,0.649,0.610,0.173,0.126,0.311,0.324
7,943,317,6.298,350.8,8.319,2.881,0.8534,0.0725,2.037,0.612,2.573,0.798,0.613,0.479,0.265,0.066,0.621,0.612,0.170,0.139,0.312,0.325
7,944,317,6.293,351.8,8.319,2.881,0.8534,0.0725,2.037,0.612,2.573,0.798,0.639,0.464,0.262,0.064,0.656,0.612,0.170,0.132,0.312,0.325
7,945,317,6.297,349.8,8.319,2.881,0.8534,0.0725,2.037,0.612,2.573,0.798,0.652,0.467,0.230,0.062,0.667,0.612,0.170,0.142,0.312,0.325
7,946,317,6.301,348.4,8.319,2.881,0.8534,0.0725,2.037,0.612,2.573,0.798,0.667,0.457,0.259,0.060,0.589,0.612,0.170,0.139,0.312,0.325
7,947,317,6.303,347.4,8.334,2.871,0.8537,0.0726,2.041,0.612,2.565,0.792,0.629,0.416,0.274,0.064,0.680,0.615,0.170,0.126,0.315,0.322
7,948,317,6.299,348.2,8.334,2.871,0.8537,0.0726,2.041,0.612,2.565,0.792,0.630,0.438,0.246,0.060,0.651,0.615,0.170,0.129,0.315,0.322
7,949,318,6.274,349.4,8.343,2.870,0.8541,0.0729,2.040,0.611,2.563,0.791,0.612,0.453,0.242,0.064,0.667,0.616,0.170,0.138,0.314,0.321
7,950,318,6.270,350.1,8.343,2.870,0.8541,0.0729,2.040,0.611,2.563,0.791,0.648,0.491,0.239,0.058,0.635,0.616,0.170,0.119,0.314,0.321
7,951,318,6.272,348.5,8.343,2.870,0.8541,0.0729,2.040,0.611,2.563,0.791,0.643,0.469,0.286,0.068,0.688,0.616,0.170,0.138,0.314,0.321
7,952,318,6.262,350.9,8.343,2.870,0.8541,0.0729,2.040,0.611,2.563,0.791,0.620,0.450,0.283,0.069,0.612,0.616,0.170,0.116,0.314,0.321
7,953,318,6.261,350.3,8.343,2.870,0.8541,0.0729,2.040,0.611,2.563,0.791,0.634,0.447,0.226,0.057,0.624,0.616,0.170,0.129,0.314,0.321
7,954,318,6.268,347.5,8.343,2.870,0.8541,0.0729,2.040,0.611,2.563,0.791,0.631,0.484,0.280,0.062,0.685,0.616,0.170,0.091,0.314,0.321
7,955,318,6.260,349.1,8.343,2.870,0.8541,0.0729,2.040,0.611,2.563,0.791,0.629,0.381,0.214,0.067,0.643,0.616,0.170,0.110,0.314,0.321
7,956,318,6.267,346.2,8.343,2.870,0.8541,0.0729,2.040,0.611,2.563,0.791,0.649,0.443,0.217,0.061,0.618,0.616,0.170,0.088,0.314,0.321
7,957,318,6.266,346.0,8.343,2.870,0.8541,0.0729,2.040,0.611,2.563,0.791,0.643,0.487,0.245,0.062,0.623,0.616,0.170,0.135,0.314,0.321
7,958,317,6.290,344.3,8.353,2.869,0.8542,0.0729,2.041,0.612,2.562,0.792,0.651,0.457,0.259,0.067,0.632,0.618,0.170,0.126,0.315,0.319
7,959,317,6.288,344.7,8.353,2.869,0.8542,0.0729,2.041,0.612,2.562,0.792,0.630,0.394,0.256,0.066,0.675,0.618,0.170,0.120,0.315,0.319
7,960,317,6.293,343.1,8.353,2.869,0.8542,0.0729,2.041,0.612,2.562,0.792,0.636,0.517,0.246,0.072,0.653,0.618,0.170,0.132,0.315,0.319
7,961,317,6.283,345.9,8.353,2.869,0.8542,0.0729,2.041,0.612,2.562,0.792,0.640,0.479,0.230,0.065,0.626,0.618,0.170,0.129,0.315,0.319
7,962,317,6.283,345.7,8.353,2.869,0.8542,0.0729,2.041,0.612,2.562,0.792,0.655,0.401,0.218,0.057,0.689,0.618,0.170,0.123,0.315,0.319
7,963,317,6.281,346.2,8.353,2.869,0.8542,0.0729,2.041,0.612,2.562,0.792,0.616,0.442,0.259,0.064,0.654,0.618,0.170,0.110,0.315,0.319
7,964,318,6.256,347.6,8.365,2.871,0.8543,0.0728,2.041,0.611,2.558,0.795,0.634,0.409,0.248,0.063,0.637,0.619,0.170,0.151,0.318,0.318
7,965,318,6.256,346.8,8.365,2.871,0.8543,0.0728,2.041,0.611,2.558,0.795,0.605,0.387,0.252,0.057,0.638,0.619,0.170,0.104,0.318,0.318
7,966,318,6.248,348.6,8.365,2.871,0.8543,0.0728,2.041,0.611,2.558,0.795,0.658,0.447,0.261,0.062,0.643,0.619,0.170,0.132,0.318,0.318
7,967,318,6.244,349.3,8.390,2.850,0.8546,0.0732,2.047,0.615,2.556,0.796,0.639,0.476,0.211,0.061,0.628,0.623,0.167,0.123,0.314,0.321
7,968,318,6.236,350.8,8.390,2.850,0.8546,0.0732,2.047,0.615,2.556,0.796,0.656,0.475,0.248,0.064,0.691,0.623,0.167,0.119,0.314,0.321
7,969,318,6.237,349.6,8.390,2.850,0.8546,0.0732,2.047,0.615,2.556,0.796,0.633,0.447,0.223,0.070,0.676,0.623,0.167,0.094,0.314,0.321
7,970,318,6.234,349.9,8.390,2.850,0.8546,0.0732,2.047,0.615,2.556,0.796,0.629,0.412,0.214,0.061,0.658,0.623,0.167,0.104,0.314,0.321
7,971,318,6.231,350.0,8.390,2.850,0.8546,0.0732,2.047,0.615,2.556,0.796,0.627,0.434,0.226,0.060,0.666,0.623,0.167,0.138,0.314,0.321
7,972,318,6.221,352.3,8.390,2.850,0.8546,0.0732,2.047,0.615,2.556,0.796,0.648,0.469,0.245,0.065,0.599,0.623,0.167,0.123,0.314,0.321
7,973,318,6.218,352.2,8.390,2.850,0.8546,0.0732,2.047,0.615,2.556,0.796,0.637,0.459,0.236,0.063,0.640,0.623,0.167,0.135,0.314,0.321
7,974,318,6.221,350.2,8.390,2.850,0.8546,0.0732,2.047,0.615,2.556,0.796,0.652,0.393,0.280,0.056,0.694,0.623,0.167,0.116,0.314,0.321
7,975,318,6.206,354.1,8.390,2.850,0.8546,0.0732,2.047,0.615,2.556,0.796,0.643,0.513,0.255,0.072,0.676,0.623,0.167,0.129,0.314,0.321
7,976,319,6.205,347.4,8.398,2.850,0.8549,0.0733,2.050,0.616,2.555,0.795,0.637,0.461,0.226,0.069,0.726,0.621,0.169,0.100,0.313,0.320
7,977,319,6.198,348.6,8.398,2.850,0.8549,0.0733,2.050,0.616,2.555,0.795,0.636,0.408,0.219,0.058,0.645,0.621,0.169,0.135,0.313,0.320
7,978,319,6.195,348.4,8.398,2.850,0.8549,0.0733,2.050,0.616,2.555,0.795,0.641,0.476,0.226,0.064,0.660,0.621,0.169,0.138,0.313,0.320
7,979,319,6.195,347.4,8.398,2.850,0.8549,0.0733,2.050,0.616,2.555,0.795,0.604,0.420,0.229,0.056,0.671,0.621,0.169,0.129,0.313,0.320
7,980,319,6.194,346.8,8.398,2.850,0.8549,0.0733,2.050,0.616,2.555,0.795,0.635,0.461,0.282,0.070,0.575,0.621,0.169,0.141,0.313,0.320
7,981,319,6.180,349.9,8.398,2.850,0.8549,0.0733,2.050,0.616,2.555,0.795,0.642,0.423,0.257,0.065,0.629,0.621,0.169,0.097,0.313,0.320
7,982,319,6.185,347.4,8.398,2.850,0.8549,0.0733,2.050,0.616,2.555,0.795,0.663,0.433,0.241,0.059,0.671,0.621,0.169,0.125,0.313,0.320
7,983,319,6.190,344.9,8.398,2.850,0.8549,0.0733,2.050,0.616,2.555,0.795,0.630,0.420,0.285,0.053,0.640,0.621,0.169,0.100,0.313,0.320
7,984,320,6.151,350.0,8.406,2.849,0.8553,0.0735,2.053,0.617,2.553,0.794,0.632,0.459,0.241,0.067,0.630,0.622,0.169,0.134,0.312,0.319
7,985,320,6.149,349.2,8.406,2.849,0.8553,0.0735,2.053,0.617,2.553,0.794,0.642,0.441,0.244,0.064,0.679,0.622,0.169,0.131,0.312,0.319
7,986,320,6.148,348.0,8.406,2.849,0.8553,0.0735,2.053,0.617,2.553,0.794,0.644,0.481,0.234,0.062,0.621,0.622,0.169,0.125,0.312,0.319
7,987,320,6.150,346.3,8.406,2.849,0.8553,0.0735,2.053,0.617,2.553,0.794,0.608,0.428,0.287,0.063,0.634,0.622,0.169,0.103,0.312,0.319
7,988,320,6.136,349.0,8.406,2.849,0.8553,0.0735,2.053,0.617,2.553,0.794,0.641,0.438,0.234,0.065,0.620,0.622,0.169,0.106,0.312,0.319
7,989,320,6.129,349.9,8.406,2.849,0.8553,0.0735,2.053,0.617,2.553,0.794,0.624,0.456,0.256,0.064,0.580,0.622,0.169,0.156,0.312,0.319
7,990,320,6.127,349.1,8.406,2.849,0.8553,0.0735,2.053,0.617,2.553,0.794,0.633,0.428,0.262,0.057,0.611,0.622,0.169,0.119,0.312,0.319
7,991,319,6.148,347.2,8.426,2.831,0.8555,0.0736,2.055,0.617,2.552,0.795,0.651,0.461,0.223,0.063,0.625,0.624,0.166,0.113,0.310,0.320
7,992,319,6.137,349.4,8.426,2.831,0.8555,0.0736,2.055,0.617,2.552,0.795,0.632,0.476,0.273,0.067,0.631,0.624,0.166,0.157,0.310,0.320
7,993,320,6.109,351.2,8.431,2.828,0.8559,0.0738,2.058,0.618,2.551,0.794,0.652,0.478,0.281,0.067,0.651,0.625,0.166,0.128,0.309,0.319
7,994,320,6.097,353.0,8.431,2.828,0.8559,0.0738,2.058,0.618,2.551,0.794,0.633,0.466,0.294,0.058,0.687,0.625,0.166,0.128,0.309,0.319
7,995,320,6.082,356.0,8.431,2.828,0.8559,0.0738,2.058,0.618,2.551,0.794,0.646,0.422,0.300,0.068,0.614,0.625,0.166,0.103,0.309,0.319
7,996,320,6.090,351.8,8.431,2.828,0.8559,0.0738,2.058,0.618,2.551,0.794,0.641,0.459,0.281,0.066,0.706,0.625,0.166,0.141,0.309,0.319
7,997,319,6.109,350.4,8.442,2.825,0.8557,0.0739,2.055,0.617,2.553,0.795,0.640,0.467,0.288,0.062,0.634,0.627,0.163,0.135,0.310,0.320
7,998,319,6.103,351.0,8.442,2.825,0.8557,0.0739,2.055,0.617,2.553,0.795,0.634,0.401,0.270,0.065,0.690,0.627,0.163,0.119,0.310,0.320
7,999,319,6.101,350.4,8.442,2.825,0.8557,0.0739,2.055,0.617,2.553,0.795,0.615,0.514,0.245,0.076,0.597,0.627,0.163,0.144,0.310,0.320
7,1000,319,6.096,350.7,8.442,2.825,0.8557,0.0739,2.055,0.617,2.553,0.795,0.640,0.467,0.288,0.072,0.683,0.627,0.163,0.166,0.310,0.320
7,1001,319,6.103,347.6,8.442,2.825,0.8557,0.0739,2.055,0.617,2.553,0.795,0.619,0.436,0.310,0.065,0.631,0.627,0.163,0.119,0.310,0.320
7,1002,320,6.082,347.1,8.450,2.825,0.8561,0.0741,2.058,0.618,2.552,0.794,0.651,0.434,0.294,0.063,0.640,0.628,0.163,0.169,0.309,0.319
7,1003,320,6.067,350.4,8.450,2.825,0.8561,0.0741,2.058,0.618,2.552,0.794,0.639,0.534,0.322,0.069,0.588,0.628,0.163,0.172,0.309,0.319
7,1004,319,6.080,350.7,8.464,2.818,0.8566,0.0737,2.056,0.618,2.547,0.791,0.642,0.417,0.273,0.064,0.689,0.627,0.163,0.107,0.310,0.317
7,1005,319,6.083,348.7,8.464,2.818,0.8566,0.0737,2.056,0.618,2.547,0.791,0.616,0.476,0.282,0.064,0.614,0.627,0.163,0.132,0.310,0.317
7,1006,319,6.074,350.4,8.464,2.818,0.8566,0.0737,2.056,0.618,2.547,0.791,0.634,0.464,0.285,0.071,0.693,0.627,0.163,0.129,0.310,0.317
7,1007,319,6.072,349.9,8.464,2.818,0.8566,0.0737,2.056,0.618,2.547,0.791,0.662,0.455,0.307,0.069,0.628,0.627,0.163,0.122,0.310,0.317
7,1008,319,6.075,347.8,8.464,2.818,0.8566,0.0737,2.056,0.618,2.547,0.791,0.641,0.398,0.263,0.063,0.658,0.627,0.163,0.116,0.310,0.317
7,1009,320,6.045,350.3,8.469,2.815,0.8569,0.0738,2.060,0.621,2.545,0.790,0.648,0.475,0.312,0.064,0.654,0.625,0.166,0.144,0.309,0.316
7,1010,319,6.055,351.6,8.470,2.819,0.8573,0.0736,2.060,0.622,2.539,0.784,0.646,0.429,0.276,0.064,0.719,0.624,0.166,0.135,0.310,0.317
7,1011,319,6.054,350.5,8.470,2.819,0.8573,0.0736,2.060,0.622,2.539,0.784,0.637,0.401,0.260,0.065,0.647,0.624,0.166,0.082,0.310,0.317
7,1012,319,6.054,349.4,8.470,2.819,0.8573,0.0736,2.060,0.622,2.539,0.784,0.650,0.395,0.263,0.064,0.634,0.624,0.166,0.107,0.310,0.317
7,1013,319,6.056,347.7,8.470,2.819,0.8573,0.0736,2.060,0.622,2.539,0.784,0.628,0.442,0.226,0.067,0.642,0.624,0.166,0.110,0.310,0.317
7,1014,319,6.053,347.6,8.470,2.819,0.8573,0.0736,2.060,0.622,2.539,0.784,0.636,0.480,0.266,0.067,0.636,0.624,0.166,0.147,0.310,0.317
7,1015,319,6.045,349.0,8.470,2.819,0.8573,0.0736,2.060,0.622,2.539,0.784,0.617,0.395,0.248,0.064,0.621,0.624,0.166,0.150,0.310,0.317
7,1016,319,6.045,348.1,8.470,2.819,0.8573,0.0736,2.060,0.622,2.539,0.784,0.639,0.411,0.260,0.065,0.594,0.624,0.166,0.107,0.310,0.317
7,1017,319,6.049,345.7,8.470,2.819,0.8573,0.0736,2.060,0.622,2.539,0.784,0.617,0.464,0.282,0.061,0.648,0.624,0.166,0.157,0.310,0.317
7,1018,319,6.047,345.4,8.470,2.819,0.8573,0.0736,2.060,0.622,2.539,0.784,0.664,0.417,0.285,0.059,0.689,0.624,0.166,0.147,0.310,0.317
7,1019,319,6.039,347.2,8.470,2.819,0.8573,0.0736,2.060,0.622,2.539,0.784,0.633,0.429,0.260,0.066,0.639,0.624,0.166,0.119,0.310,0.317
7,1020,317,6.057,352.3,8.461,2.824,0.8577,0.0733,2.061,0.623,2.535,0.780,0.629,0.461,0.246,0.069,0.620,0.628,0.164,0.117,0.309,0.319
7,1021,317,6.062,350.2,8.461,2.824,0.8577,0.0733,2.061,0.623,2.535,0.780,0.648,0.527,0.208,0.066,0.643,0.628,0.164,0.161,0.309,0.319
7,1022,317,6.069,347.7,8.461,2.824,0.8577,0.0733,2.061,0.623,2.535,0.780,0.652,0.429,0.237,0.061,0.643,0.628,0.164,0.136,0.309,0.319
7,1023,317,6.068,347.6,8.461,2.824,0.8577,0.0733,2.061,0.623,2.535,0.780,0.627,0.429,0.233,0.063,0.609,0.628,0.164,0.139,0.309,0.319
7,1024,317,6.070,346.9,8.461,2.824,0.8577,0.0733,2.061,0.623,2.535,0.780,0.623,0.388,0.262,0.069,0.602,0.628,0.164,0.139,0.309,0.319
7,1025,316,6.090,346.4,8.462,2.829,0.8573,0.0731,2.064,0.623,2.534,0.781,0.630,0.408,0.259,0.064,0.659,0.627,0.165,0.101,0.307,0.320
7,1026,316,6.090,346.6,8.462,2.829,0.8573,0.0731,2.064,0.623,2.534,0.781,0.640,0.405,0.278,0.061,0.661,0.627,0.165,0.155,0.307,0.320
7,1027,315,6.105,347.7,8.483,2.810,0.8572,0.0732,2.063,0.624,2.532,0.782,0.651,0.422,0.229,0.066,0.666,0.625,0.165,0.127,0.308,0.317
7,1028,315,6.104,348.5,8.483,2.810,0.8572,0.0732,2.063,0.624,2.532,0.782,0.635,0.413,0.251,0.064,0.647,0.625,0.165,0.111,0.308,0.317
7,1029,314,6.113,351.9,8.475,2.811,0.8578,0.0725,2.065,0.624,2.530,0.781,0.629,0.427,0.277,0.058,0.612,0.627,0.162,0.137,0.309,0.315
7,1030,315,6.099,350.8,8.483,2.810,0.8582,0.0728,2.066,0.623,2.530,0.780,0.635,0.419,0.238,0.064,0.649,0.629,0.162,0.140,0.308,0.314
7,1031,314,6.115,352.0,8.487,2.815,0.8590,0.0729,2.070,0.624,2.523,0.775,0.625,0.439,0.232,0.065,0.641,0.634,0.162,0.127,0.309,0.312
7,1032,314,6.125,349.3,8.487,2.815,0.8590,0.0729,2.070,0.624,2.523,0.775,0.627,0.420,0.290,0.059,0.649,0.634,0.162,0.121,0.309,0.312
7,1033,314,6.118,352.1,8.487,2.815,0.8590,0.0729,2.070,0.624,2.523,0.775,0.625,0.420,0.306,0.063,0.634,0.634,0.162,0.131,0.309,0.312
7,1034,314,6.111,354.6,8.487,2.815,0.8590,0.0729,2.070,0.624,2.523,0.775,0.630,0.462,0.274,0.059,0.634,0.634,0.162,0.111,0.309,0.312
7,1035,314,6.108,355.8,8.487,2.815,0.8590,0.0729,2.070,0.624,2.523,0.775,0.644,0.478,0.274,0.067,0.685,0.634,0.162,0.169,0.309,0.312
7,1036,314,6.108,355.9,8.487,2.815,0.8590,0.0729,2.070,0.624,2.523,0.775,0.643,0.392,0.271,0.063,0.654,0.634,0.162,0.118,0.309,0.312
7,1037,314,6.117,353.5,8.487,2.815,0.8590,0.0729,2.070,0.624,2.523,0.775,0.655,0.411,0.248,0.064,0.718,0.634,0.162,0.096,0.309,0.312
7,1038,314,6.118,353.4,8.487,2.815,0.8590,0.0729,2.070,0.624,2.523,0.775,0.635,0.420,0.271,0.057,0.585,0.634,0.162,0.134,0.309,0.312
7,1039,314,6.120,353.1,8.487,2.815,0.8590,0.0729,2.070,0.624,2.523,0.775,0.647,0.481,0.248,0.063,0.685,0.634,0.162,0.140,0.309,0.312
7,1040,314,6.109,356.7,8.487,2.815,0.8590,0.0729,2.070,0.624,2.523,0.775,0.627,0.452,0.274,0.064,0.649,0.634,0.162,0.137,0.309,0.312
7,1041,314,6.107,357.4,8.487,2.815,0.8590,0.0729,2.070,0.624,2.523,0.775,0.618,0.404,0.322,0.064,0.645,0.634,0.162,0.105,0.309,0.312
7,1042,315,6.082,359.0,8.498,2.818,0.8591,0.0728,2.068,0.623,2.520,0.776,0.662,0.419,0.276,0.067,0.703,0.632,0.165,0.105,0.308,0.314
7,1043,315,6.077,360.2,8.498,2.818,0.8591,0.0728,2.068,0.623,2.520,0.776,0.602,0.463,0.276,0.069,0.599,0.632,0.165,0.108,0.308,0.314
7,1044,316,6.061,358.9,8.509,2.820,0.8592,0.0727,2.069,0.622,2.515,0.780,0.636,0.484,0.301,0.075,0.671,0.633,0.165,0.142,0.310,0.313
7,1045,317,6.029,362.0,8.517,2.819,0.8591,0.0726,2.067,0.622,2.512,0.780,0.601,0.473,0.319,0.071,0.638,0.634,0.164,0.151,0.312,0.312
7,1046,317,6.017,364.5,8.517,2.819,0.8591,0.0726,2.067,0.622,2.512,0.780,0.662,0.476,0.306,0.067,0.696,0.634,0.164,0.180,0.312,0.312
7,1047,317,6.029,359.5,8.517,2.819,0.8591,0.0726,2.067,0.622,2.512,0.780,0.639,0.413,0.287,0.057,0.613,0.634,0.164,0.136,0.312,0.312
7,1048,317,6.027,359.0,8.517,2.819,0.8591,0.0726,2.067,0.622,2.512,0.780,0.617,0.366,0.252,0.057,0.632,0.634,0.164,0.107,0.312,0.312
7,1049,317,6.030,357.2,8.517,2.819,0.8591,0.0726,2.067,0.622,2.512,0.780,0.634,0.435,0.237,0.063,0.549,0.634,0.164,0.110,0.312,0.312
7,1050,317,6.036,354.5,8.517,2.819,0.8591,0.0726,2.067,0.622,2.512,0.780,0.648,0.451,0.274,0.062,0.644,0.634,0.164,0.158,0.312,0.312
7,1051,317,6.039,352.8,8.517,2.819,0.8591,0.0726,2.067,0.622,2.512,0.780,0.616,0.448,0.322,0.073,0.650,0.634,0.164,0.155,0.312,0.312
7,1052,317,6.023,357.1,8.517,2.819,0.8591,0.0726,2.067,0.622,2.512,0.780,0.656,0.432,0.230,0.066,0.637,0.634,0.164,0.123,0.312,0.312
7,1053,317,6.015,358.6,8.517,2.819,0.8591,0.0726,2.067,0.622,2.512,0.780,0.606,0.451,0.246,0.067,0.622,0.634,0.164,0.170,0.312,0.312
7,1054,317,6.012,358.5,8.517,2.819,0.8591,0.0726,2.067,0.622,2.512,0.780,0.643,0.442,0.297,0.065,0.597,0.634,0.164,0.129,0.312,0.312
7,1055,317,6.021,354.7,8.517,2.819,0.8591,0.0726,2.067,0.622,2.512,0.780,0.618,0.429,0.259,0.061,0.637,0.634,0.164,0.107,0.312,0.312
7,1056,317,6.014,356.1,8.517,2.819,0.8591,0.0726,2.067,0.622,2.512,0.780,0.629,0.464,0.300,0.067,0.645,0.634,0.164,0.129,0.312,0.312
7,1057,317,6.005,357.9,8.517,2.819,0.8591,0.0726,2.067,0.622,2.512,0.780,0.645,0.442,0.252,0.064,0.625,0.634,0.164,0.132,0.312,0.312
7,1058,317,6.007,356.4,8.517,2.819,0.8591,0.0726,2.067,0.622,2.512,0.780,0.674,0.407,0.230,0.068,0.622,0.634,0.164,0.104,0.312,0.312
7,1059,317,6.005,356.1,8.517,2.819,0.8591,0.0726,2.067,0.622,2.512,0.780,0.650,0.435,0.271,0.066,0.674,0.634,0.164,0.139,0.312,0.312
7,1060,317,6.015,352.5,8.517,2.819,0.8591,0.0726,2.067,0.622,2.512,0.780,0.621,0.423,0.240,0.064,0.639,0.634,0.164,0.161,0.312,0.312
7,1061,317,6.023,349.4,8.517,2.819,0.8591,0.0726,2.067,0.622,2.512,0.780,0.607,0.426,0.281,0.058,0.691,0.634,0.164,0.132,0.312,0.312
7,1062,317,6.011,352.6,8.517,2.819,0.8591,0.0726,2.067,0.622,2.512,0.780,0.643,0.461,0.274,0.069,0.653,0.634,0.164,0.148,0.312,0.312
7,1063,317,6.012,351.6,8.517,2.819,0.8591,0.0726,2.067,0.622,2.512,0.780,0.630,0.404,0.290,0.058,0.668,0.634,0.164,0.123,0.312,0.312
7,1064,317,5.999,355.1,8.517,2.819,0.8591,0.0726,2.067,0.622,2.512,0.780,0.640,0.432,0.297,0.069,0.633,0.634,0.164,0.148,0.312,0.312
7,1065,317,5.992,356.4,8.517,2.819,0.8591,0.0726,2.067,0.622,2.512,0.780,0.636,0.467,0.331,0.072,0.650,0.634,0.164,0.136,0.312,0.312
7,1066,317,5.985,357.6,8.517,2.819,0.8591,0.0726,2.067,0.622,2.512,0.780,0.626,0.539,0.344,0.081,0.619,0.634,0.164,0.164,0.312,0.312
7,1067,317,5.981,357.9,8.517,2.819,0.8591,0.0726,2.067,0.622,2.512,0.780,0.605,0.426,0.265,0.064,0.703,0.634,0.164,0.129,0.312,0.312
7,1068,317,5.993,353.3,8.517,2.819,0.8591,0.0726,2.067,0.622,2.512,0.780,0.621,0.454,0.315,0.071,0.594,0.634,0.164,0.164,0.312,0.312
7,1069,316,6.006,354.4,8.532,2.812,0.8592,0.0727,2.065,0.621,2.514,0.781,0.623,0.453,0.304,0.072,0.658,0.636,0.165,0.130,0.310,0.313
7,1070,315,6.018,356.4,8.537,2.815,0.8597,0.0723,2.065,0.622,2.508,0.775,0.635,0.451,0.327,0.070,0.671,0.638,0.165,0.152,0.311,0.314
7,1071,315,6.029,352.8,8.537,2.815,0.8597,0.0723,2.065,0.622,2.508,0.775,0.595,0.479,0.317,0.062,0.677,0.638,0.165,0.137,0.311,0.314
7,1072,315,6.035,351.2,8.537,2.815,0.8597,0.0723,2.065,0.622,2.508,0.775,0.649,0.397,0.263,0.058,0.643,0.638,0.165,0.108,0.311,0.314
7,1073,314,6.061,349.4,8.532,2.818,0.8600,0.0721,2.065,0.623,2.506,0.776,0.622,0.439,0.274,0.062,0.661,0.640,0.162,0.172,0.309,0.315
7,1074,314,6.056,351.4,8.532,2.818,0.8600,0.0721,2.065,0.623,2.506,0.776,0.640,0.424,0.271,0.065,0.679,0.640,0.162,0.124,0.309,0.315
7,1075,314,6.054,352.3,8.532,2.818,0.8600,0.0721,2.065,0.623,2.506,0.776,0.617,0.414,0.277,0.061,0.618,0.640,0.162,0.137,0.309,0.315
7,1076,314,6.060,351.1,8.532,2.818,0.8600,0.0721,2.065,0.623,2.506,0.776,0.644,0.439,0.299,0.062,0.647,0.640,0.162,0.153,0.309,0.315
7,1077,314,6.046,355.7,8.532,2.818,0.8600,0.0721,2.065,0.623,2.506,0.776,0.640,0.398,0.287,0.061,0.635,0.640,0.162,0.150,0.309,0.315
7,1078,315,6.029,355.1,8.537,2.815,0.8603,0.0722,2.067,0.623,2.505,0.775,0.623,0.410,0.229,0.059,0.651,0.638,0.162,0.156,0.308,0.314
7,1079,315,6.038,352.3,8.537,2.815,0.8603,0.0722,2.067,0.623,2.505,0.775,0.632,0.435,0.197,0.062,0.646,0.638,0.162,0.114,0.308,0.314
7,1080,315,6.042,351.3,8.537,2.815,0.8603,0.0722,2.067,0.623,2.505,0.775,0.618,0.422,0.248,0.056,0.605,0.638,0.162,0.133,0.308,0.314
7,1081,315,6.044,350.7,8.537,2.815,0.8603,0.0722,2.067,0.623,2.505,0.775,0.652,0.429,0.229,0.058,0.618,0.638,0.162,0.117,0.308,0.314
7,1082,315,6.055,347.6,8.537,2.815,0.8603,0.0722,2.067,0.623,2.505,0.775,0.638,0.375,0.267,0.059,0.697,0.638,0.162,0.117,0.308,0.314
7,1083,315,6.044,351.3,8.537,2.815,0.8603,0.0722,2.067,0.623,2.505,0.775,0.648,0.438,0.260,0.062,0.617,0.638,0.162,0.140,0.308,0.314
7,1084,316,6.024,351.7,8.538,2.811,0.8604,0.0721,2.069,0.624,2.502,0.775,0.637,0.427,0.269,0.068,0.629,0.639,0.161,0.130,0.307,0.313
7,1085,317,6.007,350.9,8.546,2.810,0.8605,0.0720,2.068,0.623,2.499,0.776,0.620,0.410,0.328,0.067,0.605,0.637,0.164,0.139,0.309,0.312
7,1086,317,6.013,348.5,8.546,2.810,0.8605,0.0720,2.068,0.623,2.499,0.776,0.634,0.429,0.259,0.071,0.661,0.637,0.164,0.123,0.309,0.312
7,1087,317,6.012,348.4,8.546,2.810,0.8605,0.0720,2.068,0.623,2.499,0.776,0.651,0.423,0.246,0.072,0.654,0.637,0.164,0.120,0.309,0.312
7,1088,317,6.010,348.6,8.546,2.810,0.8605,0.0720,2.068,0.623,2.499,0.776,0.624,0.410,0.259,0.069,0.676,0.637,0.164,0.142,0.309,0.312
7,1089,317,6.014,347.2,8.546,2.810,0.8605,0.0720,2.068,0.623,2.499,0.776,0.622,0.470,0.265,0.062,0.612,0.637,0.164,0.101,0.309,0.312
7,1090,318,5.983,350.5,8.550,2.806,0.8608,0.0722,2.072,0.626,2.497,0.776,0.671,0.387,0.248,0.064,0.597,0.638,0.164,0.126,0.308,0.311
7,1091,319,5.962,350.2,8.561,2.809,0.8609,0.0721,2.071,0.625,2.495,0.776,0.642,0.442,0.285,0.068,0.537,0.639,0.163,0.135,0.307,0.313
7,1092,319,5.957,350.8,8.561,2.809,0.8609,0.0721,2.071,0.625,2.495,0.776,0.648,0.370,0.298,0.063,0.642,0.639,0.163,0.132,0.307,0.313
7,1093,319,5.959,348.9,8.561,2.809,0.8609,0.0721,2.071,0.625,2.495,0.776,0.656,0.483,0.288,0.068,0.642,0.639,0.163,0.163,0.307,0.313
7,1094,319,5.961,347.1,8.561,2.809,0.8609,0.0721,2.071,0.625,2.495,0.776,0.623,0.395,0.273,0.063,0.673,0.639,0.163,0.116,0.307,0.313
7,1095,318,5.971,348.9,8.572,2.806,0.8607,0.0722,2.069,0.625,2.496,0.777,0.621,0.368,0.296,0.057,0.647,0.642,0.164,0.110,0.308,0.314
7,1096,318,5.978,346.1,8.572,2.806,0.8607,0.0722,2.069,0.625,2.496,0.777,0.626,0.362,0.286,0.053,0.669,0.642,0.164,0.116,0.308,0.314
7,1097,318,5.962,350.5,8.572,2.806,0.8607,0.0722,2.069,0.625,2.496,0.777,0.631,0.443,0.274,0.067,0.627,0.642,0.164,0.104,0.308,0.314
7,1098,317,5.970,352.7,8.584,2.803,0.8609,0.0722,2.072,0.624,2.496,0.778,0.650,0.416,0.268,0.070,0.622,0.644,0.164,0.110,0.309,0.312
7,1099,317,5.979,349.4,8.584,2.803,0.8609,0.0722,2.072,0.624,2.496,0.778,0.610,0.473,0.297,0.077,0.651,0.644,0.164,0.126,0.309,0.312
7,1100,317,5.970,351.6,8.584,2.803,0.8609,0.0722,2.072,0.624,2.496,0.778,0.628,0.442,0.315,0.061,0.638,0.644,0.164,0.142,0.309,0.312
7,1101,317,5.970,351.2,8.584,2.803,0.8609,0.0722,2.072,0.624,2.496,0.778,0.678,0.438,0.287,0.065,0.624,0.644,0.164,0.123,0.309,0.312
7,1102,317,5.968,351.3,8.584,2.803,0.8609,0.0722,2.072,0.624,2.496,0.778,0.644,0.438,0.268,0.074,0.668,0.644,0.164,0.104,0.309,0.312
7,1103,317,5.956,354.2,8.584,2.803,0.8609,0.0722,2.072,0.624,2.496,0.778,0.625,0.502,0.331,0.079,0.675,0.644,0.164,0.177,0.309,0.312
7,1104,317,5.948,355.8,8.584,2.803,0.8609,0.0722,2.072,0.624,2.496,0.778,0.636,0.413,0.237,0.075,0.635,0.644,0.164,0.095,0.309,0.312
7,1105,317,5.979,345.8,8.584,2.803,0.8609,0.0722,2.072,0.624,2.496,0.778,0.616,0.388,0.278,0.059,0.669,0.644,0.164,0.098,0.309,0.312
7,1106,317,5.971,348.1,8.584,2.803,0.8609,0.0722,2.072,0.624,2.496,0.778,0.643,0.435,0.256,0.065,0.653,0.644,0.164,0.110,0.309,0.312
7,1107,317,5.966,349.2,8.584,2.803,0.8609,0.0722,2.072,0.624,2.496,0.778,0.629,0.464,0.303,0.064,0.595,0.644,0.164,0.110,0.309,0.312
7,1108,316,5.982,349.8,8.585,2.807,0.8613,0.0721,2.072,0.624,2.491,0.773,0.633,0.427,0.310,0.072,0.621,0.646,0.165,0.133,0.310,0.313
7,1109,316,5.968,353.6,8.585,2.807,0.8613,0.0721,2.072,0.624,2.491,0.773,0.618,0.415,0.313,0.066,0.611,0.646,0.165,0.152,0.310,0.313
7,1110,316,5.972,352.2,8.585,2.807,0.8613,0.0721,2.072,0.624,2.491,0.773,0.648,0.487,0.256,0.073,0.663,0.646,0.165,0.133,0.310,0.313
7,1111,316,5.971,352.3,8.585,2.807,0.8613,0.0721,2.072,0.624,2.491,0.773,0.631,0.405,0.253,0.064,0.653,0.646,0.165,0.133,0.310,0.313
7,1112,316,5.976,350.5,8.585,2.807,0.8613,0.0721,2.072,0.624,2.491,0.773,0.632,0.399,0.228,0.064,0.646,0.646,0.165,0.139,0.310,0.313
7,1113,316,5.973,351.3,8.585,2.807,0.8613,0.0721,2.072,0.624,2.491,0.773,0.640,0.396,0.307,0.063,0.600,0.646,0.165,0.123,0.310,0.313
7,1114,315,5.984,353.5,8.584,2.812,0.8613,0.0722,2.073,0.625,2.492,0.773,0.649,0.460,0.302,0.069,0.653,0.648,0.165,0.149,0.311,0.314
7,1115,315,5.978,355.1,8.584,2.812,0.8613,0.0722,2.073,0.625,2.492,0.773,0.598,0.424,0.280,0.062,0.642,0.648,0.165,0.092,0.311,0.314
7,1116,315,5.989,351.8,8.584,2.812,0.8613,0.0722,2.073,0.625,2.492,0.773,0.630,0.457,0.260,0.079,0.603,0.648,0.165,0.114,0.311,0.314
7,1117,315,5.984,353.2,8.584,2.812,0.8613,0.0722,2.073,0.625,2.492,0.773,0.622,0.424,0.268,0.070,0.608,0.648,0.165,0.121,0.311,0.314
7,1118,315,5.982,353.8,8.584,2.812,0.8613,0.0722,2.073,0.625,2.492,0.773,0.651,0.489,0.263,0.078,0.664,0.648,0.165,0.143,0.311,0.314
7,1119,315,5.985,353.2,8.584,2.812,0.8613,0.0722,2.073,0.625,2.492,0.773,0.619,0.406,0.279,0.064,0.634,0.648,0.165,0.108,0.311,0.314
7,1120,315,5.980,354.6,8.584,2.812,0.8613,0.0722,2.073,0.625,2.492,0.773,0.634,0.448,0.289,0.071,0.616,0.648,0.165,0.133,0.311,0.314
7,1121,315,5.985,353.0,8.584,2.812,0.8613,0.0722,2.073,0.625,2.492,0.773,0.637,0.517,0.295,0.069,0.658,0.648,0.165,0.159,0.311,0.314
7,1122,315,5.989,351.7,8.584,2.812,0.8613,0.0722,2.073,0.625,2.492,0.773,0.634,0.432,0.263,0.068,0.611,0.648,0.165,0.171,0.311,0.314
7,1123,315,5.997,349.5,8.584,2.812,0.8613,0.0722,2.073,0.625,2.492,0.773,0.653,0.397,0.270,0.070,0.644,0.648,0.165,0.130,0.311,0.314
7,1124,315,5.999,349.2,8.584,2.812,0.8613,0.0722,2.073,0.625,2.492,0.773,0.610,0.390,0.289,0.068,0.619,0.648,0.165,0.121,0.311,0.314
7,1125,315,5.995,350.6,8.584,2.812,0.8613,0.0722,2.073,0.625,2.492,0.773,0.631,0.422,0.289,0.057,0.566,0.648,0.165,0.137,0.311,0.314
7,1126,315,5.994,351.1,8.584,2.812,0.8613,0.0722,2.073,0.625,2.492,0.773,0.638,0.470,0.279,0.070,0.658,0.648,0.165,0.092,0.311,0.314
7,1127,316,5.974,351.4,8.595,2.814,0.8616,0.0722,2.076,0.626,2.491,0.773,0.600,0.437,0.263,0.071,0.649,0.649,0.165,0.146,0.310,0.316
7,1128,316,5.982,348.8,8.595,2.814,0.8616,0.0722,2.076,0.626,2.491,0.773,0.635,0.421,0.259,0.066,0.639,0.649,0.165,0.136,0.310,0.316
7,1129,316,5.968,353.1,8.595,2.814,0.8616,0.0722,2.076,0.626,2.491,0.773,0.629,0.456,0.266,0.076,0.602,0.649,0.165,0.142,0.310,0.316
7,1130,316,5.972,351.3,8.595,2.814,0.8616,0.0722,2.076,0.626,2.491,0.773,0.646,0.396,0.259,0.066,0.637,0.649,0.165,0.139,0.310,0.316
7,1131,316,5.964,353.7,8.595,2.814,0.8616,0.0722,2.076,0.626,2.491,0.773,0.620,0.421,0.275,0.065,0.612,0.649,0.165,0.149,0.310,0.316
7,1132,316,5.965,353.1,8.595,2.814,0.8616,0.0722,2.076,0.626,2.491,0.773,0.629,0.402,0.247,0.057,0.664,0.649,0.165,0.111,0.310,0.316
7,1133,316,5.962,353.5,8.595,2.814,0.8616,0.0722,2.076,0.626,2.491,0.773,0.606,0.402,0.272,0.059,0.622,0.649,0.165,0.136,0.310,0.316
7,1134,316,5.970,350.8,8.595,2.814,0.8616,0.0722,2.076,0.626,2.491,0.773,0.637,0.443,0.269,0.061,0.591,0.649,0.165,0.136,0.310,0.316
7,1135,316,5.963,352.7,8.595,2.814,0.8616,0.0722,2.076,0.626,2.491,0.773,0.631,0.484,0.288,0.066,0.615,0.649,0.165,0.123,0.310,0.316
7,1136,316,5.964,352.0,8.595,2.814,0.8616,0.0722,2.076,0.626,2.491,0.773,0.658,0.434,0.253,0.074,0.601,0.649,0.165,0.108,0.310,0.316
7,1137,316,5.962,352.6,8.595,2.814,0.8616,0.0722,2.076,0.626,2.491,0.773,0.618,0.453,0.294,0.072,0.619,0.649,0.165,0.139,0.310,0.316
7,1138,316,5.964,351.6,8.595,2.814,0.8616,0.0722,2.076,0.626,2.491,0.773,0.634,0.396,0.285,0.067,0.676,0.649,0.165,0.127,0.310,0.316
7,1139,316,5.955,354.1,8.595,2.814,0.8616,0.0722,2.076,0.626,2.491,0.773,0.625,0.430,0.269,0.070,0.611,0.649,0.165,0.149,0.310,0.316
7,1140,316,5.963,351.4,8.595,2.814,0.8616,0.0722,2.076,0.626,2.491,0.773,0.629,0.377,0.301,0.062,0.633,0.649,0.165,0.114,0.310,0.316
7,1141,316,5.955,353.3,8.595,2.814,0.8616,0.0722,2.076,0.626,2.491,0.773,0.631,0.405,0.282,0.063,0.585,0.649,0.165,0.111,0.310,0.316
7,1142,316,5.961,351.3,8.595,2.814,0.8616,0.0722,2.076,0.626,2.491,0.773,0.656,0.440,0.278,0.071,0.679,0.649,0.165,0.114,0.310,0.316
7,1143,316,5.955,353.0,8.595,2.814,0.8616,0.0722,2.076,0.626,2.491,0.773,0.618,0.434,0.310,0.060,0.637,0.649,0.165,0.111,0.310,0.316
7,1144,316,5.956,352.2,8.595,2.814,0.8616,0.0722,2.076,0.626,2.491,0.773,0.623,0.354,0.247,0.057,0.729,0.649,0.165,0.092,0.310,0.316
7,1145,317,5.939,351.6,8.618,2.818,0.8619,0.0722,2.078,0.624,2.486,0.776,0.596,0.404,0.243,0.065,0.574,0.653,0.164,0.107,0.315,0.312
7,1146,318,5.913,353.1,8.619,2.813,0.8623,0.0723,2.080,0.625,2.485,0.776,0.644,0.431,0.308,0.070,0.661,0.654,0.164,0.135,0.318,0.311
7,1147,318,5.919,350.3,8.619,2.813,0.8623,0.0723,2.080,0.625,2.485,0.776,0.637,0.450,0.280,0.071,0.637,0.654,0.164,0.145,0.318,0.311
7,1148,318,5.927,347.1,8.619,2.813,0.8623,0.0723,2.080,0.625,2.485,0.776,0.622,0.399,0.311,0.062,0.730,0.654,0.164,0.138,0.318,0.311
7,1149,318,5.913,350.7,8.619,2.813,0.8623,0.0723,2.080,0.625,2.485,0.776,0.622,0.412,0.277,0.066,0.641,0.654,0.164,0.119,0.318,0.311
7,1150,318,5.903,352.7,8.619,2.813,0.8623,0.0723,2.080,0.625,2.485,0.776,0.640,0.428,0.286,0.062,0.609,0.654,0.164,0.135,0.318,0.311
7,1151,318,5.904,351.5,8.619,2.813,0.8623,0.0723,2.080,0.625,2.485,0.776,0.628,0.415,0.280,0.065,0.670,0.654,0.164,0.164,0.318,0.311
7,1152,316,5.936,352.4,8.604,2.816,0.8617,0.0721,2.074,0.623,2.487,0.777,0.619,0.430,0.282,0.069,0.609,0.652,0.165,0.123,0.320,0.313
7,1153,316,5.950,348.0,8.604,2.816,0.8617,0.0721,2.074,0.623,2.487,0.777,0.616,0.449,0.272,0.074,0.644,0.652,0.165,0.108,0.320,0.313
7,1154,316,5.949,348.2,8.604,2.816,0.8617,0.0721,2.074,0.623,2.487,0.777,0.646,0.456,0.266,0.067,0.671,0.652,0.165,0.127,0.320,0.313
7,1155,315,5.963,349.5,8.610,2.819,0.8618,0.0721,2.075,0.624,2.490,0.776,0.624,0.444,0.286,0.060,0.594,0.654,0.165,0.114,0.321,0.311
7,1156,315,5.955,352.2,8.610,2.819,0.8618,0.0721,2.075,0.624,2.490,0.776,0.638,0.524,0.308,0.074,0.681,0.654,0.165,0.143,0.321,0.311
7,1157,315,5.941,356.6,8.610,2.819,0.8618,0.0721,2.075,0.624,2.490,0.776,0.621,0.368,0.241,0.067,0.657,0.654,0.165,0.089,0.321,0.311
7,1158,315,5.949,353.9,8.610,2.819,0.8618,0.0721,2.075,0.624,2.490,0.776,0.626,0.476,0.324,0.071,0.647,0.654,0.165,0.159,0.321,0.311
7,1159,315,5.950,353.6,8.610,2.819,0.8618,0.0721,2.075,0.624,2.490,0.776,0.625,0.416,0.283,0.065,0.693,0.654,0.165,0.140,0.321,0.311
7,1160,315,5.959,350.8,8.610,2.819,0.8618,0.0721,2.075,0.624,2.490,0.776,0.626,0.460,0.286,0.069,0.669,0.654,0.165,0.156,0.321,0.311
7,1161,315,5.948,354.2,8.610,2.819,0.8618,0.0721,2.075,0.624,2.490,0.776,0.642,0.403,0.273,0.071,0.678,0.654,0.165,0.124,0.321,0.311
7,1162,314,5.969,353.6,8.605,2.822,0.8617,0.0722,2.076,0.624,2.492,0.777,0.651,0.417,0.280,0.061,0.591,0.656,0.162,0.115,0.322,0.312
7,1163,315,5.958,351.7,8.610,2.819,0.8620,0.0724,2.080,0.628,2.490,0.777,0.636,0.429,0.295,0.073,0.641,0.654,0.165,0.165,0.321,0.311
7,1164,316,5.934,353.3,8.620,2.821,0.8621,0.0723,2.079,0.627,2.486,0.778,0.602,0.427,0.285,0.069,0.690,0.652,0.168,0.133,0.320,0.313
7,1165,316,5.933,353.1,8.620,2.821,0.8621,0.0723,2.079,0.627,2.486,0.778,0.615,0.326,0.247,0.062,0.649,0.652,0.168,0.098,0.320,0.313
7,1166,316,5.946,349.1,8.620,2.821,0.8621,0.0723,2.079,0.627,2.486,0.778,0.623,0.487,0.291,0.078,0.645,0.652,0.168,0.142,0.320,0.313
7,1167,316,5.950,347.8,8.620,2.821,0.8621,0.0723,2.079,0.627,2.486,0.778,0.616,0.415,0.288,0.059,0.607,0.652,0.168,0.130,0.320,0.313
7,1168,316,5.944,349.4,8.620,2.821,0.8621,0.0723,2.079,0.627,2.486,0.778,0.623,0.462,0.234,0.066,0.667,0.652,0.168,0.120,0.320,0.313
7,1169,316,5.956,346.0,8.620,2.821,0.8621,0.0723,2.079,0.627,2.486,0.778,0.621,0.435,0.222,0.065,0.635,0.652,0.168,0.130,0.320,0.313
7,1170,316,5.950,347.6,8.620,2.821,0.8621,0.0723,2.079,0.627,2.486,0.778,0.641,0.440,0.272,0.068,0.687,0.652,0.168,0.108,0.320,0.313
7,1171,316,5.946,348.8,8.620,2.821,0.8621,0.0723,2.079,0.627,2.486,0.778,0.624,0.446,0.272,0.068,0.675,0.652,0.168,0.158,0.320,0.313
7,1172,316,5.954,346.5,8.620,2.821,0.8621,0.0723,2.079,0.627,2.486,0.778,0.660,0.348,0.275,0.061,0.647,0.652,0.168,0.111,0.320,0.313
7,1173,316,5.953,346.9,8.620,2.821,0.8621,0.0723,2.079,0.627,2.486,0.778,0.636,0.481,0.282,0.071,0.634,0.652,0.168,0.158,0.320,0.313
7,1174,316,5.943,349.8,8.620,2.821,0.8621,0.0723,2.079,0.627,2.486,0.778,0.626,0.443,0.297,0.068,0.638,0.652,0.168,0.139,0.320,0.313
7,1175,316,5.934,352.5,8.620,2.821,0.8621,0.0723,2.079,0.627,2.486,0.778,0.615,0.443,0.313,0.074,0.681,0.652,0.168,0.149,0.320,0.313
7,1176,316,5.921,355.9,8.620,2.821,0.8621,0.0723,2.079,0.627,2.486,0.778,0.656,0.405,0.351,0.067,0.664,0.652,0.168,0.149,0.320,0.313
7,1177,316,5.933,352.0,8.620,2.821,0.8621,0.0723,2.079,0.627,2.486,0.778,0.606,0.472,0.320,0.067,0.715,0.652,0.168,0.149,0.320,0.313
7,1178,316,5.924,354.4,8.620,2.821,0.8621,0.0723,2.079,0.627,2.486,0.778,0.627,0.484,0.332,0.080,0.635,0.652,0.168,0.146,0.320,0.313
7,1179,316,5.918,355.7,8.620,2.821,0.8621,0.0723,2.079,0.627,2.486,0.778,0.635,0.465,0.323,0.071,0.687,0.652,0.168,0.149,0.320,0.313
7,1180,316,5.927,352.5,8.620,2.821,0.8621,0.0723,2.079,0.627,2.486,0.778,0.633,0.459,0.320,0.076,0.685,0.652,0.168,0.190,0.320,0.313
7,1181,316,5.919,354.8,8.620,2.821,0.8621,0.0723,2.079,0.627,2.486,0.778,0.629,0.484,0.361,0.070,0.619,0.652,0.168,0.152,0.320,0.313
7,1182,316,5.909,357.4,8.620,2.821,0.8621,0.0723,2.079,0.627,2.486,0.778,0.631,0.415,0.323,0.067,0.661,0.652,0.168,0.155,0.320,0.313
7,1183,315,5.929,356.5,8.629,2.821,0.8622,0.0723,2.082,0.626,2.486,0.779,0.654,0.448,0.327,0.072,0.681,0.654,0.168,0.156,0.321,0.311
7,1184,315,5.920,358.9,8.629,2.821,0.8622,0.0723,2.082,0.626,2.486,0.779,0.643,0.438,0.276,0.066,0.701,0.654,0.168,0.146,0.321,0.311
7,1185,315,5.925,357.2,8.629,2.821,0.8622,0.0723,2.082,0.626,2.486,0.779,0.615,0.476,0.356,0.075,0.647,0.654,0.168,0.190,0.321,0.311
7,1186,314,5.940,358.2,8.621,2.823,0.8620,0.0723,2.081,0.626,2.486,0.780,0.689,0.414,0.318,0.063,0.729,0.653,0.169,0.140,0.322,0.309
7,1187,314,5.945,356.6,8.621,2.823,0.8620,0.0723,2.081,0.626,2.486,0.780,0.602,0.455,0.280,0.065,0.678,0.653,0.169,0.134,0.322,0.309
7,1188,314,5.947,356.2,8.621,2.823,0.8620,0.0723,2.081,0.626,2.486,0.780,0.630,0.417,0.347,0.064,0.671,0.653,0.169,0.121,0.322,0.309
7,1189,314,5.942,357.9,8.621,2.823,0.8620,0.0723,2.081,0.626,2.486,0.780,0.633,0.497,0.293,0.069,0.630,0.653,0.169,0.153,0.322,0.309
7,1190,314,5.937,359.2,8.621,2.823,0.8620,0.0723,2.081,0.626,2.486,0.780,0.637,0.433,0.318,0.065,0.575,0.653,0.169,0.166,0.322,0.309
7,1191,314,5.937,359.4,8.621,2.823,0.8620,0.0723,2.081,0.626,2.486,0.780,0.622,0.401,0.287,0.072,0.588,0.653,0.169,0.127,0.322,0.309
7,1192,314,5.941,357.9,8.621,2.823,0.8620,0.0723,2.081,0.626,2.486,0.780,0.645,0.404,0.258,0.070,0.665,0.653,0.169,0.140,0.322,0.309
7,1193,314,5.935,359.9,8.621,2.823,0.8620,0.0723,2.081,0.626,2.486,0.780,0.633,0.414,0.283,0.061,0.606,0.653,0.169,0.137,0.322,0.309
7,1194,314,5.939,358.8,8.621,2.823,0.8620,0.0723,2.081,0.626,2.486,0.780,0.635,0.436,0.280,0.065,0.611,0.653,0.169,0.134,0.322,0.309
7,1195,313,5.959,358.4,8.617,2.826,0.8625,0.0720,2.082,0.627,2.484,0.781,0.627,0.426,0.272,0.070,0.618,0.655,0.166,0.170,0.319,0.310
7,1196,313,5.960,358.4,8.617,2.826,0.8625,0.0720,2.082,0.627,2.484,0.781,0.650,0.399,0.275,0.060,0.643,0.655,0.166,0.134,0.319,0.310
7,1197,313,5.968,356.5,8.617,2.826,0.8625,0.0720,2.082,0.627,2.484,0.781,0.624,0.441,0.259,0.069,0.603,0.655,0.166,0.147,0.319,0.310
7,1198,313,5.959,359.4,8.617,2.826,0.8625,0.0720,2.082,0.627,2.484,0.781,0.643,0.463,0.335,0.068,0.609,0.655,0.166,0.169,0.319,0.310
7,1199,313,5.953,361.7,8.617,2.826,0.8625,0.0720,2.082,0.627,2.484,0.781,0.605,0.428,0.319,0.065,0.656,0.655,0.166,0.147,0.319,0.310
7,1200,313,5.955,361.0,8.617,2.826,0.8625,0.0720,2.082,0.627,2.484,0.781,0.638,0.454,0.329,0.068,0.652,0.655,0.166,0.163,0.319,0.310
7,1201,313,5.963,358.9,8.617,2.826,0.8625,0.0720,2.082,0.627,2.484,0.781,0.615,0.435,0.252,0.071,0.701,0.655,0.166,0.144,0.319,0.310
7,1202,313,5.974,355.9,8.617,2.826,0.8625,0.0720,2.082,0.627,2.484,0.781,0.657,0.390,0.256,0.061,0.563,0.655,0.166,0.121,0.319,0.310
7,1203,313,5.981,354.6,8.617,2.826,0.8625,0.0720,2.082,0.627,2.484,0.781,0.606,0.377,0.275,0.062,0.634,0.655,0.166,0.131,0.319,0.310
7,1204,313,5.986,353.6,8.617,2.826,0.8625,0.0720,2.082,0.627,2.484,0.781,0.622,0.364,0.313,0.062,0.581,0.655,0.166,0.109,0.319,0.310
7,1205,313,5.991,352.7,8.617,2.826,0.8625,0.0720,2.082,0.627,2.484,0.781,0.606,0.422,0.272,0.064,0.615,0.655,0.166,0.115,0.319,0.310
7,1206,313,5.984,355.4,8.617,2.826,0.8625,0.0720,2.082,0.627,2.484,0.781,0.650,0.406,0.256,0.061,0.579,0.655,0.166,0.128,0.319,0.310
7,1207,313,5.992,353.6,8.617,2.826,0.8625,0.0720,2.082,0.627,2.484,0.781,0.595,0.422,0.265,0.062,0.698,0.655,0.166,0.121,0.319,0.310
7,1208,313,5.984,356.6,8.617,2.826,0.8625,0.0720,2.082,0.627,2.484,0.781,0.624,0.447,0.262,0.072,0.644,0.655,0.166,0.141,0.319,0.310
7,1209,314,5.963,357.7,8.621,2.823,0.8627,0.0720,2.085,0.628,2.483,0.780,0.627,0.392,0.255,0.064,0.636,0.653,0.169,0.134,0.318,0.309
7,1210,314,5.976,354.0,8.621,2.823,0.8627,0.0720,2.085,0.628,2.483,0.780,0.630,0.398,0.264,0.068,0.621,0.653,0.169,0.118,0.318,0.309
7,1211,314,5.978,353.7,8.621,2.823,0.8627,0.0720,2.085,0.628,2.483,0.780,0.617,0.430,0.309,0.066,0.599,0.653,0.169,0.159,0.318,0.309
7,1212,313,6.006,351.5,8.620,2.827,0.8627,0.0721,2.086,0.629,2.484,0.781,0.634,0.450,0.281,0.062,0.607,0.655,0.169,0.150,0.316,0.310
7,1213,313,6.009,351.2,8.620,2.827,0.8627,0.0721,2.086,0.629,2.484,0.781,0.623,0.422,0.319,0.063,0.636,0.655,0.169,0.131,0.316,0.310
7,1214,313,5.996,355.7,8.620,2.827,0.8627,0.0721,2.086,0.629,2.484,0.781,0.623,0.431,0.288,0.073,0.612,0.655,0.169,0.134,0.316,0.310
7,1215,314,5.987,353.4,8.631,2.829,0.8628,0.0720,2.086,0.628,2.480,0.784,0.620,0.471,0.318,0.075,0.658,0.656,0.169,0.150,0.318,0.309
7,1216,314,5.978,356.4,8.631,2.829,0.8628,0.0720,2.086,0.628,2.480,0.784,0.660,0.449,0.328,0.069,0.655,0.656,0.169,0.124,0.318,0.309
7,1217,314,5.967,359.7,8.631,2.829,0.8628,0.0720,2.086,0.628,2.480,0.784,0.623,0.427,0.338,0.071,0.681,0.656,0.169,0.137,0.318,0.309
7,1218,314,5.975,357.2,8.631,2.829,0.8628,0.0720,2.086,0.628,2.480,0.784,0.613,0.395,0.309,0.067,0.634,0.656,0.169,0.137,0.318,0.309
7,1219,314,5.984,354.8,8.631,2.829,0.8628,0.0720,2.086,0.628,2.480,0.784,0.648,0.427,0.274,0.075,0.629,0.656,0.169,0.118,0.318,0.309
7,1220,315,5.963,355.7,8.635,2.826,0.8631,0.0721,2.090,0.631,2.478,0.783,0.627,0.425,0.260,0.065,0.676,0.654,0.171,0.137,0.317,0.308
7,1221,315,5.963,355.4,8.635,2.826,0.8631,0.0721,2.090,0.631,2.478,0.783,0.606,0.448,0.238,0.067,0.574,0.654,0.171,0.137,0.317,0.308
7,1222,316,5.962,350.1,8.646,2.827,0.8634,0.0721,2.093,0.632,2.478,0.782,0.649,0.415,0.250,0.053,0.633,0.655,0.171,0.146,0.320,0.307
7,1223,316,5.969,347.7,8.646,2.827,0.8634,0.0721,2.093,0.632,2.478,0.782,0.601,0.377,0.247,0.055,0.656,0.655,0.171,0.136,0.320,0.307
7,1224,316,5.963,349.5,8.646,2.827,0.8634,0.0721,2.093,0.632,2.478,0.782,0.636,0.421,0.241,0.065,0.599,0.655,0.171,0.161,0.320,0.307
7,1225,316,5.962,349.9,8.646,2.827,0.8634,0.0721,2.093,0.632,2.478,0.782,0.611,0.449,0.332,0.070,0.640,0.655,0.171,0.127,0.320,0.307
7,1226,316,5.949,353.5,8.646,2.827,0.8634,0.0721,2.093,0.632,2.478,0.782,0.683,0.418,0.301,0.071,0.688,0.655,0.171,0.155,0.320,0.307
7,1227,316,5.942,355.3,8.646,2.827,0.8634,0.0721,2.093,0.632,2.478,0.782,0.634,0.437,0.291,0.070,0.621,0.655,0.171,0.117,0.320,0.307
7,1228,317,5.915,357.1,8.650,2.824,0.8637,0.0723,2.096,0.634,2.476,0.782,0.632,0.448,0.328,0.064,0.642,0.653,0.174,0.142,0.319,0.306
7,1229,317,5.922,354.1,8.650,2.824,0.8637,0.0723,2.096,0.634,2.476,0.782,0.631,0.451,0.344,0.073,0.665,0.653,0.174,0.164,0.319,0.306
7,1230,317,5.915,355.6,8.650,2.824,0.8637,0.0723,2.096,0.634,2.476,0.782,0.654,0.429,0.315,0.066,0.596,0.653,0.174,0.145,0.319,0.306
7,1231,317,5.915,354.8,8.650,2.824,0.8637,0.0723,2.096,0.634,2.476,0.782,0.599,0.451,0.274,0.074,0.685,0.653,0.174,0.117,0.319,0.306
7,1232,318,5.902,352.3,8.660,2.826,0.8638,0.0722,2.097,0.633,2.472,0.783,0.614,0.453,0.277,0.070,0.561,0.654,0.173,0.151,0.321,0.305
7,1233,318,5.892,354.5,8.660,2.826,0.8638,0.0722,2.097,0.633,2.472,0.783,0.631,0.399,0.248,0.072,0.668,0.654,0.173,0.135,0.321,0.305
7,1234,318,5.901,350.8,8.660,2.826,0.8638,0.0722,2.097,0.633,2.472,0.783,0.652,0.453,0.280,0.066,0.605,0.654,0.173,0.151,0.321,0.305
7,1235,318,5.905,348.6,8.660,2.826,0.8638,0.0722,2.097,0.633,2.472,0.783,0.617,0.461,0.274,0.067,0.666,0.654,0.173,0.136,0.321,0.305
7,1236,318,5.891,352.1,8.660,2.826,0.8638,0.0722,2.097,0.633,2.472,0.783,0.646,0.440,0.299,0.064,0.615,0.654,0.173,0.151,0.321,0.305
7,1237,318,5.881,354.2,8.660,2.826,0.8638,0.0722,2.097,0.633,2.472,0.783,0.612,0.475,0.308,0.070,0.705,0.654,0.173,0.138,0.321,0.305
7,1238,318,5.877,354.3,8.660,2.826,0.8638,0.0722,2.097,0.633,2.472,0.783,0.644,0.431,0.274,0.067,0.675,0.654,0.173,0.151,0.321,0.305
7,1239,318,5.885,350.9,8.660,2.826,0.8638,0.0722,2.097,0.633,2.472,0.783,0.639,0.425,0.324,0.065,0.646,0.654,0.173,0.157,0.321,0.305
7,1240,318,5.873,353.6,8.660,2.826,0.8638,0.0722,2.097,0.633,2.472,0.783,0.618,0.418,0.283,0.060,0.658,0.654,0.173,0.154,0.321,0.305
7,1241,317,5.901,349.9,8.672,2.823,0.8638,0.0723,2.094,0.633,2.474,0.784,0.634,0.464,0.325,0.067,0.619,0.656,0.174,0.123,0.322,0.303
7,1242,318,5.875,351.8,8.682,2.824,0.8641,0.0724,2.096,0.633,2.475,0.783,0.662,0.368,0.311,0.060,0.580,0.657,0.173,0.107,0.321,0.305
7,1243,318,5.863,354.2,8.682,2.824,0.8641,0.0724,2.096,0.633,2.475,0.783,0.626,0.415,0.252,0.064,0.620,0.657,0.173,0.132,0.321,0.305
7,1244,318,5.861,353.8,8.682,2.824,0.8641,0.0724,2.096,0.633,2.475,0.783,0.670,0.428,0.299,0.059,0.583,0.657,0.173,0.148,0.321,0.305
7,1245,318,5.860,353.3,8.682,2.824,0.8641,0.0724,2.096,0.633,2.475,0.783,0.621,0.428,0.324,0.060,0.672,0.657,0.173,0.170,0.321,0.305
7,1246,318,5.854,353.9,8.682,2.824,0.8641,0.0724,2.096,0.633,2.475,0.783,0.669,0.434,0.299,0.056,0.663,0.657,0.173,0.145,0.321,0.305
7,1247,318,5.843,356.2,8.682,2.824,0.8641,0.0724,2.096,0.633,2.475,0.783,0.604,0.377,0.336,0.057,0.651,0.657,0.173,0.142,0.321,0.305
7,1248,318,5.839,356.3,8.682,2.824,0.8641,0.0724,2.096,0.633,2.475,0.783,0.632,0.421,0.340,0.058,0.682,0.657,0.173,0.142,0.321,0.305
7,1249,318,5.836,356.0,8.682,2.824,0.8641,0.0724,2.096,0.633,2.475,0.783,0.658,0.412,0.321,0.057,0.659,0.657,0.173,0.132,0.321,0.305
7,1250,317,5.857,354.2,8.672,2.823,0.8640,0.0725,2.098,0.633,2.478,0.782,0.635,0.454,0.262,0.066,0.680,0.659,0.170,0.170,0.319,0.306
7,1251,317,5.848,356.1,8.672,2.823,0.8640,0.0725,2.098,0.633,2.478,0.782,0.606,0.420,0.315,0.070,0.616,0.659,0.170,0.101,0.319,0.306
7,1252,317,5.836,358.8,8.672,2.823,0.8640,0.0725,2.098,0.633,2.478,0.782,0.654,0.470,0.322,0.062,0.612,0.659,0.170,0.136,0.319,0.306
7,1253,317,5.848,354.3,8.672,2.823,0.8640,0.0725,2.098,0.633,2.478,0.782,0.643,0.420,0.281,0.067,0.716,0.659,0.170,0.151,0.319,0.306
7,1254,317,5.855,351.5,8.672,2.823,0.8640,0.0725,2.098,0.633,2.478,0.782,0.636,0.420,0.284,0.064,0.636,0.659,0.170,0.148,0.319,0.306
7,1255,316,5.870,351.8,8.674,2.827,0.8640,0.0726,2.098,0.634,2.480,0.782,0.622,0.430,0.288,0.067,0.653,0.661,0.171,0.133,0.320,0.304
7,1256,316,5.864,353.4,8.674,2.827,0.8640,0.0726,2.098,0.634,2.480,0.782,0.660,0.453,0.285,0.063,0.631,0.661,0.171,0.152,0.320,0.304
7,1257,316,5.873,350.5,8.674,2.827,0.8640,0.0726,2.098,0.634,2.480,0.782,0.631,0.383,0.291,0.068,0.674,0.661,0.171,0.130,0.320,0.304
7,1258,316,5.878,348.7,8.674,2.827,0.8640,0.0726,2.098,0.634,2.480,0.782,0.620,0.453,0.269,0.058,0.669,0.661,0.171,0.136,0.320,0.304
7,1259,316,5.877,349.1,8.674,2.827,0.8640,0.0726,2.098,0.634,2.480,0.782,0.613,0.415,0.291,0.062,0.657,0.661,0.171,0.136,0.320,0.304
7,1260,316,5.873,350.1,8.674,2.827,0.8640,0.0726,2.098,0.634,2.480,0.782,0.616,0.484,0.278,0.063,0.606,0.661,0.171,0.165,0.320,0.304
7,1261,316,5.886,346.2,8.674,2.827,0.8640,0.0726,2.098,0.634,2.480,0.782,0.622,0.430,0.250,0.061,0.655,0.661,0.171,0.142,0.320,0.304
7,1262,316,5.888,345.8,8.674,2.827,0.8640,0.0726,2.098,0.634,2.480,0.782,0.651,0.434,0.282,0.063,0.652,0.661,0.171,0.155,0.320,0.304
7,1263,316,5.891,345.0,8.674,2.827,0.8640,0.0726,2.098,0.634,2.480,0.782,0.595,0.405,0.316,0.062,0.610,0.661,0.171,0.136,0.320,0.304
7,1264,316,5.874,350.2,8.674,2.827,0.8640,0.0726,2.098,0.634,2.480,0.782,0.624,0.462,0.313,0.065,0.659,0.661,0.171,0.161,0.320,0.304
7,1265,316,5.876,349.4,8.674,2.827,0.8640,0.0726,2.098,0.634,2.480,0.782,0.601,0.449,0.278,0.064,0.641,0.661,0.171,0.104,0.320,0.304
7,1266,317,5.857,349.5,8.675,2.823,0.8643,0.0726,2.096,0.635,2.477,0.782,0.652,0.413,0.338,0.058,0.589,0.662,0.170,0.129,0.319,0.303
7,1267,318,5.828,352.3,8.682,2.821,0.8644,0.0725,2.099,0.636,2.475,0.783,0.603,0.352,0.296,0.064,0.642,0.664,0.170,0.119,0.318,0.302
7,1268,318,5.842,347.0,8.682,2.821,0.8644,0.0725,2.099,0.636,2.475,0.783,0.632,0.469,0.321,0.077,0.654,0.664,0.170,0.119,0.318,0.302
7,1269,317,5.848,350.1,8.678,2.825,0.8643,0.0726,2.100,0.636,2.476,0.784,0.614,0.391,0.293,0.060,0.713,0.662,0.170,0.174,0.319,0.303
7,1270,316,5.864,350.5,8.668,2.823,0.8642,0.0727,2.100,0.637,2.473,0.783,0.645,0.377,0.275,0.059,0.639,0.665,0.168,0.142,0.320,0.301
7,1271,316,5.871,348.2,8.668,2.823,0.8642,0.0727,2.100,0.637,2.473,0.783,0.596,0.430,0.285,0.066,0.646,0.665,0.168,0.117,0.320,0.301
7,1272,316,5.864,350.4,8.668,2.823,0.8642,0.0727,2.100,0.637,2.473,0.783,0.635,0.437,0.297,0.063,0.678,0.665,0.168,0.133,0.320,0.301
7,1273,315,5.871,353.8,8.660,2.824,0.8639,0.0726,2.097,0.637,2.472,0.784,0.643,0.410,0.308,0.066,0.630,0.663,0.168,0.140,0.321,0.302
7,1274,315,5.870,353.9,8.660,2.824,0.8639,0.0726,2.097,0.637,2.472,0.784,0.663,0.432,0.289,0.059,0.665,0.663,0.168,0.137,0.321,0.302
7,1275,315,5.875,352.3,8.660,2.824,0.8639,0.0726,2.097,0.637,2.472,0.784,0.618,0.444,0.279,0.068,0.690,0.663,0.168,0.162,0.321,0.302
7,1276,315,5.869,354.1,8.660,2.824,0.8639,0.0726,2.097,0.637,2.472,0.784,0.641,0.457,0.276,0.067,0.590,0.663,0.168,0.130,0.321,0.302
7,1277,314,5.877,357.3,8.650,2.822,0.8637,0.0726,2.099,0.637,2.470,0.784,0.636,0.408,0.309,0.066,0.635,0.666,0.166,0.150,0.322,0.303
7,1278,314,5.877,357.5,8.650,2.822,0.8637,0.0726,2.099,0.637,2.470,0.784,0.651,0.424,0.299,0.063,0.706,0.666,0.166,0.102,0.322,0.303
7,1279,314,5.884,355.6,8.650,2.822,0.8637,0.0726,2.099,0.637,2.470,0.784,0.653,0.417,0.322,0.062,0.632,0.666,0.166,0.162,0.322,0.303
7,1280,314,5.880,356.9,8.650,2.822,0.8637,0.0726,2.099,0.637,2.470,0.784,0.646,0.420,0.290,0.061,0.632,0.666,0.166,0.137,0.322,0.303
7,1281,314,5.883,355.9,8.650,2.822,0.8637,0.0726,2.099,0.637,2.470,0.784,0.624,0.449,0.328,0.060,0.589,0.666,0.166,0.131,0.322,0.303
7,1282,314,5.894,353.1,8.650,2.822,0.8637,0.0726,2.099,0.637,2.470,0.784,0.633,0.417,0.293,0.060,0.625,0.666,0.166,0.134,0.322,0.303
7,1283,314,5.892,354.0,8.650,2.822,0.8637,0.0726,2.099,0.637,2.470,0.784,0.624,0.389,0.268,0.063,0.602,0.666,0.166,0.118,0.322,0.303
7,1284,313,5.916,352.8,8.649,2.827,0.8633,0.0725,2.096,0.636,2.471,0.786,0.617,0.479,0.291,0.066,0.627,0.665,0.166,0.153,0.323,0.304
7,1285,314,5.881,358.2,8.650,2.822,0.8637,0.0727,2.098,0.636,2.470,0.784,0.635,0.392,0.277,0.065,0.582,0.662,0.169,0.080,0.325,0.303
7,1286,314,5.889,356.0,8.650,2.822,0.8637,0.0727,2.098,0.636,2.470,0.784,0.643,0.455,0.280,0.070,0.641,0.662,0.169,0.162,0.325,0.303
7,1287,314,5.879,359.0,8.650,2.822,0.8637,0.0727,2.098,0.636,2.470,0.784,0.620,0.446,0.303,0.063,0.611,0.662,0.169,0.159,0.325,0.303
7,1288,312,5.926,356.4,8.679,2.807,0.8640,0.0728,2.099,0.636,2.470,0.786,0.658,0.407,0.311,0.069,0.720,0.663,0.167,0.135,0.327,0.301
7,1289,312,5.925,357.3,8.679,2.807,0.8640,0.0728,2.099,0.636,2.470,0.786,0.620,0.404,0.330,0.065,0.631,0.663,0.167,0.128,0.327,0.301
7,1290,312,5.921,359.2,8.679,2.807,0.8640,0.0728,2.099,0.636,2.470,0.786,0.630,0.394,0.240,0.063,0.654,0.663,0.167,0.093,0.327,0.301
7,1291,313,5.905,359.2,8.681,2.802,0.8643,0.0730,2.101,0.636,2.469,0.786,0.645,0.351,0.291,0.069,0.615,0.665,0.166,0.137,0.326,0.300
7,1292,313,5.919,355.3,8.681,2.802,0.8643,0.0730,2.101,0.636,2.469,0.786,0.673,0.396,0.300,0.068,0.652,0.665,0.166,0.115,0.326,0.300
7,1293,313,5.915,356.9,8.681,2.802,0.8643,0.0730,2.101,0.636,2.469,0.786,0.623,0.425,0.323,0.065,0.633,0.665,0.166,0.150,0.326,0.300
7,1294,313,5.920,355.9,8.681,2.802,0.8643,0.0730,2.101,0.636,2.469,0.786,0.634,0.431,0.294,0.076,0.669,0.665,0.166,0.115,0.326,0.300
7,1295,313,5.915,358.0,8.681,2.802,0.8643,0.0730,2.101,0.636,2.469,0.786,0.603,0.447,0.300,0.075,0.677,0.665,0.166,0.166,0.326,0.300
7,1296,312,5.947,354.7,8.670,2.801,0.8644,0.0731,2.102,0.637,2.471,0.786,0.641,0.478,0.266,0.073,0.673,0.667,0.163,0.144,0.327,0.298
7,1297,312,5.958,352.3,8.670,2.801,0.8644,0.0731,2.102,0.637,2.471,0.786,0.639,0.439,0.298,0.070,0.696,0.667,0.163,0.138,0.327,0.298
7,1298,312,5.959,352.9,8.670,2.801,0.8644,0.0731,2.102,0.637,2.471,0.786,0.630,0.378,0.272,0.055,0.659,0.667,0.163,0.096,0.327,0.298
7,1299,311,5.979,353.8,8.666,2.804,0.8643,0.0732,2.102,0.638,2.474,0.786,0.631,0.466,0.305,0.062,0.650,0.666,0.164,0.145,0.328,0.299
7,1300,311,5.969,358.0,8.666,2.804,0.8643,0.0732,2.102,0.638,2.474,0.786,0.626,0.447,0.315,0.066,0.642,0.666,0.164,0.170,0.328,0.299
7,1301,311,5.977,356.9,8.666,2.804,0.8643,0.0732,2.102,0.638,2.474,0.786,0.655,0.431,0.312,0.071,0.597,0.666,0.164,0.145,0.328,0.299
7,1302,311,5.987,354.9,8.666,2.804,0.8643,0.0732,2.102,0.638,2.474,0.786,0.637,0.434,0.344,0.066,0.664,0.666,0.164,0.154,0.328,0.299
7,1303,311,5.985,356.8,8.666,2.804,0.8643,0.0732,2.102,0.638,2.474,0.786,0.642,0.453,0.293,0.065,0.645,0.666,0.164,0.158,0.328,0.299
7,1304,310,6.014,355.2,8.655,2.802,0.8641,0.0732,2.103,0.638,2.472,0.787,0.629,0.403,0.242,0.063,0.633,0.665,0.165,0.132,0.326,0.300
7,1305,310,6.032,351.2,8.655,2.802,0.8641,0.0732,2.103,0.638,2.472,0.787,0.608,0.452,0.277,0.070,0.615,0.665,0.165,0.129,0.326,0.300
7,1306,310,6.034,352.5,8.655,2.802,0.8641,0.0732,2.103,0.638,2.472,0.787,0.667,0.468,0.310,0.070,0.677,0.665,0.165,0.103,0.326,0.300
7,1307,310,6.019,358.6,8.655,2.802,0.8641,0.0732,2.103,0.638,2.472,0.787,0.625,0.442,0.310,0.071,0.641,0.665,0.165,0.152,0.326,0.300
7,1308,310,6.016,360.7,8.655,2.802,0.8641,0.0732,2.103,0.638,2.472,0.787,0.632,0.439,0.368,0.073,0.632,0.665,0.165,0.158,0.326,0.300
7,1309,310,6.032,357.4,8.655,2.802,0.8641,0.0732,2.103,0.638,2.472,0.787,0.630,0.417,0.233,0.066,0.659,0.665,0.165,0.120,0.326,0.300
7,1310,310,6.044,355.2,8.655,2.802,0.8641,0.0732,2.103,0.638,2.472,0.787,0.628,0.368,0.271,0.053,0.624,0.665,0.165,0.116,0.326,0.300
7,1311,310,6.038,358.3,8.655,2.802,0.8641,0.0732,2.103,0.638,2.472,0.787,0.624,0.401,0.317,0.069,0.612,0.665,0.165,0.097,0.326,0.300
7,1312,310,6.036,360.3,8.655,2.802,0.8641,0.0732,2.103,0.638,2.472,0.787,0.645,0.445,0.277,0.070,0.643,0.665,0.165,0.129,0.326,0.300
7,1313,311,6.030,357.8,8.666,2.804,0.8642,0.0731,2.106,0.639,2.470,0.786,0.621,0.408,0.270,0.072,0.677,0.666,0.164,0.145,0.325,0.302
7,1314,311,6.044,354.5,8.666,2.804,0.8642,0.0731,2.106,0.639,2.470,0.786,0.620,0.392,0.238,0.058,0.665,0.666,0.164,0.135,0.325,0.302
7,1315,311,6.053,353.2,8.666,2.804,0.8642,0.0731,2.106,0.639,2.470,0.786,0.633,0.428,0.280,0.055,0.651,0.666,0.164,0.148,0.325,0.302
7,1316,312,6.038,353.4,8.670,2.801,0.8646,0.0733,2.110,0.642,2.469,0.785,0.644,0.423,0.269,0.066,0.677,0.667,0.163,0.125,0.324,0.301
7,1317,313,6.033,350.2,8.671,2.796,0.8646,0.0732,2.108,0.642,2.465,0.786,0.610,0.450,0.272,0.065,0.599,0.665,0.166,0.150,0.326,0.300
7,1318,313,6.040,348.9,8.671,2.796,0.8646,0.0732,2.108,0.642,2.465,0.786,0.648,0.383,0.259,0.058,0.636,0.665,0.166,0.141,0.326,0.300
7,1319,313,6.054,345.7,8.671,2.796,0.8646,0.0732,2.108,0.642,2.465,0.786,0.623,0.438,0.265,0.064,0.582,0.665,0.166,0.144,0.326,0.300
7,1320,313,6.057,345.9,8.671,2.796,0.8646,0.0732,2.108,0.642,2.465,0.786,0.614,0.380,0.275,0.063,0.639,0.665,0.166,0.096,0.326,0.300
7,1321,313,6.054,347.9,8.671,2.796,0.8646,0.0732,2.108,0.642,2.465,0.786,0.653,0.422,0.278,0.058,0.686,0.665,0.166,0.115,0.326,0.300
7,1322,313,6.056,348.2,8.671,2.796,0.8646,0.0732,2.108,0.642,2.465,0.786,0.659,0.387,0.284,0.067,0.650,0.665,0.166,0.141,0.326,0.300
7,1323,314,6.045,346.7,8.675,2.793,0.8650,0.0734,2.111,0.644,2.464,0.785,0.634,0.360,0.242,0.060,0.668,0.662,0.169,0.118,0.325,0.299
7,1324,314,6.050,346.1,8.675,2.793,0.8650,0.0734,2.111,0.644,2.464,0.785,0.638,0.398,0.268,0.067,0.638,0.662,0.169,0.143,0.325,0.299
7,1325,314,6.046,348.0,8.675,2.793,0.8650,0.0734,2.111,0.644,2.464,0.785,0.609,0.389,0.280,0.056,0.597,0.662,0.169,0.127,0.325,0.299
7,1326,314,6.048,347.9,8.675,2.793,0.8650,0.0734,2.111,0.644,2.464,0.785,0.668,0.420,0.242,0.063,0.651,0.662,0.169,0.169,0.325,0.299
7,1327,314,6.049,348.3,8.675,2.793,0.8650,0.0734,2.111,0.644,2.464,0.785,0.624,0.369,0.232,0.061,0.576,0.662,0.169,0.111,0.325,0.299
7,1328,314,6.047,349.7,8.675,2.793,0.8650,0.0734,2.111,0.644,2.464,0.785,0.650,0.427,0.274,0.063,0.594,0.662,0.169,0.143,0.325,0.299
7,1329,315,6.025,351.0,8.676,2.788,0.8654,0.0735,2.113,0.644,2.463,0.784,0.627,0.413,0.232,0.062,0.565,0.660,0.171,0.124,0.324,0.298
7,1330,315,6.035,348.1,8.676,2.788,0.8654,0.0735,2.113,0.644,2.463,0.784,0.620,0.419,0.257,0.063,0.696,0.660,0.171,0.133,0.324,0.298
7,1331,315,6.025,351.3,8.676,2.788,0.8654,0.0735,2.113,0.644,2.463,0.784,0.626,0.419,0.210,0.067,0.649,0.660,0.171,0.146,0.324,0.298
7,1332,315,6.034,348.7,8.676,2.788,0.8654,0.0735,2.113,0.644,2.463,0.784,0.637,0.410,0.260,0.057,0.598,0.660,0.171,0.159,0.324,0.298
7,1333,315,6.040,347.3,8.676,2.788,0.8654,0.0735,2.113,0.644,2.463,0.784,0.663,0.378,0.257,0.061,0.629,0.660,0.171,0.149,0.324,0.298
7,1334,315,6.027,351.4,8.676,2.788,0.8654,0.0735,2.113,0.644,2.463,0.784,0.655,0.410,0.337,0.053,0.605,0.660,0.171,0.175,0.324,0.298
7,1335,315,6.019,354.1,8.676,2.788,0.8654,0.0735,2.113,0.644,2.463,0.784,0.589,0.425,0.298,0.065,0.712,0.660,0.171,0.108,0.324,0.298
7,1336,315,6.014,355.4,8.676,2.788,0.8654,0.0735,2.113,0.644,2.463,0.784,0.647,0.438,0.279,0.064,0.629,0.660,0.171,0.102,0.324,0.298
7,1337,315,6.021,353.3,8.676,2.788,0.8654,0.0735,2.113,0.644,2.463,0.784,0.636,0.410,0.254,0.066,0.677,0.660,0.171,0.133,0.324,0.298
7,1338,315,6.026,351.8,8.676,2.788,0.8654,0.0735,2.113,0.644,2.463,0.784,0.634,0.432,0.251,0.061,0.612,0.660,0.171,0.137,0.324,0.298
7,1339,315,6.028,351.4,8.676,2.788,0.8654,0.0735,2.113,0.644,2.463,0.784,0.614,0.444,0.279,0.065,0.628,0.660,0.171,0.127,0.324,0.298
7,1340,315,6.021,353.4,8.676,2.788,0.8654,0.0735,2.113,0.644,2.463,0.784,0.624,0.457,0.267,0.062,0.741,0.660,0.171,0.127,0.324,0.298
7,1341,315,6.024,352.6,8.676,2.788,0.8654,0.0735,2.113,0.644,2.463,0.784,0.633,0.413,0.244,0.065,0.669,0.660,0.171,0.121,0.324,0.298
7,1342,315,6.027,351.8,8.676,2.788,0.8654,0.0735,2.113,0.644,2.463,0.784,0.662,0.425,0.270,0.070,0.602,0.660,0.171,0.152,0.324,0.298
7,1343,315,6.033,350.0,8.676,2.788,0.8654,0.0735,2.113,0.644,2.463,0.784,0.629,0.397,0.263,0.062,0.636,0.660,0.171,0.102,0.324,0.298
7,1344,315,6.037,349.1,8.676,2.788,0.8654,0.0735,2.113,0.644,2.463,0.784,0.627,0.419,0.222,0.064,0.641,0.660,0.171,0.105,0.324,0.298
7,1345,315,6.019,354.7,8.676,2.788,0.8654,0.0735,2.113,0.644,2.463,0.784,0.649,0.413,0.267,0.068,0.557,0.660,0.171,0.114,0.324,0.298
7,1346,315,6.018,354.9,8.676,2.788,0.8654,0.0735,2.113,0.644,2.463,0.784,0.674,0.429,0.324,0.065,0.666,0.660,0.171,0.162,0.324,0.298
7,1347,315,6.013,356.1,8.676,2.788,0.8654,0.0735,2.113,0.644,2.463,0.784,0.622,0.451,0.327,0.069,0.652,0.660,0.171,0.146,0.324,0.298
7,1348,315,6.019,354.2,8.676,2.788,0.8654,0.0735,2.113,0.644,2.463,0.784,0.631,0.371,0.298,0.059,0.640,0.660,0.171,0.152,0.324,0.298
7,1349,315,6.033,350.1,8.676,2.788,0.8654,0.0735,2.113,0.644,2.463,0.784,0.608,0.454,0.317,0.058,0.656,0.660,0.171,0.162,0.324,0.298
7,1350,316,6.016,349.6,8.687,2.790,0.8656,0.0735,2.114,0.643,2.458,0.787,0.623,0.418,0.307,0.059,0.684,0.661,0.171,0.108,0.326,0.297
7,1351,316,6.005,352.9,8.687,2.790,0.8656,0.0735,2.114,0.643,2.458,0.787,0.630,0.392,0.253,0.058,0.673,0.661,0.171,0.098,0.326,0.297
7,1352,316,6.005,352.4,8.687,2.790,0.8656,0.0735,2.114,0.643,2.458,0.787,0.654,0.389,0.247,0.058,0.572,0.661,0.171,0.123,0.326,0.297
7,1353,316,6.012,350.0,8.687,2.790,0.8656,0.0735,2.114,0.643,2.458,0.787,0.616,0.396,0.231,0.055,0.611,0.661,0.171,0.133,0.326,0.297
7,1354,316,6.019,347.8,8.687,2.790,0.8656,0.0735,2.114,0.643,2.458,0.787,0.648,0.386,0.193,0.055,0.623,0.661,0.171,0.120,0.326,0.297
7,1355,316,6.025,346.0,8.687,2.790,0.8656,0.0735,2.114,0.643,2.458,0.787,0.589,0.418,0.215,0.063,0.588,0.661,0.171,0.146,0.326,0.297
7,1356,316,6.019,348.0,8.687,2.790,0.8656,0.0735,2.114,0.643,2.458,0.787,0.651,0.389,0.291,0.065,0.571,0.661,0.171,0.117,0.326,0.297
7,1357,315,6.034,349.4,8.683,2.794,0.8660,0.0732,2.112,0.643,2.455,0.785,0.638,0.429,0.279,0.061,0.580,0.663,0.171,0.140,0.327,0.298
7,1358,315,6.025,352.2,8.683,2.794,0.8660,0.0732,2.112,0.643,2.455,0.785,0.623,0.397,0.314,0.062,0.663,0.663,0.171,0.133,0.327,0.298
7,1359,315,6.015,355.3,8.683,2.794,0.8660,0.0732,2.112,0.643,2.455,0.785,0.595,0.406,0.295,0.066,0.635,0.663,0.171,0.111,0.327,0.298
7,1360,315,6.008,357.2,8.683,2.794,0.8660,0.0732,2.112,0.643,2.455,0.785,0.616,0.378,0.305,0.057,0.674,0.663,0.171,0.133,0.327,0.298
7,1361,315,6.003,358.4,8.683,2.794,0.8660,0.0732,2.112,0.643,2.455,0.785,0.640,0.429,0.308,0.062,0.602,0.663,0.171,0.143,0.327,0.298
7,1362,315,5.998,359.6,8.683,2.794,0.8660,0.0732,2.112,0.643,2.455,0.785,0.645,0.410,0.273,0.064,0.637,0.663,0.171,0.121,0.327,0.298
7,1363,315,6.005,357.2,8.683,2.794,0.8660,0.0732,2.112,0.643,2.455,0.785,0.652,0.406,0.286,0.063,0.644,0.663,0.171,0.140,0.327,0.298
7,1364,316,5.996,354.0,8.693,2.795,0.8662,0.0731,2.115,0.644,2.454,0.784,0.643,0.405,0.247,0.060,0.642,0.665,0.171,0.127,0.326,0.297
7,1365,316,6.014,348.1,8.693,2.795,0.8662,0.0731,2.115,0.644,2.454,0.784,0.608,0.370,0.250,0.058,0.581,0.665,0.171,0.092,0.326,0.297
7,1366,316,6.006,350.6,8.693,2.795,0.8662,0.0731,2.115,0.644,2.454,0.784,0.681,0.392,0.253,0.063,0.618,0.665,0.171,0.123,0.326,0.297
7,1367,316,6.007,350.2,8.693,2.795,0.8662,0.0731,2.115,0.644,2.454,0.784,0.592,0.475,0.269,0.066,0.651,0.665,0.171,0.130,0.326,0.297
7,1368,316,6.006,350.2,8.693,2.795,0.8662,0.0731,2.115,0.644,2.454,0.784,0.615,0.424,0.275,0.063,0.679,0.665,0.171,0.152,0.326,0.297
7,1369,316,6.002,351.3,8.693,2.795,0.8662,0.0731,2.115,0.644,2.454,0.784,0.621,0.367,0.266,0.063,0.656,0.665,0.171,0.111,0.326,0.297
7,1370,316,6.010,348.7,8.693,2.795,0.8662,0.0731,2.115,0.644,2.454,0.784,0.619,0.370,0.285,0.067,0.619,0.665,0.171,0.104,0.326,0.297
7,1371,315,6.022,350.6,8.705,2.792,0.8663,0.0733,2.116,0.645,2.454,0.785,0.639,0.425,0.273,0.064,0.587,0.663,0.171,0.127,0.324,0.298
7,1372,315,6.030,348.4,8.705,2.792,0.8663,0.0733,2.116,0.645,2.454,0.785,0.656,0.425,0.295,0.066,0.635,0.663,0.171,0.143,0.324,0.298
7,1373,314,6.036,352.8,8.710,2.795,0.8663,0.0734,2.117,0.645,2.457,0.785,0.654,0.449,0.325,0.064,0.649,0.666,0.172,0.182,0.322,0.299
7,1374,312,6.076,353.0,8.718,2.788,0.8665,0.0735,2.121,0.646,2.452,0.785,0.642,0.423,0.298,0.063,0.706,0.670,0.173,0.135,0.324,0.298
7,1375,312,6.066,356.8,8.718,2.788,0.8665,0.0735,2.121,0.646,2.452,0.785,0.596,0.420,0.314,0.063,0.648,0.670,0.173,0.125,0.324,0.298
7,1376,312,6.058,360.0,8.718,2.788,0.8665,0.0735,2.121,0.646,2.452,0.785,0.647,0.455,0.330,0.070,0.571,0.670,0.173,0.192,0.324,0.298
7,1377,312,6.071,356.6,8.718,2.788,0.8665,0.0735,2.121,0.646,2.452,0.785,0.626,0.410,0.285,0.066,0.610,0.670,0.173,0.131,0.324,0.298
7,1378,312,6.085,353.3,8.718,2.788,0.8665,0.0735,2.121,0.646,2.452,0.785,0.658,0.429,0.269,0.066,0.600,0.670,0.173,0.125,0.324,0.298
7,1379,312,6.088,353.5,8.718,2.788,0.8665,0.0735,2.121,0.646,2.452,0.785,0.600,0.394,0.295,0.065,0.623,0.670,0.173,0.128,0.324,0.298
7,1380,312,6.098,351.5,8.718,2.788,0.8665,0.0735,2.121,0.646,2.452,0.785,0.611,0.362,0.279,0.062,0.734,0.670,0.173,0.119,0.324,0.298
7,1381,312,6.104,350.7,8.718,2.788,0.8665,0.0735,2.121,0.646,2.452,0.785,0.646,0.397,0.272,0.073,0.634,0.670,0.173,0.144,0.324,0.298
7,1382,312,6.102,352.4,8.718,2.788,0.8665,0.0735,2.121,0.646,2.452,0.785,0.644,0.471,0.298,0.062,0.623,0.670,0.173,0.189,0.324,0.298
7,1383,312,6.104,352.8,8.718,2.788,0.8665,0.0735,2.121,0.646,2.452,0.785,0.617,0.446,0.292,0.071,0.657,0.670,0.173,0.147,0.324,0.298
7,1384,311,6.130,352.1,8.720,2.792,0.8667,0.0735,2.122,0.646,2.454,0.786,0.646,0.412,0.267,0.066,0.662,0.672,0.174,0.132,0.325,0.299
7,1385,311,6.144,349.5,8.720,2.792,0.8667,0.0735,2.122,0.646,2.454,0.786,0.609,0.405,0.318,0.064,0.643,0.672,0.174,0.135,0.325,0.299
7,1386,311,6.142,351.6,8.720,2.792,0.8667,0.0735,2.122,0.646,2.454,0.786,0.631,0.376,0.315,0.065,0.685,0.672,0.174,0.135,0.325,0.299
7,1387,311,6.153,349.8,8.720,2.792,0.8667,0.0735,2.122,0.646,2.454,0.786,0.640,0.363,0.273,0.061,0.597,0.672,0.174,0.125,0.325,0.299
7,1388,311,6.164,348.1,8.720,2.792,0.8667,0.0735,2.122,0.646,2.454,0.786,0.627,0.367,0.273,0.062,0.666,0.672,0.174,0.109,0.325,0.299
7,1389,311,6.173,347.0,8.720,2.792,0.8667,0.0735,2.122,0.646,2.454,0.786,0.631,0.370,0.228,0.059,0.642,0.672,0.174,0.141,0.325,0.299
7,1390,311,6.179,347.2,8.720,2.792,0.8667,0.0735,2.122,0.646,2.454,0.786,0.622,0.421,0.238,0.060,0.589,0.672,0.174,0.132,0.325,0.299
7,1391,312,6.154,350.2,8.728,2.791,0.8671,0.0737,2.124,0.646,2.452,0.785,0.647,0.401,0.250,0.059,0.609,0.673,0.173,0.131,0.324,0.298
7,1392,311,6.173,351.8,8.730,2.795,0.8673,0.0737,2.123,0.647,2.446,0.777,0.632,0.428,0.280,0.064,0.612,0.672,0.174,0.148,0.325,0.296
7,1393,311,6.175,352.6,8.730,2.795,0.8673,0.0737,2.123,0.647,2.446,0.777,0.636,0.386,0.267,0.056,0.652,0.672,0.174,0.129,0.325,0.296
7,1394,313,6.146,350.9,8.732,2.786,0.8679,0.0739,2.124,0.647,2.443,0.776,0.636,0.428,0.256,0.066,0.603,0.674,0.173,0.125,0.326,0.294
7,1395,314,6.131,350.3,8.742,2.788,0.8678,0.0738,2.123,0.646,2.439,0.777,0.612,0.449,0.290,0.063,0.667,0.675,0.172,0.111,0.328,0.293
7,1396,314,6.136,349.4,8.742,2.788,0.8678,0.0738,2.123,0.646,2.439,0.777,0.645,0.395,0.293,0.061,0.675,0.675,0.172,0.134,0.328,0.293
7,1397,314,6.135,350.0,8.742,2.788,0.8678,0.0738,2.123,0.646,2.439,0.777,0.610,0.436,0.325,0.072,0.638,0.675,0.172,0.143,0.328,0.293
7,1398,314,6.133,351.3,8.742,2.788,0.8678,0.0738,2.123,0.646,2.439,0.777,0.650,0.414,0.296,0.068,0.662,0.675,0.172,0.131,0.328,0.293
7,1399,314,6.140,349.5,8.742,2.788,0.8678,0.0738,2.123,0.646,2.439,0.777,0.611,0.443,0.303,0.062,0.676,0.675,0.172,0.150,0.328,0.293
7,1400,314,6.137,351.1,8.742,2.788,0.8678,0.0738,2.123,0.646,2.439,0.777,0.623,0.449,0.341,0.067,0.652,0.675,0.172,0.131,0.328,0.293
7,1401,314,6.123,355.8,8.742,2.788,0.8678,0.0738,2.123,0.646,2.439,0.777,0.637,0.471,0.303,0.074,0.652,0.675,0.172,0.159,0.328,0.293
7,1402,314,6.118,357.3,8.742,2.788,0.8678,0.0738,2.123,0.646,2.439,0.777,0.636,0.513,0.347,0.074,0.680,0.675,0.172,0.178,0.328,0.293
7,1403,313,6.136,357.9,8.754,2.784,0.8682,0.0736,2.124,0.647,2.435,0.775,0.658,0.482,0.406,0.068,0.676,0.677,0.173,0.137,0.329,0.291
7,1404,313,6.138,357.7,8.754,2.784,0.8682,0.0736,2.124,0.647,2.435,0.775,0.632,0.396,0.335,0.067,0.674,0.677,0.173,0.128,0.329,0.291
7,1405,313,6.150,354.6,8.754,2.784,0.8682,0.0736,2.124,0.647,2.435,0.775,0.634,0.415,0.304,0.070,0.647,0.677,0.173,0.166,0.329,0.291
7,1406,313,6.156,353.4,8.754,2.784,0.8682,0.0736,2.124,0.647,2.435,0.775,0.684,0.409,0.300,0.056,0.656,0.677,0.173,0.144,0.329,0.291
7,1407,313,6.155,354.4,8.754,2.784,0.8682,0.0736,2.124,0.647,2.435,0.775,0.643,0.438,0.307,0.068,0.605,0.677,0.173,0.125,0.329,0.291
7,1408,314,6.140,353.6,8.755,2.780,0.8684,0.0736,2.121,0.648,2.433,0.775,0.614,0.427,0.274,0.066,0.646,0.678,0.172,0.111,0.328,0.290
7,1409,314,6.130,356.7,8.755,2.780,0.8684,0.0736,2.121,0.648,2.433,0.775,0.635,0.392,0.293,0.064,0.641,0.678,0.172,0.169,0.328,0.290
7,1410,314,6.132,356.2,8.755,2.780,0.8684,0.0736,2.121,0.648,2.433,0.775,0.624,0.392,0.274,0.064,0.652,0.678,0.172,0.137,0.328,0.290
7,1411,314,6.140,354.0,8.755,2.780,0.8684,0.0736,2.121,0.648,2.433,0.775,0.625,0.449,0.303,0.066,0.645,0.678,0.172,0.140,0.328,0.290
7,1412,314,6.134,356.1,8.755,2.780,0.8684,0.0736,2.121,0.648,2.433,0.775,0.639,0.471,0.325,0.069,0.659,0.678,0.172,0.143,0.328,0.290
7,1413,314,6.125,359.1,8.755,2.780,0.8684,0.0736,2.121,0.648,2.433,0.775,0.627,0.363,0.280,0.056,0.603,0.678,0.172,0.137,0.328,0.290
7,1414,315,6.113,356.7,8.765,2.781,0.8683,0.0735,2.120,0.647,2.431,0.775,0.632,0.425,0.317,0.062,0.597,0.676,0.171,0.121,0.330,0.289
7,1415,315,6.125,352.8,8.765,2.781,0.8683,0.0735,2.120,0.647,2.431,0.775,0.640,0.425,0.248,0.069,0.669,0.676,0.171,0.124,0.330,0.289
7,1416,315,6.111,357.1,8.765,2.781,0.8683,0.0735,2.120,0.647,2.431,0.775,0.633,0.479,0.327,0.062,0.611,0.676,0.171,0.165,0.330,0.289
7,1417,315,6.109,357.5,8.765,2.781,0.8683,0.0735,2.120,0.647,2.431,0.775,0.620,0.479,0.286,0.064,0.699,0.676,0.171,0.149,0.330,0.289
7,1418,315,6.112,356.5,8.765,2.781,0.8683,0.0735,2.120,0.647,2.431,0.775,0.653,0.410,0.324,0.061,0.685,0.676,0.171,0.165,0.330,0.289
7,1419,315,6.108,357.3,8.765,2.781,0.8683,0.0735,2.120,0.647,2.431,0.775,0.618,0.425,0.305,0.059,0.647,0.676,0.171,0.140,0.330,0.289
7,1420,314,6.125,358.0,8.764,2.786,0.8687,0.0733,2.120,0.648,2.431,0.776,0.640,0.430,0.271,0.065,0.621,0.678,0.172,0.140,0.331,0.290
7,1421,314,6.132,355.9,8.764,2.786,0.8687,0.0733,2.120,0.648,2.431,0.776,0.605,0.430,0.283,0.062,0.581,0.678,0.172,0.178,0.331,0.290
7,1422,314,6.134,355.4,8.764,2.786,0.8687,0.0733,2.120,0.648,2.431,0.776,0.633,0.430,0.264,0.064,0.616,0.678,0.172,0.178,0.331,0.290
7,1423,315,6.117,354.7,8.765,2.781,0.8688,0.0732,2.122,0.648,2.429,0.775,0.658,0.457,0.327,0.065,0.584,0.679,0.171,0.130,0.333,0.289
7,1424,314,6.136,354.9,8.764,2.786,0.8687,0.0733,2.124,0.647,2.429,0.776,0.652,0.436,0.277,0.061,0.639,0.678,0.172,0.143,0.331,0.290
7,1425,313,6.164,352.9,8.757,2.787,0.8684,0.0731,2.121,0.647,2.429,0.778,0.627,0.463,0.278,0.070,0.634,0.677,0.173,0.157,0.332,0.291
7,1426,313,6.152,357.1,8.757,2.787,0.8684,0.0731,2.121,0.647,2.429,0.778,0.658,0.425,0.265,0.074,0.661,0.677,0.173,0.118,0.332,0.291
7,1427,313,6.155,356.6,8.757,2.787,0.8684,0.0731,2.121,0.647,2.429,0.778,0.630,0.409,0.272,0.062,0.615,0.677,0.173,0.118,0.332,0.291
7,1428,313,6.155,357.1,8.757,2.787,0.8684,0.0731,2.121,0.647,2.429,0.778,0.616,0.441,0.249,0.068,0.644,0.677,0.173,0.163,0.332,0.291
7,1429,313,6.155,357.4,8.757,2.787,0.8684,0.0731,2.121,0.647,2.429,0.778,0.618,0.415,0.262,0.063,0.688,0.677,0.173,0.128,0.332,0.291
7,1430,313,6.157,357.2,8.757,2.787,0.8684,0.0731,2.121,0.647,2.429,0.778,0.645,0.438,0.281,0.057,0.640,0.677,0.173,0.144,0.332,0.291
7,1431,313,6.162,356.3,8.757,2.787,0.8684,0.0731,2.121,0.647,2.429,0.778,0.638,0.403,0.252,0.066,0.653,0.677,0.173,0.102,0.332,0.291
7,1432,313,6.157,358.2,8.757,2.787,0.8684,0.0731,2.121,0.647,2.429,0.778,0.645,0.393,0.281,0.058,0.653,0.677,0.173,0.121,0.332,0.291
7,1433,312,6.188,355.3,8.756,2.792,0.8680,0.0729,2.119,0.647,2.431,0.778,0.629,0.423,0.276,0.063,0.611,0.679,0.170,0.163,0.333,0.292
7,1434,314,6.155,354.2,8.774,2.792,0.8680,0.0728,2.117,0.645,2.423,0.782,0.630,0.363,0.261,0.060,0.631,0.682,0.169,0.143,0.338,0.290
7,1435,315,6.141,353.0,8.784,2.793,0.8681,0.0727,2.118,0.644,2.419,0.785,0.596,0.384,0.305,0.062,0.625,0.683,0.168,0.127,0.340,0.289
7,1436,315,6.145,351.6,8.784,2.793,0.8681,0.0727,2.118,0.644,2.419,0.785,0.646,0.406,0.260,0.052,0.626,0.683,0.168,0.140,0.340,0.289
7,1437,315,6.135,354.7,8.784,2.793,0.8681,0.0727,2.118,0.644,2.419,0.785,0.609,0.384,0.270,0.070,0.631,0.683,0.168,0.149,0.340,0.289
7,1438,315,6.131,355.7,8.784,2.793,0.8681,0.0727,2.118,0.644,2.419,0.785,0.641,0.400,0.311,0.061,0.684,0.683,0.168,0.165,0.340,0.289
7,1439,314,6.154,354.6,8.790,2.796,0.8682,0.0728,2.116,0.644,2.416,0.785,0.637,0.414,0.312,0.061,0.604,0.685,0.169,0.143,0.338,0.290
7,1440,314,6.151,355.7,8.790,2.796,0.8682,0.0728,2.116,0.644,2.416,0.785,0.626,0.414,0.280,0.056,0.663,0.685,0.169,0.143,0.338,0.290
7,1441,314,6.144,358.0,8.790,2.796,0.8682,0.0728,2.116,0.644,2.416,0.785,0.618,0.369,0.312,0.061,0.639,0.685,0.169,0.121,0.338,0.290
7,1442,315,6.123,358.4,8.790,2.791,0.8683,0.0727,2.114,0.644,2.413,0.785,0.661,0.425,0.270,0.058,0.637,0.686,0.168,0.130,0.340,0.289
7,1443,315,6.129,356.5,8.790,2.791,0.8683,0.0727,2.114,0.644,2.413,0.785,0.624,0.457,0.308,0.063,0.603,0.686,0.168,0.200,0.340,0.289
7,1444,315,6.127,356.8,8.790,2.791,0.8683,0.0727,2.114,0.644,2.413,0.785,0.647,0.432,0.311,0.065,0.606,0.686,0.168,0.133,0.340,0.289
7,1445,316,6.114,354.7,8.797,2.790,0.8681,0.0727,2.112,0.644,2.410,0.786,0.615,0.453,0.285,0.064,0.650,0.687,0.168,0.161,0.342,0.288
7,1446,316,6.109,355.8,8.797,2.790,0.8681,0.0727,2.112,0.644,2.410,0.786,0.651,0.418,0.291,0.064,0.670,0.687,0.168,0.108,0.342,0.288
7,1447,316,6.112,354.3,8.797,2.790,0.8681,0.0727,2.112,0.644,2.410,0.786,0.594,0.424,0.297,0.070,0.662,0.687,0.168,0.142,0.342,0.288
7,1448,315,6.126,355.7,8.813,2.781,0.8681,0.0728,2.115,0.643,2.404,0.779,0.640,0.416,0.305,0.060,0.653,0.689,0.168,0.152,0.343,0.286
7,1449,315,6.129,354.5,8.813,2.781,0.8681,0.0728,2.115,0.643,2.404,0.779,0.640,0.375,0.270,0.058,0.648,0.689,0.168,0.102,0.343,0.286
7,1450,315,6.132,353.8,8.813,2.781,0.8681,0.0728,2.115,0.643,2.404,0.779,0.640,0.397,0.254,0.059,0.635,0.689,0.168,0.124,0.343,0.286
7,1451,315,6.122,356.7,8.813,2.781,0.8681,0.0728,2.115,0.643,2.404,0.779,0.634,0.387,0.308,0.063,0.639,0.689,0.168,0.159,0.343,0.286
7,1452,315,6.113,358.9,8.813,2.781,0.8681,0.0728,2.115,0.643,2.404,0.779,0.645,0.413,0.327,0.060,0.601,0.689,0.168,0.156,0.343,0.286
7,1453,315,6.100,362.7,8.813,2.781,0.8681,0.0728,2.115,0.643,2.404,0.779,0.634,0.422,0.321,0.060,0.601,0.689,0.168,0.133,0.343,0.286
7,1454,315,6.108,359.6,8.813,2.781,0.8681,0.0728,2.115,0.643,2.404,0.779,0.647,0.333,0.298,0.059,0.696,0.689,0.168,0.133,0.343,0.286
7,1455,315,6.114,357.4,8.813,2.781,0.8681,0.0728,2.115,0.643,2.404,0.779,0.613,0.406,0.292,0.058,0.654,0.689,0.168,0.127,0.343,0.286
7,1456,315,6.114,357.2,8.813,2.781,0.8681,0.0728,2.115,0.643,2.404,0.779,0.603,0.394,0.337,0.061,0.642,0.689,0.168,0.159,0.343,0.286
7,1457,315,6.107,359.1,8.813,2.781,0.8681,0.0728,2.115,0.643,2.404,0.779,0.634,0.390,0.314,0.062,0.598,0.689,0.168,0.098,0.343,0.286
7,1458,315,6.102,360.1,8.813,2.781,0.8681,0.0728,2.115,0.643,2.404,0.779,0.664,0.425,0.311,0.065,0.658,0.689,0.168,0.143,0.343,0.286
7,1459,315,6.097,361.3,8.813,2.781,0.8681,0.0728,2.115,0.643,2.404,0.779,0.620,0.422,0.305,0.064,0.618,0.689,0.168,0.171,0.343,0.286
7,1460,315,6.100,360.0,8.813,2.781,0.8681,0.0728,2.115,0.643,2.404,0.779,0.641,0.416,0.321,0.068,0.657,0.689,0.168,0.114,0.343,0.286
7,1461,315,6.096,360.7,8.813,2.781,0.8681,0.0728,2.115,0.643,2.404,0.779,0.638,0.438,0.321,0.061,0.632,0.689,0.168,0.168,0.343,0.286
7,1462,314,6.107,362.9,8.834,2.759,0.8682,0.0729,2.116,0.644,2.403,0.780,0.643,0.439,0.306,0.068,0.601,0.691,0.169,0.131,0.344,0.287
7,1463,314,6.116,359.8,8.834,2.759,0.8682,0.0729,2.116,0.644,2.403,0.780,0.658,0.354,0.312,0.061,0.643,0.691,0.169,0.121,0.344,0.287
7,1464,314,6.124,357.4,8.834,2.759,0.8682,0.0729,2.116,0.644,2.403,0.780,0.618,0.455,0.293,0.061,0.676,0.691,0.169,0.127,0.344,0.287
7,1465,314,6.116,359.9,8.834,2.759,0.8682,0.0729,2.116,0.644,2.403,0.780,0.610,0.449,0.299,0.072,0.626,0.691,0.169,0.118,0.344,0.287
7,1466,314,6.107,362.4,8.834,2.759,0.8682,0.0729,2.116,0.644,2.403,0.780,0.657,0.411,0.318,0.062,0.614,0.691,0.169,0.153,0.344,0.287
7,1467,313,6.122,363.6,8.827,2.760,0.8682,0.0730,2.116,0.645,2.404,0.781,0.603,0.431,0.361,0.064,0.654,0.690,0.169,0.125,0.345,0.288
7,1468,313,6.126,362.6,8.827,2.760,0.8682,0.0730,2.116,0.645,2.404,0.781,0.634,0.419,0.307,0.053,0.713,0.690,0.169,0.173,0.345,0.288
7,1469,313,6.135,359.8,8.827,2.760,0.8682,0.0730,2.116,0.645,2.404,0.781,0.609,0.399,0.351,0.064,0.587,0.690,0.169,0.134,0.345,0.288
7,1470,313,6.126,363.0,8.827,2.760,0.8682,0.0730,2.116,0.645,2.404,0.781,0.636,0.466,0.319,0.066,0.667,0.690,0.169,0.150,0.345,0.288
7,1471,312,6.149,362.2,8.824,2.764,0.8680,0.0730,2.114,0.644,2.406,0.782,0.630,0.468,0.314,0.071,0.668,0.689,0.170,0.131,0.346,0.288
7,1472,312,6.150,362.4,8.824,2.764,0.8680,0.0730,2.114,0.644,2.406,0.782,0.631,0.471,0.330,0.071,0.688,0.689,0.170,0.160,0.346,0.288
7,1473,312,6.158,360.3,8.824,2.764,0.8680,0.0730,2.114,0.644,2.406,0.782,0.642,0.455,0.337,0.063,0.679,0.689,0.170,0.147,0.346,0.288
7,1474,312,6.152,362.6,8.824,2.764,0.8680,0.0730,2.114,0.644,2.406,0.782,0.641,0.423,0.311,0.067,0.635,0.689,0.170,0.131,0.346,0.288
7,1475,312,6.169,358.1,8.824,2.764,0.8680,0.0730,2.114,0.644,2.406,0.782,0.596,0.487,0.276,0.077,0.679,0.689,0.170,0.170,0.346,0.288
7,1476,312,6.163,360.5,8.824,2.764,0.8680,0.0730,2.114,0.644,2.406,0.782,0.635,0.458,0.317,0.066,0.582,0.689,0.170,0.135,0.346,0.288
7,1477,312,6.166,360.4,8.824,2.764,0.8680,0.0730,2.114,0.644,2.406,0.782,0.642,0.478,0.269,0.068,0.622,0.689,0.170,0.131,0.346,0.288
7,1478,312,6.165,361.1,8.824,2.764,0.8680,0.0730,2.114,0.644,2.406,0.782,0.646,0.394,0.263,0.065,0.638,0.689,0.170,0.141,0.346,0.288
7,1479,312,6.197,352.4,8.824,2.764,0.8680,0.0730,2.114,0.644,2.406,0.782,0.615,0.391,0.260,0.060,0.714,0.689,0.170,0.147,0.346,0.288
7,1480,313,6.181,352.1,8.827,2.760,0.8679,0.0729,2.112,0.644,2.403,0.783,0.629,0.403,0.294,0.060,0.572,0.690,0.169,0.128,0.345,0.291
7,1481,313,6.190,350.4,8.827,2.760,0.8679,0.0729,2.112,0.644,2.403,0.783,0.601,0.412,0.259,0.057,0.679,0.690,0.169,0.160,0.345,0.291
7,1482,313,6.184,352.9,8.827,2.760,0.8679,0.0729,2.112,0.644,2.403,0.783,0.621,0.374,0.304,0.074,0.650,0.690,0.169,0.125,0.345,0.291
7,1483,313,6.186,353.0,8.827,2.760,0.8679,0.0729,2.112,0.644,2.403,0.783,0.649,0.428,0.307,0.065,0.674,0.690,0.169,0.160,0.345,0.291
7,1484,313,6.187,353.4,8.827,2.760,0.8679,0.0729,2.112,0.644,2.403,0.783,0.624,0.438,0.310,0.058,0.660,0.690,0.169,0.153,0.345,0.291
7,1485,313,6.194,352.0,8.827,2.760,0.8679,0.0729,2.112,0.644,2.403,0.783,0.617,0.431,0.300,0.067,0.691,0.690,0.169,0.137,0.345,0.291
7,1486,313,6.197,351.9,8.827,2.760,0.8679,0.0729,2.112,0.644,2.403,0.783,0.657,0.422,0.288,0.064,0.644,0.690,0.169,0.121,0.345,0.291
7,1487,313,6.197,352.5,8.827,2.760,0.8679,0.0729,2.112,0.644,2.403,0.783,0.629,0.428,0.275,0.064,0.606,0.690,0.169,0.118,0.345,0.291
7,1488,313,6.203,351.3,8.827,2.760,0.8679,0.0729,2.112,0.644,2.403,0.783,0.642,0.470,0.272,0.069,0.673,0.690,0.169,0.150,0.345,0.291
7,1489,313,6.202,352.6,8.827,2.760,0.8679,0.0729,2.112,0.644,2.403,0.783,0.625,0.425,0.316,0.062,0.710,0.690,0.169,0.131,0.345,0.291
7,1490,312,6.218,354.5,8.833,2.763,0.8683,0.0728,2.111,0.645,2.397,0.778,0.615,0.410,0.298,0.058,0.612,0.692,0.167,0.131,0.346,0.288
7,1491,312,6.214,356.3,8.833,2.763,0.8683,0.0728,2.111,0.645,2.397,0.778,0.633,0.436,0.304,0.063,0.681,0.692,0.167,0.131,0.346,0.288
7,1492,312,6.229,353.0,8.833,2.763,0.8683,0.0728,2.111,0.645,2.397,0.778,0.630,0.423,0.295,0.059,0.656,0.692,0.167,0.122,0.346,0.288
7,1493,312,6.232,353.1,8.833,2.763,0.8683,0.0728,2.111,0.645,2.397,0.778,0.647,0.417,0.244,0.063,0.726,0.692,0.167,0.138,0.346,0.288
7,1494,312,6.230,354.5,8.833,2.763,0.8683,0.0728,2.111,0.645,2.397,0.778,0.612,0.429,0.244,0.069,0.591,0.692,0.167,0.128,0.346,0.288
7,1495,312,6.225,357.0,8.833,2.763,0.8683,0.0728,2.111,0.645,2.397,0.778,0.612,0.397,0.279,0.058,0.672,0.692,0.167,0.135,0.346,0.288
7,1496,312,6.234,355.1,8.833,2.763,0.8683,0.0728,2.111,0.645,2.397,0.778,0.615,0.478,0.288,0.070,0.643,0.692,0.167,0.141,0.346,0.288
7,1497,311,6.254,356.1,8.830,2.762,0.8680,0.0727,2.115,0.647,2.399,0.777,0.636,0.431,0.264,0.070,0.650,0.691,0.167,0.174,0.341,0.289
7,1498,311,6.268,353.2,8.830,2.762,0.8680,0.0727,2.115,0.647,2.399,0.777,0.650,0.460,0.331,0.067,0.690,0.691,0.167,0.170,0.341,0.289
7,1499,311,6.269,354.3,8.830,2.762,0.8680,0.0727,2.115,0.647,2.399,0.777,0.618,0.418,0.270,0.064,0.629,0.691,0.167,0.113,0.341,0.289
7,1500,311,6.278,352.8,8.830,2.762,0.8680,0.0727,2.115,0.647,2.399,0.777,0.637,0.395,0.277,0.062,0.707,0.691,0.167,0.145,0.341,0.289
7,1501,311,6.278,354.2,8.830,2.762,0.8680,0.0727,2.115,0.647,2.399,0.777,0.624,0.476,0.322,0.067,0.668,0.691,0.167,0.122,0.341,0.289
7,1502,311,6.275,356.5,8.830,2.762,0.8680,0.0727,2.115,0.647,2.399,0.777,0.645,0.463,0.264,0.066,0.651,0.691,0.167,0.148,0.341,0.289
7,1503,311,6.288,353.8,8.830,2.762,0.8680,0.0727,2.115,0.647,2.399,0.777,0.602,0.447,0.273,0.066,0.687,0.691,0.167,0.145,0.341,0.289
7,1504,311,6.283,356.6,8.830,2.762,0.8680,0.0727,2.115,0.647,2.399,0.777,0.622,0.450,0.273,0.064,0.660,0.691,0.167,0.132,0.341,0.289
7,1505,310,6.316,353.9,8.835,2.764,0.8683,0.0727,2.116,0.648,2.401,0.778,0.638,0.400,0.277,0.060,0.622,0.694,0.168,0.126,0.342,0.287
7,1506,310,6.326,352.7,8.835,2.764,0.8683,0.0727,2.116,0.648,2.401,0.778,0.649,0.390,0.303,0.063,0.601,0.694,0.168,0.123,0.342,0.287
7,1507,310,6.327,354.1,8.835,2.764,0.8683,0.0727,2.116,0.648,2.401,0.778,0.599,0.439,0.277,0.063,0.599,0.694,0.168,0.113,0.342,0.287
7,1508,310,6.334,353.6,8.835,2.764,0.8683,0.0727,2.116,0.648,2.401,0.778,0.638,0.406,0.219,0.060,0.687,0.694,0.168,0.139,0.342,0.287
7,1509,310,6.349,350.7,8.835,2.764,0.8683,0.0727,2.116,0.648,2.401,0.778,0.618,0.419,0.242,0.054,0.641,0.694,0.168,0.142,0.342,0.287
7,1510,310,6.356,350.6,8.835,2.764,0.8683,0.0727,2.116,0.648,2.401,0.778,0.634,0.465,0.245,0.064,0.656,0.694,0.168,0.152,0.342,0.287
7,1511,310,6.351,353.9,8.835,2.764,0.8683,0.0727,2.116,0.648,2.401,0.778,0.624,0.484,0.287,0.072,0.609,0.694,0.168,0.119,0.342,0.287
7,1512,310,6.344,357.5,8.835,2.764,0.8683,0.0727,2.116,0.648,2.401,0.778,0.621,0.387,0.255,0.058,0.680,0.694,0.168,0.155,0.342,0.287
7,1513,310,6.361,353.9,8.835,2.764,0.8683,0.0727,2.116,0.648,2.401,0.778,0.633,0.400,0.287,0.062,0.642,0.694,0.168,0.148,0.342,0.287
7,1514,310,6.364,354.7,8.835,2.764,0.8683,0.0727,2.116,0.648,2.401,0.778,0.619,0.403,0.290,0.064,0.710,0.694,0.168,0.113,0.342,0.287
7,1515,310,6.366,355.7,8.835,2.764,0.8683,0.0727,2.116,0.648,2.401,0.778,0.611,0.445,0.294,0.064,0.623,0.694,0.168,0.123,0.342,0.287
7,1516,310,6.374,354.7,8.835,2.764,0.8683,0.0727,2.116,0.648,2.401,0.778,0.623,0.490,0.277,0.073,0.629,0.694,0.168,0.142,0.342,0.287
7,1517,311,6.357,355.3,8.842,2.762,0.8687,0.0728,2.120,0.651,2.399,0.777,0.632,0.424,0.293,0.064,0.678,0.695,0.167,0.132,0.341,0.289
7,1518,311,6.357,356.7,8.842,2.762,0.8687,0.0728,2.120,0.651,2.399,0.777,0.638,0.476,0.283,0.075,0.617,0.695,0.167,0.170,0.341,0.289
7,1519,311,6.360,356.9,8.842,2.762,0.8687,0.0728,2.120,0.651,2.399,0.777,0.617,0.486,0.264,0.061,0.644,0.695,0.167,0.106,0.341,0.289
7,1520,312,6.338,358.5,8.843,2.758,0.8689,0.0728,2.122,0.651,2.399,0.776,0.630,0.494,0.311,0.066,0.646,0.696,0.167,0.135,0.340,0.288
7,1521,312,6.340,358.5,8.843,2.758,0.8689,0.0728,2.122,0.651,2.399,0.776,0.615,0.455,0.272,0.076,0.692,0.696,0.167,0.163,0.340,0.288
7,1522,312,6.355,354.6,8.843,2.758,0.8689,0.0728,2.122,0.651,2.399,0.776,0.655,0.474,0.263,0.061,0.649,0.696,0.167,0.144,0.340,0.288
7,1523,312,6.349,357.5,8.843,2.758,0.8689,0.0728,2.122,0.651,2.399,0.776,0.621,0.471,0.276,0.072,0.682,0.696,0.167,0.167,0.340,0.288
7,1524,312,6.351,357.5,8.843,2.758,0.8689,0.0728,2.122,0.651,2.399,0.776,0.610,0.439,0.253,0.062,0.622,0.696,0.167,0.147,0.340,0.288
7,1525,312,6.363,354.8,8.843,2.758,0.8689,0.0728,2.122,0.651,2.399,0.776,0.611,0.481,0.282,0.064,0.706,0.696,0.167,0.135,0.340,0.288
7,1526,312,6.357,357.4,8.843,2.758,0.8689,0.0728,2.122,0.651,2.399,0.776,0.678,0.397,0.288,0.059,0.676,0.696,0.167,0.112,0.340,0.288
7,1527,312,6.361,356.9,8.843,2.758,0.8689,0.0728,2.122,0.651,2.399,0.776,0.610,0.433,0.369,0.063,0.594,0.696,0.167,0.131,0.340,0.288
7,1528,312,6.347,361.8,8.843,2.758,0.8689,0.0728,2.122,0.651,2.399,0.776,0.622,0.455,0.308,0.068,0.700,0.696,0.167,0.125,0.340,0.288
7,1529,312,6.348,362.1,8.843,2.758,0.8689,0.0728,2.122,0.651,2.399,0.776,0.621,0.436,0.292,0.065,0.622,0.696,0.167,0.109,0.340,0.288
7,1530,312,6.359,359.2,8.843,2.758,0.8689,0.0728,2.122,0.651,2.399,0.776,0.628,0.426,0.292,0.064,0.666,0.696,0.167,0.122,0.340,0.288
7,1531,313,6.339,359.8,8.843,2.754,0.8690,0.0727,2.124,0.651,2.398,0.775,0.587,0.431,0.256,0.065,0.651,0.696,0.166,0.128,0.342,0.288
7,1532,313,6.346,357.8,8.843,2.754,0.8690,0.0727,2.124,0.651,2.398,0.775,0.661,0.413,0.295,0.063,0.607,0.696,0.166,0.119,0.342,0.288
7,1533,313,6.357,355.0,8.843,2.754,0.8690,0.0727,2.124,0.651,2.398,0.775,0.649,0.403,0.288,0.062,0.679,0.696,0.166,0.150,0.342,0.288
7,1534,313,6.364,353.7,8.843,2.754,0.8690,0.0727,2.124,0.651,2.398,0.775,0.610,0.403,0.275,0.064,0.636,0.696,0.166,0.093,0.342,0.288
7,1535,313,6.375,351.1,8.843,2.754,0.8690,0.0727,2.124,0.651,2.398,0.775,0.636,0.425,0.294,0.072,0.641,0.696,0.166,0.141,0.342,0.288
7,1536,313,6.371,352.9,8.843,2.754,0.8690,0.0727,2.124,0.651,2.398,0.775,0.610,0.403,0.272,0.063,0.647,0.696,0.166,0.134,0.342,0.288
7,1537,313,6.376,352.4,8.856,2.750,0.8695,0.0726,2.128,0.654,2.391,0.771,0.615,0.441,0.326,0.068,0.627,0.696,0.166,0.137,0.342,0.284
7,1538,313,6.376,353.2,8.856,2.750,0.8695,0.0726,2.128,0.654,2.391,0.771,0.656,0.422,0.307,0.065,0.651,0.696,0.166,0.163,0.342,0.284
7,1539,313,6.371,355.4,8.856,2.750,0.8695,0.0726,2.128,0.654,2.391,0.771,0.579,0.473,0.281,0.068,0.644,0.696,0.166,0.128,0.342,0.284
7,1540,313,6.373,355.2,8.856,2.750,0.8695,0.0726,2.128,0.654,2.391,0.771,0.623,0.406,0.304,0.061,0.700,0.696,0.166,0.147,0.342,0.284
7,1541,313,6.362,359.0,8.856,2.750,0.8696,0.0726,2.128,0.654,2.390,0.772,0.631,0.387,0.262,0.063,0.655,0.696,0.166,0.157,0.339,0.288
7,1542,313,6.381,353.8,8.856,2.750,0.8696,0.0726,2.128,0.654,2.390,0.772,0.623,0.463,0.249,0.065,0.675,0.696,0.166,0.185,0.339,0.288
7,1543,313,6.382,354.1,8.856,2.750,0.8696,0.0726,2.128,0.654,2.390,0.772,0.637,0.438,0.288,0.068,0.598,0.696,0.166,0.150,0.339,0.288
7,1544,313,6.386,353.5,8.856,2.750,0.8696,0.0726,2.128,0.654,2.390,0.772,0.624,0.367,0.246,0.058,0.640,0.696,0.166,0.121,0.339,0.288
7,1545,313,6.392,352.4,8.856,2.750,0.8696,0.0726,2.128,0.654,2.390,0.772,0.628,0.457,0.332,0.078,0.577,0.696,0.166,0.125,0.339,0.288
7,1546,313,6.391,353.2,8.856,2.750,0.8696,0.0726,2.128,0.654,2.390,0.772,0.656,0.431,0.297,0.061,0.611,0.696,0.166,0.163,0.339,0.288
7,1547,313,6.398,351.8,8.856,2.750,0.8696,0.0726,2.128,0.654,2.390,0.772,0.611,0.409,0.291,0.072,0.652,0.696,0.166,0.157,0.339,0.288
7,1548,312,6.413,354.5,8.859,2.754,0.8696,0.0727,2.129,0.654,2.391,0.773,0.630,0.407,0.340,0.064,0.627,0.699,0.167,0.144,0.340,0.285
7,1549,312,6.393,361.3,8.859,2.754,0.8696,0.0727,2.129,0.654,2.391,0.773,0.639,0.404,0.308,0.066,0.657,0.699,0.167,0.138,0.340,0.285
7,1550,312,6.395,361.2,8.859,2.754,0.8696,0.0727,2.129,0.654,2.391,0.773,0.640,0.458,0.346,0.060,0.686,0.699,0.167,0.154,0.340,0.285
7,1551,311,6.422,359.9,8.859,2.758,0.8696,0.0728,2.133,0.652,2.387,0.771,0.617,0.441,0.302,0.064,0.634,0.698,0.167,0.135,0.341,0.283
7,1552,311,6.428,359.0,8.859,2.758,0.8696,0.0728,2.133,0.652,2.387,0.771,0.630,0.418,0.302,0.060,0.715,0.698,0.167,0.135,0.341,0.283
7,1553,311,6.422,361.8,8.859,2.758,0.8696,0.0728,2.133,0.652,2.387,0.771,0.640,0.477,0.303,0.070,0.642,0.698,0.167,0.158,0.341,0.283
7,1554,311,6.419,363.4,8.859,2.758,0.8696,0.0728,2.133,0.652,2.387,0.771,0.632,0.444,0.283,0.061,0.626,0.698,0.167,0.158,0.341,0.283
7,1555,311,6.428,361.5,8.859,2.758,0.8696,0.0728,2.133,0.652,2.387,0.771,0.604,0.469,0.331,0.059,0.647,0.698,0.167,0.145,0.341,0.283
7,1556,311,6.433,360.9,8.859,2.758,0.8696,0.0728,2.133,0.652,2.387,0.771,0.628,0.395,0.309,0.065,0.617,0.698,0.167,0.141,0.341,0.283
7,1557,311,6.442,359.1,8.859,2.758,0.8696,0.0728,2.133,0.652,2.387,0.771,0.605,0.447,0.289,0.061,0.664,0.698,0.167,0.154,0.341,0.283
7,1558,311,6.444,359.4,8.859,2.758,0.8696,0.0728,2.133,0.652,2.387,0.771,0.625,0.424,0.331,0.067,0.670,0.698,0.167,0.164,0.341,0.283
7,1559,311,6.447,359.4,8.859,2.758,0.8696,0.0728,2.133,0.652,2.387,0.771,0.631,0.437,0.260,0.064,0.699,0.698,0.167,0.174,0.341,0.283
7,1560,312,6.438,356.9,8.865,2.756,0.8699,0.0730,2.135,0.651,2.386,0.770,0.632,0.462,0.272,0.063,0.668,0.696,0.170,0.186,0.340,0.282
7,1561,312,6.444,355.9,8.865,2.756,0.8699,0.0730,2.135,0.651,2.386,0.770,0.636,0.429,0.327,0.062,0.588,0.696,0.170,0.115,0.340,0.282
7,1562,312,6.440,358.1,8.865,2.756,0.8699,0.0730,2.135,0.651,2.386,0.770,0.646,0.417,0.311,0.058,0.635,0.696,0.170,0.138,0.340,0.282
7,1563,312,6.439,359.1,8.865,2.756,0.8699,0.0730,2.135,0.651,2.386,0.770,0.637,0.463,0.312,0.073,0.652,0.696,0.170,0.154,0.340,0.282
7,1564,311,6.458,360.2,8.875,2.756,0.8700,0.0731,2.138,0.649,2.386,0.772,0.615,0.421,0.293,0.065,0.632,0.698,0.170,0.109,0.338,0.283
7,1565,311,6.467,358.4,8.875,2.756,0.8700,0.0731,2.138,0.649,2.386,0.772,0.643,0.476,0.293,0.071,0.633,0.698,0.170,0.167,0.338,0.283
7,1566,311,6.458,362.0,8.875,2.756,0.8700,0.0731,2.138,0.649,2.386,0.772,0.624,0.389,0.264,0.056,0.650,0.698,0.170,0.161,0.338,0.283
7,1567,311,6.475,357.9,8.875,2.756,0.8700,0.0731,2.138,0.649,2.386,0.772,0.583,0.495,0.302,0.068,0.585,0.698,0.170,0.122,0.338,0.283
7,1568,311,6.474,359.4,8.875,2.756,0.8700,0.0731,2.138,0.649,2.386,0.772,0.640,0.415,0.248,0.058,0.669,0.698,0.170,0.119,0.338,0.283
7,1569,311,6.482,358.0,8.875,2.756,0.8700,0.0731,2.138,0.649,2.386,0.772,0.641,0.389,0.309,0.061,0.620,0.698,0.170,0.106,0.338,0.283
7,1570,311,6.485,358.2,8.875,2.756,0.8700,0.0731,2.138,0.649,2.386,0.772,0.644,0.402,0.331,0.063,0.718,0.698,0.170,0.141,0.338,0.283
7,1571,311,6.470,363.4,8.875,2.756,0.8700,0.0731,2.138,0.649,2.386,0.772,0.584,0.498,0.318,0.068,0.613,0.698,0.170,0.135,0.338,0.283
7,1572,311,6.481,361.0,8.875,2.756,0.8700,0.0731,2.138,0.649,2.386,0.772,0.643,0.434,0.248,0.062,0.653,0.698,0.170,0.122,0.338,0.283
7,1573,312,6.470,358.8,8.885,2.757,0.8701,0.0730,2.139,0.648,2.382,0.773,0.632,0.468,0.269,0.065,0.687,0.699,0.170,0.131,0.340,0.282
7,1574,312,6.468,360.3,8.885,2.757,0.8701,0.0730,2.139,0.648,2.382,0.773,0.632,0.433,0.253,0.071,0.609,0.699,0.170,0.160,0.340,0.282
7,1575,312,6.488,355.0,8.885,2.757,0.8701,0.0730,2.139,0.648,2.382,0.773,0.623,0.426,0.256,0.057,0.599,0.699,0.170,0.119,0.340,0.282
7,1576,312,6.490,355.2,8.885,2.757,0.8701,0.0730,2.139,0.648,2.382,0.773,0.633,0.388,0.253,0.068,0.663,0.699,0.170,0.128,0.340,0.282
7,1577,312,6.490,356.0,8.885,2.757,0.8701,0.0730,2.139,0.648,2.382,0.773,0.600,0.420,0.295,0.075,0.654,0.699,0.170,0.163,0.340,0.282
7,1578,312,6.493,355.9,8.885,2.757,0.8701,0.0730,2.139,0.648,2.382,0.773,0.654,0.391,0.301,0.057,0.646,0.699,0.170,0.157,0.340,0.282
7,1579,313,6.463,359.5,8.885,2.753,0.8702,0.0729,2.140,0.648,2.380,0.773,0.623,0.409,0.348,0.058,0.623,0.700,0.169,0.134,0.342,0.281
7,1580,312,6.480,361.0,8.907,2.729,0.8704,0.0729,2.144,0.646,2.381,0.774,0.623,0.449,0.308,0.066,0.713,0.699,0.170,0.144,0.343,0.279
7,1581,312,6.476,362.7,8.907,2.729,0.8704,0.0729,2.144,0.646,2.381,0.774,0.656,0.407,0.269,0.062,0.695,0.699,0.170,0.131,0.343,0.279
7,1582,312,6.483,361.2,8.907,2.729,0.8704,0.0729,2.144,0.646,2.381,0.774,0.645,0.474,0.346,0.070,0.677,0.699,0.170,0.128,0.343,0.279
7,1583,312,6.472,364.7,8.907,2.729,0.8704,0.0729,2.144,0.646,2.381,0.774,0.610,0.436,0.269,0.070,0.665,0.699,0.170,0.179,0.343,0.279
7,1584,312,6.482,362.1,8.907,2.729,0.8704,0.0729,2.144,0.646,2.381,0.774,0.606,0.410,0.301,0.065,0.665,0.699,0.170,0.122,0.343,0.279
7,1585,313,6.470,360.1,8.917,2.731,0.8704,0.0728,2.144,0.645,2.377,0.776,0.601,0.425,0.345,0.068,0.646,0.696,0.169,0.115,0.345,0.278
7,1586,313,6.471,360.0,8.917,2.731,0.8704,0.0728,2.144,0.645,2.377,0.776,0.676,0.425,0.275,0.069,0.683,0.696,0.169,0.163,0.345,0.278
7,1587,313,6.477,358.5,8.917,2.731,0.8704,0.0728,2.144,0.645,2.377,0.776,0.606,0.450,0.297,0.073,0.659,0.696,0.169,0.131,0.345,0.278
7,1588,313,6.485,356.4,8.917,2.731,0.8704,0.0728,2.144,0.645,2.377,0.776,0.601,0.444,0.294,0.069,0.674,0.696,0.169,0.134,0.345,0.278
7,1589,313,6.484,357.4,8.917,2.731,0.8704,0.0728,2.144,0.645,2.377,0.776,0.621,0.387,0.278,0.061,0.680,0.696,0.169,0.147,0.345,0.278
7,1590,313,6.493,355.1,8.917,2.731,0.8704,0.0728,2.144,0.645,2.377,0.776,0.632,0.425,0.304,0.061,0.678,0.696,0.169,0.141,0.345,0.278
7,1591,314,6.472,355.8,8.927,2.732,0.8703,0.0727,2.142,0.645,2.374,0.777,0.619,0.424,0.283,0.065,0.644,0.697,0.169,0.124,0.347,0.277
7,1592,314,6.474,355.3,8.927,2.732,0.8703,0.0727,2.142,0.645,2.374,0.777,0.643,0.468,0.331,0.066,0.679,0.697,0.169,0.159,0.347,0.277
7,1593,314,6.465,358.3,8.927,2.732,0.8703,0.0727,2.142,0.645,2.374,0.777,0.642,0.455,0.322,0.073,0.672,0.697,0.169,0.146,0.347,0.277
7,1594,315,6.453,355.7,8.933,2.730,0.8705,0.0727,2.142,0.644,2.369,0.779,0.622,0.419,0.270,0.063,0.686,0.698,0.168,0.149,0.349,0.276
7,1595,315,6.453,355.5,8.933,2.730,0.8705,0.0727,2.142,0.644,2.369,0.779,0.622,0.460,0.314,0.064,0.614,0.698,0.168,0.146,0.349,0.276
7,1596,315,6.461,353.0,8.933,2.730,0.8705,0.0727,2.142,0.644,2.369,0.779,0.615,0.470,0.276,0.067,0.709,0.698,0.168,0.146,0.349,0.276
7,1597,315,6.471,350.2,8.933,2.730,0.8705,0.0727,2.142,0.644,2.369,0.779,0.625,0.410,0.302,0.058,0.689,0.698,0.168,0.127,0.349,0.276
7,1598,315,6.473,349.7,8.933,2.730,0.8705,0.0727,2.142,0.644,2.369,0.779,0.637,0.489,0.279,0.074,0.676,0.698,0.168,0.121,0.349,0.276
7,1599,316,6.449,350.9,8.937,2.726,0.8709,0.0728,2.145,0.646,2.368,0.779,0.611,0.459,0.323,0.069,0.684,0.696,0.171,0.149,0.348,0.275
7,1600,315,6.458,354.0,8.937,2.731,0.8709,0.0729,2.147,0.647,2.369,0.779,0.616,0.451,0.346,0.073,0.656,0.695,0.171,0.156,0.346,0.276
7,1601,316,6.444,352.2,8.940,2.727,0.8711,0.0729,2.150,0.648,2.368,0.779,0.624,0.424,0.275,0.069,0.637,0.696,0.171,0.133,0.345,0.275
7,1602,317,6.421,352.8,8.943,2.723,0.8714,0.0730,2.154,0.650,2.367,0.778,0.628,0.448,0.290,0.061,0.674,0.697,0.170,0.155,0.344,0.274
7,1603,317,6.417,353.2,8.943,2.723,0.8714,0.0730,2.154,0.650,2.367,0.778,0.627,0.410,0.309,0.072,0.653,0.697,0.170,0.129,0.344,0.274
7,1604,317,6.412,354.1,8.943,2.723,0.8714,0.0730,2.154,0.650,2.367,0.778,0.624,0.391,0.290,0.068,0.660,0.697,0.170,0.136,0.344,0.274
7,1605,318,6.383,355.9,8.947,2.720,0.8715,0.0729,2.158,0.653,2.365,0.777,0.603,0.377,0.336,0.064,0.658,0.695,0.170,0.113,0.343,0.274
7,1606,318,6.380,355.9,8.947,2.720,0.8715,0.0729,2.158,0.653,2.365,0.777,0.635,0.437,0.302,0.070,0.601,0.695,0.170,0.126,0.343,0.274
7,1607,318,6.377,355.5,8.947,2.720,0.8715,0.0729,2.158,0.653,2.365,0.777,0.632,0.437,0.274,0.068,0.704,0.695,0.170,0.119,0.343,0.274
7,1608,318,6.376,354.8,8.947,2.720,0.8715,0.0729,2.158,0.653,2.365,0.777,0.623,0.393,0.292,0.056,0.646,0.695,0.170,0.097,0.343,0.274
7,1609,318,6.386,350.7,8.947,2.720,0.8715,0.0729,2.158,0.653,2.365,0.777,0.606,0.368,0.258,0.055,0.666,0.695,0.170,0.129,0.343,0.274
7,1610,318,6.391,348.3,8.947,2.720,0.8715,0.0729,2.158,0.653,2.365,0.777,0.625,0.399,0.255,0.063,0.608,0.695,0.170,0.107,0.343,0.274
7,1611,318,6.378,351.6,8.947,2.720,0.8715,0.0729,2.158,0.653,2.365,0.777,0.599,0.428,0.299,0.068,0.685,0.695,0.170,0.157,0.343,0.274
7,1612,319,6.357,351.0,8.956,2.721,0.8716,0.0728,2.155,0.654,2.363,0.777,0.600,0.455,0.292,0.070,0.616,0.693,0.172,0.135,0.342,0.276
7,1613,319,6.360,348.8,8.956,2.721,0.8716,0.0728,2.155,0.654,2.363,0.777,0.605,0.398,0.276,0.058,0.655,0.693,0.172,0.125,0.342,0.276
7,1614,319,6.361,347.7,8.956,2.721,0.8716,0.0728,2.155,0.654,2.363,0.777,0.631,0.483,0.229,0.069,0.613,0.693,0.172,0.132,0.342,0.276
7,1615,319,6.352,349.2,8.956,2.721,0.8716,0.0728,2.155,0.654,2.363,0.777,0.617,0.354,0.285,0.062,0.671,0.693,0.172,0.116,0.342,0.276
7,1616,319,6.344,350.6,8.956,2.721,0.8716,0.0728,2.155,0.654,2.363,0.777,0.632,0.455,0.270,0.065,0.670,0.693,0.172,0.141,0.342,0.276
7,1617,318,6.355,352.2,8.965,2.720,0.8717,0.0729,2.157,0.654,2.357,0.771,0.634,0.358,0.242,0.060,0.664,0.692,0.173,0.123,0.340,0.277
7,1618,318,6.364,348.6,8.965,2.720,0.8717,0.0729,2.157,0.654,2.357,0.771,0.640,0.377,0.270,0.061,0.663,0.692,0.173,0.135,0.340,0.277
7,1619,318,6.353,351.1,8.965,2.720,0.8717,0.0729,2.157,0.654,2.357,0.771,0.624,0.343,0.270,0.058,0.626,0.692,0.173,0.097,0.340,0.277
7,1620,318,6.355,349.7,8.965,2.720,0.8717,0.0729,2.157,0.654,2.357,0.771,0.620,0.459,0.318,0.069,0.656,0.692,0.173,0.126,0.340,0.277
7,1621,318,6.344,352.2,8.965,2.720,0.8717,0.0729,2.157,0.654,2.357,0.771,0.600,0.421,0.277,0.073,0.662,0.692,0.173,0.113,0.340,0.277
7,1622,318,6.339,352.6,8.965,2.720,0.8717,0.0729,2.157,0.654,2.357,0.771,0.624,0.459,0.311,0.067,0.597,0.692,0.173,0.154,0.340,0.277
7,1623,317,6.348,355.1,8.965,2.724,0.8717,0.0730,2.159,0.654,2.359,0.771,0.614,0.445,0.379,0.070,0.663,0.694,0.170,0.129,0.338,0.278
7,1624,317,6.342,356.1,8.965,2.724,0.8717,0.0730,2.159,0.654,2.359,0.771,0.607,0.382,0.315,0.060,0.672,0.694,0.170,0.132,0.338,0.278
7,1625,317,6.346,354.0,8.965,2.724,0.8717,0.0730,2.159,0.654,2.359,0.771,0.632,0.388,0.309,0.062,0.642,0.694,0.170,0.139,0.338,0.278
7,1626,316,6.350,358.2,8.975,2.723,0.8721,0.0728,2.160,0.655,2.355,0.767,0.632,0.484,0.348,0.072,0.662,0.696,0.171,0.161,0.339,0.275
7,1627,317,6.328,358.3,8.978,2.720,0.8722,0.0728,2.157,0.656,2.351,0.768,0.644,0.432,0.328,0.059,0.739,0.697,0.170,0.148,0.338,0.278
7,1628,317,6.324,358.5,8.978,2.720,0.8722,0.0728,2.157,0.656,2.351,0.768,0.628,0.442,0.369,0.064,0.626,0.697,0.170,0.145,0.338,0.278
7,1629,317,6.314,360.3,8.978,2.720,0.8722,0.0728,2.157,0.656,2.351,0.768,0.624,0.445,0.319,0.074,0.666,0.697,0.170,0.174,0.338,0.278
7,1630,317,6.327,355.4,8.978,2.720,0.8722,0.0728,2.157,0.656,2.351,0.768,0.624,0.420,0.319,0.063,0.640,0.697,0.170,0.123,0.338,0.278
7,1631,318,6.303,355.9,8.984,2.718,0.8725,0.0728,2.160,0.657,2.350,0.767,0.658,0.371,0.264,0.061,0.669,0.698,0.170,0.145,0.336,0.277
7,1632,318,6.294,357.4,8.984,2.718,0.8725,0.0728,2.160,0.657,2.350,0.767,0.631,0.403,0.277,0.060,0.574,0.698,0.170,0.132,0.336,0.277
7,1633,318,6.293,356.6,8.984,2.718,0.8725,0.0728,2.160,0.657,2.350,0.767,0.622,0.412,0.340,0.061,0.643,0.698,0.170,0.182,0.336,0.277
7,1634,319,6.260,359.2,8.991,2.716,0.8723,0.0727,2.160,0.656,2.348,0.767,0.622,0.411,0.332,0.064,0.596,0.699,0.169,0.157,0.339,0.276
7,1635,318,6.285,356.1,8.987,2.720,0.8720,0.0726,2.156,0.654,2.350,0.767,0.605,0.409,0.314,0.063,0.692,0.701,0.167,0.123,0.340,0.277
7,1636,318,6.276,357.8,8.987,2.720,0.8720,0.0726,2.156,0.654,2.350,0.767,0.628,0.355,0.324,0.064,0.645,0.701,0.167,0.135,0.340,0.277
7,1637,318,6.276,356.5,8.987,2.720,0.8720,0.0726,2.156,0.654,2.350,0.767,0.623,0.374,0.302,0.064,0.634,0.701,0.167,0.126,0.340,0.277
7,1638,318,6.272,356.4,8.987,2.720,0.8720,0.0726,2.156,0.654,2.350,0.767,0.650,0.412,0.340,0.066,0.680,0.701,0.167,0.101,0.340,0.277
7,1639,318,6.267,356.8,8.987,2.720,0.8720,0.0726,2.156,0.654,2.350,0.767,0.626,0.459,0.302,0.062,0.690,0.701,0.167,0.135,0.340,0.277
7,1640,318,6.255,359.2,8.987,2.720,0.8720,0.0726,2.156,0.654,2.350,0.767,0.638,0.418,0.308,0.063,0.637,0.701,0.167,0.123,0.340,0.277
7,1641,318,6.267,354.3,8.987,2.720,0.8720,0.0726,2.156,0.654,2.350,0.767,0.623,0.415,0.321,0.058,0.665,0.701,0.167,0.132,0.340,0.277
7,1642,318,6.263,354.3,8.987,2.720,0.8720,0.0726,2.156,0.654,2.350,0.767,0.649,0.418,0.371,0.071,0.727,0.701,0.167,0.157,0.340,0.277
7,1643,317,6.275,355.8,9.006,2.703,0.8721,0.0726,2.158,0.654,2.350,0.769,0.589,0.461,0.322,0.065,0.625,0.703,0.164,0.158,0.338,0.278
7,1644,317,6.280,353.5,9.006,2.703,0.8721,0.0726,2.158,0.654,2.350,0.769,0.624,0.416,0.328,0.068,0.737,0.703,0.164,0.132,0.338,0.278
7,1645,317,6.271,355.3,9.006,2.703,0.8721,0.0726,2.158,0.654,2.350,0.769,0.620,0.464,0.353,0.067,0.638,0.703,0.164,0.196,0.338,0.278
7,1646,317,6.267,355.9,9.006,2.703,0.8721,0.0726,2.158,0.654,2.350,0.769,0.629,0.413,0.334,0.066,0.677,0.703,0.164,0.151,0.338,0.278
7,1647,317,6.257,357.9,9.006,2.703,0.8721,0.0726,2.158,0.654,2.350,0.769,0.606,0.438,0.322,0.060,0.685,0.703,0.164,0.142,0.338,0.278
7,1648,317,6.259,356.6,9.006,2.703,0.8721,0.0726,2.158,0.654,2.350,0.769,0.645,0.407,0.322,0.057,0.639,0.703,0.164,0.164,0.338,0.278
7,1649,317,6.267,353.4,9.006,2.703,0.8721,0.0726,2.158,0.654,2.350,0.769,0.649,0.401,0.297,0.058,0.665,0.703,0.164,0.136,0.338,0.278
7,1650,317,6.260,354.6,9.006,2.703,0.8721,0.0726,2.158,0.654,2.350,0.769,0.632,0.394,0.312,0.065,0.644,0.703,0.164,0.129,0.338,0.278
7,1651,317,6.252,356.4,9.006,2.703,0.8721,0.0726,2.158,0.654,2.350,0.769,0.597,0.375,0.265,0.056,0.611,0.703,0.164,0.126,0.338,0.278
7,1652,317,6.256,354.2,9.006,2.703,0.8721,0.0726,2.158,0.654,2.350,0.769,0.620,0.385,0.287,0.060,0.629,0.703,0.164,0.151,0.338,0.278
7,1653,316,6.274,354.1,9.003,2.707,0.8718,0.0725,2.155,0.652,2.351,0.770,0.650,0.472,0.282,0.068,0.592,0.706,0.161,0.199,0.339,0.278
7,1654,316,6.273,354.2,9.003,2.707,0.8718,0.0725,2.155,0.652,2.351,0.770,0.630,0.370,0.294,0.062,0.632,0.706,0.161,0.161,0.339,0.278
7,1655,316,6.284,350.3,9.003,2.707,0.8718,0.0725,2.155,0.652,2.351,0.770,0.603,0.392,0.291,0.062,0.624,0.706,0.161,0.130,0.339,0.278
7,1656,316,6.284,350.3,9.003,2.707,0.8718,0.0725,2.155,0.652,2.351,0.770,0.621,0.351,0.313,0.055,0.656,0.706,0.161,0.136,0.339,0.278
7,1657,315,6.300,351.2,9.013,2.706,0.8719,0.0726,2.157,0.652,2.346,0.766,0.632,0.419,0.295,0.070,0.639,0.708,0.159,0.124,0.340,0.279
7,1658,314,6.318,352.3,9.003,2.705,0.8720,0.0727,2.159,0.652,2.348,0.767,0.640,0.455,0.312,0.069,0.695,0.710,0.159,0.153,0.338,0.280
7,1659,314,6.315,353.5,9.003,2.705,0.8720,0.0727,2.159,0.652,2.348,0.767,0.594,0.424,0.331,0.075,0.646,0.710,0.159,0.162,0.338,0.280
7,1660,314,6.314,354.1,9.003,2.705,0.8720,0.0727,2.159,0.652,2.348,0.767,0.619,0.427,0.293,0.067,0.661,0.710,0.159,0.146,0.338,0.280
7,1661,315,6.301,352.3,9.013,2.706,0.8724,0.0728,2.162,0.653,2.347,0.766,0.619,0.432,0.327,0.068,0.658,0.711,0.159,0.156,0.337,0.283
7,1662,314,6.318,353.2,9.010,2.709,0.8721,0.0728,2.158,0.651,2.348,0.766,0.621,0.373,0.264,0.055,0.661,0.713,0.156,0.108,0.338,0.283
7,1663,314,6.323,352.3,9.010,2.709,0.8721,0.0728,2.158,0.651,2.348,0.766,0.611,0.439,0.303,0.063,0.607,0.713,0.156,0.143,0.338,0.283
7,1664,314,6.316,354.6,9.010,2.709,0.8721,0.0728,2.158,0.651,2.348,0.766,0.632,0.427,0.299,0.072,0.715,0.713,0.156,0.159,0.338,0.283
7,1665,314,6.320,353.8,9.010,2.709,0.8721,0.0728,2.158,0.651,2.348,0.766,0.607,0.468,0.277,0.063,0.582,0.713,0.156,0.143,0.338,0.283
7,1666,314,6.323,353.1,9.010,2.709,0.8721,0.0728,2.158,0.651,2.348,0.766,0.646,0.417,0.312,0.065,0.659,0.713,0.156,0.159,0.338,0.283
7,1667,314,6.317,355.3,9.010,2.709,0.8721,0.0728,2.158,0.651,2.348,0.766,0.610,0.446,0.325,0.069,0.658,0.713,0.156,0.143,0.338,0.283
7,1668,315,6.308,352.2,9.019,2.710,0.8723,0.0727,2.158,0.650,2.344,0.769,0.632,0.441,0.295,0.067,0.674,0.714,0.156,0.108,0.340,0.283
7,1669,315,6.307,352.6,9.019,2.710,0.8723,0.0727,2.158,0.650,2.344,0.769,0.622,0.467,0.314,0.067,0.706,0.714,0.156,0.130,0.340,0.283
7,1670,315,6.300,354.8,9.019,2.710,0.8723,0.0727,2.158,0.650,2.344,0.769,0.642,0.387,0.289,0.061,0.590,0.714,0.156,0.149,0.340,0.283
7,1671,315,6.320,348.5,9.019,2.710,0.8723,0.0727,2.158,0.650,2.344,0.769,0.639,0.432,0.292,0.063,0.635,0.714,0.156,0.105,0.340,0.283
7,1672,316,6.286,353.0,9.019,2.706,0.8724,0.0726,2.156,0.650,2.341,0.769,0.627,0.449,0.310,0.070,0.663,0.715,0.155,0.165,0.342,0.282
7,1673,316,6.290,351.4,9.019,2.706,0.8724,0.0726,2.156,0.650,2.341,0.769,0.613,0.402,0.310,0.064,0.647,0.715,0.155,0.114,0.342,0.282
7,1674,316,6.284,353.1,9.019,2.706,0.8724,0.0726,2.156,0.650,2.341,0.769,0.636,0.405,0.285,0.063,0.601,0.715,0.155,0.127,0.342,0.282
7,1675,316,6.282,353.5,9.019,2.706,0.8724,0.0726,2.156,0.650,2.341,0.769,0.620,0.459,0.326,0.072,0.640,0.715,0.155,0.180,0.342,0.282
7,1676,316,6.271,356.3,9.019,2.706,0.8724,0.0726,2.156,0.650,2.341,0.769,0.650,0.459,0.326,0.064,0.706,0.715,0.155,0.184,0.342,0.282
7,1677,316,6.275,354.6,9.019,2.706,0.8724,0.0726,2.156,0.650,2.341,0.769,0.652,0.459,0.291,0.066,0.689,0.715,0.155,0.127,0.342,0.282
7,1678,316,6.273,354.8,9.019,2.706,0.8724,0.0726,2.156,0.650,2.341,0.769,0.611,0.399,0.320,0.063,0.695,0.715,0.155,0.158,0.342,0.282
7,1679,316,6.272,354.7,9.019,2.706,0.8724,0.0726,2.156,0.650,2.341,0.769,0.631,0.478,0.291,0.071,0.652,0.715,0.155,0.152,0.342,0.282
7,1680,316,6.275,353.4,9.019,2.706,0.8724,0.0726,2.156,0.650,2.341,0.769,0.617,0.345,0.288,0.058,0.626,0.715,0.155,0.136,0.342,0.282
7,1681,316,6.277,352.5,9.019,2.706,0.8724,0.0726,2.156,0.650,2.341,0.769,0.659,0.370,0.266,0.063,0.636,0.715,0.155,0.133,0.342,0.282
7,1682,316,6.276,352.5,9.019,2.706,0.8724,0.0726,2.156,0.650,2.341,0.769,0.642,0.465,0.310,0.064,0.655,0.715,0.155,0.168,0.342,0.282
7,1683,316,6.276,352.1,9.019,2.706,0.8724,0.0726,2.156,0.650,2.341,0.769,0.607,0.456,0.282,0.071,0.690,0.715,0.155,0.149,0.342,0.282
7,1684,316,6.261,356.3,9.019,2.706,0.8724,0.0726,2.156,0.650,2.341,0.769,0.631,0.383,0.294,0.063,0.688,0.715,0.155,0.139,0.342,0.282
7,1685,316,6.252,358.6,9.019,2.706,0.8724,0.0726,2.156,0.650,2.341,0.769,0.610,0.421,0.323,0.075,0.555,0.715,0.155,0.139,0.342,0.282
7,1686,317,6.247,353.4,9.019,2.702,0.8725,0.0725,2.154,0.650,2.339,0.769,0.644,0.388,0.315,0.058,0.628,0.716,0.155,0.117,0.344,0.281
7,1687,317,6.247,352.8,9.019,2.702,0.8725,0.0725,2.154,0.650,2.339,0.769,0.604,0.372,0.350,0.059,0.622,0.716,0.155,0.151,0.344,0.281
7,1688,317,6.247,352.3,9.019,2.702,0.8725,0.0725,2.154,0.650,2.339,0.769,0.632,0.401,0.278,0.064,0.668,0.716,0.155,0.107,0.344,0.281
7,1689,317,6.243,352.7,9.019,2.702,0.8725,0.0725,2.154,0.650,2.339,0.769,0.619,0.420,0.303,0.066,0.594,0.716,0.155,0.120,0.344,0.281
7,1690,317,6.234,354.8,9.019,2.702,0.8725,0.0725,2.154,0.650,2.339,0.769,0.632,0.445,0.303,0.076,0.674,0.716,0.155,0.151,0.344,0.281
7,1691,318,6.215,353.9,9.028,2.703,0.8728,0.0726,2.155,0.649,2.336,0.770,0.613,0.447,0.321,0.069,0.663,0.717,0.154,0.129,0.346,0.280
7,1692,318,6.210,354.3,9.028,2.703,0.8728,0.0726,2.155,0.649,2.336,0.770,0.616,0.443,0.333,0.070,0.640,0.717,0.154,0.126,0.346,0.280
7,1693,318,6.204,355.0,9.028,2.703,0.8728,0.0726,2.155,0.649,2.336,0.770,0.643,0.381,0.377,0.067,0.683,0.717,0.154,0.107,0.346,0.280
7,1694,318,6.204,353.9,9.028,2.703,0.8728,0.0726,2.155,0.649,2.336,0.770,0.639,0.462,0.340,0.071,0.678,0.717,0.154,0.148,0.346,0.280
7,1695,319,6.176,355.6,9.034,2.701,0.8729,0.0725,2.155,0.648,2.333,0.770,0.639,0.398,0.320,0.069,0.707,0.718,0.154,0.176,0.348,0.279
7,1696,319,6.168,356.5,9.034,2.701,0.8729,0.0725,2.155,0.648,2.333,0.770,0.640,0.398,0.351,0.072,0.593,0.718,0.154,0.144,0.348,0.279
7,1697,318,6.179,357.5,9.031,2.704,0.8734,0.0721,2.156,0.649,2.331,0.771,0.628,0.437,0.365,0.065,0.638,0.720,0.151,0.148,0.346,0.280
7,1698,317,6.184,360.6,9.035,2.708,0.8732,0.0722,2.159,0.648,2.330,0.772,0.630,0.454,0.328,0.063,0.655,0.719,0.151,0.161,0.344,0.281
7,1699,317,6.176,362.1,9.035,2.708,0.8732,0.0722,2.159,0.648,2.330,0.772,0.600,0.397,0.363,0.062,0.674,0.719,0.151,0.142,0.344,0.281
7,1700,317,6.168,363.2,9.035,2.708,0.8732,0.0722,2.159,0.648,2.330,0.772,0.633,0.492,0.312,0.063,0.667,0.719,0.151,0.142,0.344,0.281
7,1701,317,6.154,366.3,9.035,2.708,0.8732,0.0722,2.159,0.648,2.330,0.772,0.602,0.382,0.347,0.067,0.649,0.719,0.151,0.120,0.344,0.281
7,1702,317,6.144,367.7,9.035,2.708,0.8732,0.0722,2.159,0.648,2.330,0.772,0.671,0.461,0.297,0.069,0.646,0.719,0.151,0.158,0.344,0.281
7,1703,317,6.154,363.3,9.035,2.708,0.8732,0.0722,2.159,0.648,2.330,0.772,0.633,0.435,0.319,0.064,0.673,0.719,0.151,0.151,0.344,0.281
7,1704,317,6.146,364.2,9.035,2.708,0.8732,0.0722,2.159,0.648,2.330,0.772,0.627,0.451,0.315,0.062,0.680,0.719,0.151,0.120,0.344,0.281
7,1705,317,6.150,361.9,9.035,2.708,0.8732,0.0722,2.159,0.648,2.330,0.772,0.602,0.416,0.293,0.066,0.665,0.719,0.151,0.123,0.344,0.281
7,1706,316,6.172,360.0,9.032,2.712,0.8732,0.0723,2.161,0.648,2.330,0.773,0.691,0.373,0.310,0.065,0.627,0.718,0.152,0.139,0.342,0.282
7,1707,316,6.167,360.7,9.032,2.712,0.8732,0.0723,2.161,0.648,2.330,0.773,0.609,0.449,0.278,0.064,0.653,0.718,0.152,0.193,0.342,0.282
7,1708,316,6.164,360.8,9.032,2.712,0.8732,0.0723,2.161,0.648,2.330,0.773,0.627,0.421,0.345,0.064,0.630,0.718,0.152,0.174,0.342,0.282
7,1709,316,6.159,361.6,9.032,2.712,0.8732,0.0723,2.161,0.648,2.330,0.773,0.610,0.377,0.301,0.057,0.605,0.718,0.152,0.146,0.342,0.282
7,1710,316,6.148,364.0,9.032,2.712,0.8732,0.0723,2.161,0.648,2.330,0.773,0.642,0.434,0.342,0.067,0.640,0.718,0.152,0.152,0.342,0.282
7,1711,316,6.150,362.4,9.032,2.712,0.8732,0.0723,2.161,0.648,2.330,0.773,0.612,0.402,0.329,0.064,0.620,0.718,0.152,0.174,0.342,0.282
7,1712,316,6.155,360.0,9.032,2.712,0.8732,0.0723,2.161,0.648,2.330,0.773,0.624,0.396,0.310,0.064,0.690,0.718,0.152,0.171,0.342,0.282
7,1713,316,6.162,357.0,9.032,2.712,0.8732,0.0723,2.161,0.648,2.330,0.773,0.615,0.389,0.304,0.059,0.621,0.718,0.152,0.171,0.342,0.282
7,1714,316,6.154,358.9,9.032,2.712,0.8732,0.0723,2.161,0.648,2.330,0.773,0.642,0.402,0.297,0.058,0.672,0.718,0.152,0.136,0.342,0.282
7,1715,316,6.153,358.7,9.032,2.712,0.8732,0.0723,2.161,0.648,2.330,0.773,0.631,0.402,0.316,0.065,0.640,0.718,0.152,0.155,0.342,0.282
7,1716,316,6.149,359.1,9.032,2.712,0.8732,0.0723,2.161,0.648,2.330,0.773,0.611,0.424,0.288,0.068,0.662,0.718,0.152,0.149,0.342,0.282
7,1717,316,6.139,361.4,9.032,2.712,0.8732,0.0723,2.161,0.648,2.330,0.773,0.617,0.399,0.275,0.067,0.699,0.718,0.152,0.146,0.342,0.282
7,1718,316,6.150,357.5,9.032,2.712,0.8732,0.0723,2.161,0.648,2.330,0.773,0.631,0.373,0.275,0.068,0.620,0.718,0.152,0.149,0.342,0.282
7,1719,317,6.123,359.0,9.041,2.713,0.8734,0.0723,2.159,0.647,2.330,0.772,0.628,0.429,0.300,0.063,0.604,0.719,0.151,0.126,0.344,0.281
7,1720,317,6.134,354.8,9.041,2.713,0.8734,0.0723,2.159,0.647,2.330,0.772,0.632,0.413,0.306,0.059,0.657,0.719,0.151,0.155,0.344,0.281
7,1721,317,6.128,355.8,9.041,2.713,0.8734,0.0723,2.159,0.647,2.330,0.772,0.626,0.379,0.312,0.066,0.566,0.719,0.151,0.126,0.344,0.281
7,1722,317,6.125,356.0,9.041,2.713,0.8734,0.0723,2.159,0.647,2.330,0.772,0.643,0.394,0.338,0.062,0.624,0.719,0.151,0.151,0.344,0.281
7,1723,317,6.124,355.4,9.041,2.713,0.8734,0.0723,2.159,0.647,2.330,0.772,0.609,0.407,0.262,0.065,0.647,0.719,0.151,0.142,0.344,0.281
7,1724,316,6.145,354.0,9.041,2.717,0.8736,0.0723,2.161,0.648,2.330,0.773,0.639,0.392,0.272,0.064,0.662,0.722,0.152,0.136,0.345,0.282
7,1725,316,6.135,356.8,9.041,2.717,0.8736,0.0723,2.161,0.648,2.330,0.773,0.630,0.373,0.288,0.055,0.552,0.722,0.152,0.127,0.345,0.282
7,1726,316,6.131,357.2,9.041,2.717,0.8736,0.0723,2.161,0.648,2.330,0.773,0.655,0.396,0.323,0.065,0.661,0.722,0.152,0.133,0.345,0.282
7,1727,316,6.129,357.4,9.041,2.717,0.8736,0.0723,2.161,0.648,2.330,0.773,0.629,0.373,0.272,0.061,0.668,0.722,0.152,0.133,0.345,0.282
7,1728,315,6.149,356.8,9.038,2.721,0.8735,0.0724,2.156,0.644,2.332,0.774,0.627,0.397,0.324,0.068,0.609,0.724,0.152,0.137,0.346,0.283
7,1729,315,6.140,359.2,9.038,2.721,0.8735,0.0724,2.156,0.644,2.332,0.774,0.613,0.387,0.302,0.062,0.644,0.724,0.152,0.159,0.346,0.283
7,1730,315,6.143,358.1,9.038,2.721,0.8735,0.0724,2.156,0.644,2.332,0.774,0.677,0.378,0.308,0.058,0.626,0.724,0.152,0.152,0.346,0.283
7,1731,315,6.143,357.6,9.038,2.721,0.8735,0.0724,2.156,0.644,2.332,0.774,0.645,0.378,0.324,0.062,0.626,0.724,0.152,0.137,0.346,0.283
7,1732,315,6.132,360.6,9.038,2.721,0.8735,0.0724,2.156,0.644,2.332,0.774,0.630,0.422,0.302,0.062,0.630,0.724,0.152,0.133,0.346,0.283
7,1733,315,6.137,358.7,9.038,2.721,0.8735,0.0724,2.156,0.644,2.332,0.774,0.651,0.397,0.295,0.065,0.697,0.724,0.152,0.143,0.346,0.283
7,1734,315,6.138,358.1,9.038,2.721,0.8735,0.0724,2.156,0.644,2.332,0.774,0.632,0.356,0.292,0.061,0.628,0.724,0.152,0.124,0.346,0.283
7,1735,315,6.135,358.7,9.038,2.721,0.8735,0.0724,2.156,0.644,2.332,0.774,0.584,0.340,0.298,0.060,0.614,0.724,0.152,0.133,0.346,0.283
7,1736,315,6.129,360.3,9.038,2.721,0.8735,0.0724,2.156,0.644,2.332,0.774,0.632,0.368,0.254,0.065,0.579,0.724,0.152,0.121,0.346,0.283
7,1737,313,6.168,359.9,9.029,2.726,0.8728,0.0721,2.156,0.645,2.333,0.776,0.623,0.435,0.288,0.069,0.672,0.722,0.153,0.137,0.348,0.284
7,1738,313,6.162,361.9,9.029,2.726,0.8728,0.0721,2.156,0.645,2.333,0.776,0.660,0.422,0.323,0.065,0.641,0.722,0.153,0.141,0.348,0.284
7,1739,313,6.164,361.4,9.029,2.726,0.8728,0.0721,2.156,0.645,2.333,0.776,0.616,0.450,0.304,0.060,0.692,0.722,0.153,0.166,0.348,0.284
7,1740,313,6.163,362.0,9.029,2.726,0.8728,0.0721,2.156,0.645,2.333,0.776,0.651,0.406,0.329,0.064,0.636,0.722,0.153,0.153,0.348,0.284
7,1741,313,6.160,363.1,9.029,2.726,0.8728,0.0721,2.156,0.645,2.333,0.776,0.644,0.390,0.310,0.066,0.684,0.722,0.153,0.141,0.348,0.284
7,1742,312,6.182,362.4,9.022,2.729,0.8725,0.0720,2.154,0.644,2.333,0.777,0.657,0.426,0.311,0.067,0.651,0.724,0.151,0.135,0.349,0.285
7,1743,312,6.192,360.0,9.022,2.729,0.8725,0.0720,2.154,0.644,2.333,0.777,0.628,0.455,0.292,0.076,0.679,0.724,0.151,0.147,0.349,0.285
7,1744,312,6.196,359.3,9.022,2.729,0.8725,0.0720,2.154,0.644,2.333,0.777,0.624,0.378,0.314,0.063,0.686,0.724,0.151,0.128,0.349,0.285
7,1745,312,6.195,360.2,9.022,2.729,0.8725,0.0720,2.154,0.644,2.333,0.777,0.621,0.458,0.263,0.066,0.675,0.724,0.151,0.128,0.349,0.285
7,1746,312,6.210,356.4,9.022,2.729,0.8725,0.0720,2.154,0.644,2.333,0.777,0.624,0.404,0.240,0.058,0.598,0.724,0.151,0.154,0.349,0.285
7,1747,312,6.216,355.6,9.022,2.729,0.8725,0.0720,2.154,0.644,2.333,0.777,0.621,0.420,0.304,0.063,0.604,0.724,0.151,0.122,0.349,0.285
7,1748,312,6.216,356.2,9.022,2.729,0.8725,0.0720,2.154,0.644,2.333,0.777,0.620,0.394,0.256,0.058,0.635,0.724,0.151,0.167,0.349,0.285
7,1749,312,6.219,356.4,9.022,2.729,0.8725,0.0720,2.154,0.644,2.333,0.777,0.625,0.417,0.311,0.069,0.586,0.724,0.151,0.144,0.349,0.285
7,1750,312,6.212,359.2,9.022,2.729,0.8725,0.0720,2.154,0.644,2.333,0.777,0.627,0.446,0.333,0.064,0.587,0.724,0.151,0.151,0.349,0.285
7,1751,312,6.210,360.4,9.022,2.729,0.8725,0.0720,2.154,0.644,2.333,0.777,0.672,0.465,0.362,0.079,0.689,0.724,0.151,0.189,0.349,0.285
7,1752,313,6.188,361.6,9.029,2.726,0.8726,0.0720,2.154,0.643,2.329,0.781,0.650,0.438,0.313,0.070,0.688,0.725,0.150,0.182,0.351,0.284
7,1753,313,6.197,359.0,9.029,2.726,0.8726,0.0720,2.154,0.643,2.329,0.781,0.605,0.351,0.316,0.058,0.650,0.725,0.150,0.134,0.351,0.284
7,1754,313,6.205,357.0,9.029,2.726,0.8726,0.0720,2.154,0.643,2.329,0.781,0.624,0.396,0.272,0.065,0.731,0.725,0.150,0.150,0.351,0.284
7,1755,313,6.205,357.6,9.029,2.726,0.8726,0.0720,2.154,0.643,2.329,0.781,0.595,0.473,0.307,0.068,0.628,0.725,0.150,0.137,0.351,0.284
7,1756,313,6.209,356.6,9.029,2.726,0.8726,0.0720,2.154,0.643,2.329,0.781,0.637,0.447,0.316,0.070,0.629,0.725,0.150,0.131,0.351,0.284
7,1757,313,6.203,358.9,9.029,2.726,0.8726,0.0720,2.154,0.643,2.329,0.781,0.622,0.406,0.323,0.060,0.652,0.725,0.150,0.128,0.351,0.284
7,1758,313,6.202,359.4,9.029,2.726,0.8726,0.0720,2.154,0.643,2.329,0.781,0.622,0.431,0.304,0.072,0.686,0.725,0.150,0.147,0.351,0.284
7,1759,313,6.196,361.4,9.029,2.726,0.8726,0.0720,2.154,0.643,2.329,0.781,0.639,0.399,0.361,0.063,0.657,0.725,0.150,0.166,0.351,0.284
7,1760,313,6.188,364.0,9.029,2.726,0.8726,0.0720,2.154,0.643,2.329,0.781,0.618,0.399,0.300,0.066,0.675,0.725,0.150,0.125,0.351,0.284
7,1761,313,6.202,360.1,9.029,2.726,0.8726,0.0720,2.154,0.643,2.329,0.781,0.675,0.489,0.291,0.071,0.664,0.725,0.150,0.166,0.351,0.284
7,1762,313,6.211,357.6,9.029,2.726,0.8726,0.0720,2.154,0.643,2.329,0.781,0.643,0.393,0.291,0.059,0.602,0.725,0.150,0.147,0.351,0.284
7,1763,313,6.222,354.8,9.029,2.726,0.8726,0.0720,2.154,0.643,2.329,0.781,0.628,0.364,0.300,0.061,0.632,0.725,0.150,0.134,0.351,0.284
7,1764,313,6.223,354.9,9.029,2.726,0.8726,0.0720,2.154,0.643,2.329,0.781,0.595,0.371,0.294,0.070,0.603,0.725,0.150,0.131,0.351,0.284
7,1765,313,6.234,352.3,9.029,2.726,0.8726,0.0720,2.154,0.643,2.329,0.781,0.597,0.412,0.281,0.058,0.572,0.725,0.150,0.160,0.351,0.284
7,1766,313,6.239,351.6,9.029,2.726,0.8726,0.0720,2.154,0.643,2.329,0.781,0.641,0.447,0.288,0.066,0.639,0.725,0.150,0.153,0.351,0.284
7,1767,313,6.232,354.3,9.029,2.726,0.8726,0.0720,2.154,0.643,2.329,0.781,0.616,0.409,0.313,0.066,0.640,0.725,0.150,0.131,0.351,0.284
7,1768,313,6.225,357.1,9.029,2.726,0.8726,0.0720,2.154,0.643,2.329,0.781,0.615,0.482,0.351,0.065,0.659,0.725,0.150,0.153,0.351,0.284
7,1769,313,6.220,358.8,9.029,2.726,0.8726,0.0720,2.154,0.643,2.329,0.781,0.636,0.422,0.329,0.064,0.667,0.725,0.150,0.141,0.351,0.284
7,1770,313,6.216,360.5,9.029,2.726,0.8726,0.0720,2.154,0.643,2.329,0.781,0.613,0.431,0.323,0.066,0.679,0.725,0.150,0.144,0.351,0.284
7,1771,313,6.203,364.4,9.029,2.726,0.8726,0.0720,2.154,0.643,2.329,0.781,0.603,0.460,0.374,0.062,0.609,0.725,0.150,0.173,0.351,0.284
7,1772,313,6.209,362.8,9.032,2.729,0.8727,0.0720,2.156,0.642,2.321,0.785,0.639,0.444,0.351,0.057,0.638,0.725,0.150,0.160,0.355,0.281
7,1773,313,6.219,359.8,9.032,2.729,0.8727,0.0720,2.156,0.642,2.321,0.785,0.657,0.422,0.319,0.065,0.694,0.725,0.150,0.121,0.355,0.281
7,1774,313,6.220,359.9,9.032,2.729,0.8727,0.0720,2.156,0.642,2.321,0.785,0.641,0.428,0.278,0.065,0.677,0.725,0.150,0.150,0.355,0.281
7,1775,313,6.234,356.0,9.032,2.729,0.8727,0.0720,2.156,0.642,2.321,0.785,0.597,0.473,0.297,0.074,0.629,0.725,0.150,0.163,0.355,0.281
7,1776,313,6.238,355.3,9.032,2.729,0.8727,0.0720,2.156,0.642,2.321,0.785,0.636,0.399,0.323,0.061,0.636,0.725,0.150,0.141,0.355,0.281
7,1777,313,6.242,354.6,9.032,2.729,0.8727,0.0720,2.156,0.642,2.321,0.785,0.591,0.403,0.329,0.057,0.635,0.725,0.150,0.153,0.355,0.281
7,1778,313,6.225,360.3,9.032,2.729,0.8727,0.0720,2.156,0.642,2.321,0.785,0.627,0.438,0.329,0.065,0.696,0.725,0.150,0.185,0.355,0.281
7,1779,313,6.226,360.1,9.032,2.729,0.8727,0.0720,2.156,0.642,2.321,0.785,0.606,0.425,0.319,0.065,0.652,0.725,0.150,0.182,0.355,0.281
7,1780,313,6.231,359.1,9.032,2.729,0.8727,0.0720,2.156,0.642,2.321,0.785,0.612,0.428,0.342,0.059,0.689,0.725,0.150,0.131,0.355,0.281
7,1781,313,6.231,359.2,9.032,2.729,0.8727,0.0720,2.156,0.642,2.321,0.785,0.610,0.460,0.348,0.066,0.687,0.725,0.150,0.144,0.355,0.281
7,1782,314,6.210,360.0,9.041,2.730,0.8728,0.0719,2.157,0.641,2.317,0.788,0.660,0.449,0.287,0.064,0.710,0.723,0.150,0.146,0.357,0.280
7,1783,314,6.227,354.8,9.041,2.730,0.8728,0.0719,2.157,0.641,2.317,0.788,0.653,0.414,0.299,0.056,0.627,0.723,0.150,0.156,0.357,0.280
7,1784,314,6.225,355.7,9.041,2.730,0.8728,0.0719,2.157,0.641,2.317,0.788,0.641,0.414,0.287,0.067,0.662,0.723,0.150,0.131,0.357,0.280
7,1785,314,6.223,356.3,9.041,2.730,0.8728,0.0719,2.157,0.641,2.317,0.788,0.625,0.443,0.296,0.068,0.583,0.723,0.150,0.127,0.357,0.280
7,1786,314,6.225,356.0,9.041,2.730,0.8728,0.0719,2.157,0.641,2.317,0.788,0.652,0.462,0.274,0.058,0.707,0.723,0.150,0.169,0.357,0.280
7,1787,314,6.228,355.2,9.041,2.730,0.8728,0.0719,2.157,0.641,2.317,0.788,0.596,0.395,0.322,0.059,0.678,0.723,0.150,0.115,0.357,0.280
7,1788,313,6.245,356.2,9.051,2.729,0.8730,0.0719,2.157,0.642,2.312,0.784,0.636,0.454,0.288,0.069,0.697,0.725,0.147,0.153,0.358,0.278
7,1789,313,6.243,357.4,9.051,2.729,0.8730,0.0719,2.157,0.642,2.312,0.784,0.607,0.406,0.281,0.057,0.703,0.725,0.147,0.153,0.358,0.278
7,1790,312,6.264,357.6,9.048,2.733,0.8726,0.0718,2.153,0.640,2.313,0.785,0.620,0.420,0.292,0.068,0.701,0.724,0.147,0.128,0.359,0.279
7,1791,312,6.273,355.8,9.048,2.733,0.8726,0.0718,2.153,0.640,2.313,0.785,0.590,0.385,0.292,0.061,0.671,0.724,0.147,0.128,0.359,0.279
7,1792,312,6.271,357.1,9.048,2.733,0.8726,0.0718,2.153,0.640,2.313,0.785,0.631,0.404,0.266,0.066,0.669,0.724,0.147,0.131,0.359,0.279
7,1793,311,6.292,357.7,9.045,2.737,0.8723,0.0717,2.150,0.638,2.313,0.787,0.595,0.431,0.264,0.064,0.643,0.723,0.148,0.161,0.360,0.280
7,1794,311,6.300,356.4,9.045,2.737,0.8723,0.0717,2.150,0.638,2.313,0.787,0.652,0.399,0.305,0.057,0.630,0.723,0.148,0.167,0.360,0.280
7,1795,311,6.296,358.6,9.045,2.737,0.8723,0.0717,2.150,0.638,2.313,0.787,0.605,0.415,0.293,0.065,0.663,0.723,0.148,0.145,0.360,0.280
7,1796,310,6.327,356.6,9.035,2.736,0.8720,0.0716,2.149,0.639,2.316,0.786,0.645,0.426,0.294,0.065,0.676,0.723,0.148,0.158,0.358,0.281
7,1797,310,6.315,361.6,9.035,2.736,0.8720,0.0716,2.149,0.639,2.316,0.786,0.604,0.439,0.297,0.070,0.666,0.723,0.148,0.119,0.358,0.281
7,1798,309,6.341,361.1,9.029,2.738,0.8718,0.0716,2.149,0.640,2.321,0.784,0.638,0.463,0.262,0.069,0.706,0.722,0.149,0.181,0.356,0.282
7,1799,309,6.351,359.8,9.029,2.738,0.8718,0.0716,2.149,0.640,2.321,0.784,0.613,0.443,0.324,0.063,0.701,0.722,0.149,0.162,0.356,0.282
7,1800,310,6.340,358.7,9.035,2.736,0.8721,0.0717,2.151,0.640,2.319,0.783,0.605,0.448,0.271,0.073,0.690,0.723,0.148,0.142,0.355,0.281
7,1801,311,6.323,358.8,9.035,2.732,0.8724,0.0718,2.149,0.640,2.317,0.783,0.647,0.469,0.322,0.065,0.682,0.723,0.148,0.174,0.354,0.280
7,1802,311,6.325,359.3,9.035,2.732,0.8724,0.0718,2.149,0.640,2.317,0.783,0.651,0.463,0.315,0.075,0.666,0.723,0.148,0.186,0.354,0.280
7,1803,311,6.325,360.3,9.035,2.732,0.8724,0.0718,2.149,0.640,2.317,0.783,0.604,0.392,0.334,0.065,0.716,0.723,0.148,0.129,0.354,0.280
7,1804,312,6.308,360.3,9.038,2.728,0.8728,0.0719,2.152,0.641,2.315,0.782,0.631,0.397,0.317,0.068,0.649,0.724,0.147,0.170,0.353,0.279
7,1805,312,6.307,361.2,9.038,2.728,0.8728,0.0719,2.152,0.641,2.315,0.782,0.598,0.449,0.321,0.073,0.699,0.724,0.147,0.131,0.353,0.279
7,1806,312,6.308,361.3,9.038,2.728,0.8728,0.0719,2.152,0.641,2.315,0.782,0.646,0.413,0.340,0.067,0.689,0.724,0.147,0.138,0.353,0.279
7,1807,311,6.325,362.7,9.055,2.717,0.8727,0.0720,2.153,0.641,2.311,0.780,0.619,0.367,0.318,0.061,0.628,0.723,0.148,0.154,0.354,0.277
7,1808,311,6.337,360.0,9.055,2.717,0.8727,0.0720,2.153,0.641,2.311,0.780,0.603,0.412,0.347,0.062,0.646,0.723,0.148,0.158,0.354,0.277
7,1809,310,6.349,363.5,9.048,2.719,0.8725,0.0720,2.155,0.642,2.308,0.779,0.612,0.442,0.294,0.065,0.674,0.723,0.148,0.132,0.355,0.277
7,1810,310,6.352,363.6,9.048,2.719,0.8725,0.0720,2.155,0.642,2.308,0.779,0.616,0.427,0.298,0.063,0.658,0.723,0.148,0.139,0.355,0.277
7,1811,310,6.359,362.7,9.048,2.719,0.8725,0.0720,2.155,0.642,2.308,0.779,0.649,0.471,0.365,0.068,0.722,0.723,0.148,0.161,0.355,0.277
7,1812,311,6.341,362.9,9.058,2.720,0.8726,0.0719,2.155,0.641,2.303,0.781,0.641,0.437,0.334,0.067,0.695,0.723,0.148,0.167,0.357,0.277
7,1813,311,6.347,361.9,9.058,2.720,0.8726,0.0719,2.155,0.641,2.303,0.781,0.608,0.412,0.305,0.069,0.671,0.723,0.148,0.145,0.357,0.277
7,1814,311,6.337,365.6,9.058,2.720,0.8726,0.0719,2.155,0.641,2.303,0.781,0.629,0.424,0.273,0.069,0.655,0.723,0.148,0.119,0.357,0.277
7,1815,311,6.341,365.1,9.058,2.720,0.8726,0.0719,2.155,0.641,2.303,0.781,0.590,0.441,0.344,0.070,0.635,0.723,0.148,0.174,0.357,0.277
7,1816,311,6.351,362.9,9.058,2.720,0.8726,0.0719,2.155,0.641,2.303,0.781,0.620,0.376,0.277,0.062,0.637,0.723,0.148,0.170,0.357,0.277
7,1817,310,6.377,362.1,9.055,2.724,0.8722,0.0718,2.151,0.638,2.305,0.782,0.602,0.445,0.323,0.071,0.619,0.726,0.145,0.155,0.358,0.277
7,1818,310,6.371,364.7,9.055,2.724,0.8722,0.0718,2.151,0.638,2.305,0.782,0.638,0.410,0.281,0.062,0.706,0.726,0.145,0.126,0.358,0.277
7,1819,311,6.362,362.3,9.064,2.725,0.8723,0.0717,2.151,0.638,2.303,0.782,0.599,0.418,0.322,0.070,0.704,0.727,0.145,0.180,0.360,0.277
7,1820,311,6.372,360.2,9.064,2.725,0.8723,0.0717,2.151,0.638,2.303,0.782,0.617,0.408,0.293,0.068,0.676,0.727,0.145,0.132,0.360,0.277
7,1821,311,6.375,360.3,9.064,2.725,0.8723,0.0717,2.151,0.638,2.303,0.782,0.641,0.476,0.325,0.074,0.634,0.727,0.145,0.135,0.360,0.277
7,1822,311,6.371,362.5,9.064,2.725,0.8723,0.0717,2.151,0.638,2.303,0.782,0.631,0.405,0.283,0.060,0.696,0.727,0.145,0.141,0.360,0.277
7,1823,311,6.392,356.9,9.064,2.725,0.8723,0.0717,2.151,0.638,2.303,0.782,0.631,0.408,0.293,0.066,0.632,0.727,0.145,0.177,0.360,0.277
7,1824,311,6.393,357.9,9.064,2.725,0.8723,0.0717,2.151,0.638,2.303,0.782,0.627,0.402,0.312,0.059,0.645,0.727,0.145,0.161,0.360,0.277
7,1825,311,6.385,361.1,9.064,2.725,0.8723,0.0717,2.151,0.638,2.303,0.782,0.609,0.370,0.338,0.063,0.662,0.727,0.145,0.113,0.360,0.277
7,1826,311,6.388,361.1,9.064,2.725,0.8723,0.0717,2.151,0.638,2.303,0.782,0.624,0.347,0.318,0.053,0.743,0.727,0.145,0.129,0.360,0.277
7,1827,311,6.392,360.8,9.064,2.725,0.8723,0.0717,2.151,0.638,2.303,0.782,0.610,0.482,0.370,0.072,0.627,0.727,0.145,0.186,0.360,0.277
7,1828,310,6.409,362.7,9.061,2.728,0.8720,0.0715,2.147,0.635,2.304,0.783,0.638,0.455,0.300,0.062,0.658,0.726,0.145,0.168,0.361,0.277
7,1829,311,6.387,364.3,9.061,2.724,0.8722,0.0716,2.151,0.638,2.302,0.782,0.628,0.437,0.338,0.075,0.621,0.723,0.148,0.177,0.360,0.277
7,1830,311,6.398,361.6,9.061,2.724,0.8722,0.0716,2.151,0.638,2.302,0.782,0.646,0.415,0.325,0.063,0.645,0.723,0.148,0.154,0.360,0.277
7,1831,312,6.388,359.4,9.071,2.725,0.8725,0.0717,2.154,0.640,2.302,0.781,0.565,0.369,0.327,0.058,0.724,0.721,0.151,0.096,0.359,0.279
7,1832,312,6.392,358.9,9.071,2.725,0.8725,0.0717,2.154,0.640,2.302,0.781,0.635,0.397,0.349,0.060,0.651,0.721,0.151,0.135,0.359,0.279
7,1833,312,6.398,357.8,9.071,2.725,0.8725,0.0717,2.154,0.640,2.302,0.781,0.619,0.481,0.333,0.072,0.696,0.721,0.151,0.179,0.359,0.279
7,1834,312,6.411,354.7,9.071,2.725,0.8725,0.0717,2.154,0.640,2.302,0.781,0.616,0.410,0.298,0.063,0.655,0.721,0.151,0.125,0.359,0.279
7,1835,312,6.423,352.0,9.071,2.725,0.8725,0.0717,2.154,0.640,2.302,0.781,0.592,0.436,0.317,0.079,0.655,0.721,0.151,0.163,0.359,0.279
7,1836,312,6.419,354.3,9.071,2.725,0.8725,0.0717,2.154,0.640,2.302,0.781,0.641,0.465,0.330,0.069,0.634,0.721,0.151,0.135,0.359,0.279
7,1837,312,6.420,354.9,9.071,2.725,0.8725,0.0717,2.154,0.640,2.302,0.781,0.601,0.423,0.288,0.068,0.682,0.721,0.151,0.160,0.359,0.279
7,1838,312,6.434,351.8,9.071,2.725,0.8725,0.0717,2.154,0.640,2.302,0.781,0.628,0.436,0.356,0.066,0.657,0.721,0.151,0.131,0.359,0.279
7,1839,312,6.429,354.2,9.071,2.725,0.8725,0.0717,2.154,0.640,2.302,0.781,0.607,0.429,0.256,0.064,0.680,0.721,0.151,0.135,0.359,0.279
7,1840,312,6.427,355.9,9.071,2.725,0.8725,0.0717,2.154,0.640,2.302,0.781,0.624,0.433,0.333,0.077,0.627,0.721,0.151,0.147,0.359,0.279
7,1841,312,6.432,355.1,9.071,2.725,0.8725,0.0717,2.154,0.640,2.302,0.781,0.631,0.391,0.266,0.059,0.698,0.721,0.151,0.115,0.359,0.279
7,1842,312,6.423,358.7,9.071,2.725,0.8725,0.0717,2.154,0.640,2.302,0.781,0.644,0.391,0.288,0.066,0.640,0.721,0.151,0.115,0.359,0.279
7,1843,312,6.420,360.2,9.071,2.725,0.8725,0.0717,2.154,0.640,2.302,0.781,0.622,0.433,0.288,0.068,0.638,0.721,0.151,0.154,0.359,0.279
7,1844,312,6.421,360.4,9.071,2.725,0.8725,0.0717,2.154,0.640,2.302,0.781,0.620,0.404,0.308,0.064,0.618,0.721,0.151,0.109,0.359,0.279
7,1845,312,6.421,361.0,9.071,2.725,0.8725,0.0717,2.154,0.640,2.302,0.781,0.602,0.369,0.317,0.070,0.718,0.721,0.151,0.151,0.359,0.279
7,1846,312,6.423,360.9,9.071,2.725,0.8725,0.0717,2.154,0.640,2.302,0.781,0.666,0.490,0.304,0.074,0.698,0.721,0.151,0.163,0.359,0.279
7,1847,312,6.423,361.5,9.071,2.725,0.8725,0.0717,2.154,0.640,2.302,0.781,0.601,0.420,0.304,0.065,0.661,0.721,0.151,0.119,0.359,0.279
7,1848,311,6.448,360.8,9.074,2.728,0.8722,0.0716,2.157,0.639,2.301,0.782,0.636,0.395,0.293,0.059,0.663,0.720,0.151,0.116,0.357,0.280
7,1849,311,6.443,363.1,9.074,2.728,0.8722,0.0716,2.157,0.639,2.301,0.782,0.624,0.450,0.338,0.081,0.638,0.720,0.151,0.167,0.357,0.280
7,1850,311,6.438,365.3,9.074,2.728,0.8722,0.0716,2.157,0.639,2.301,0.782,0.643,0.441,0.350,0.065,0.625,0.720,0.151,0.161,0.357,0.280
7,1851,311,6.446,363.7,9.074,2.728,0.8722,0.0716,2.157,0.639,2.301,0.782,0.611,0.383,0.325,0.062,0.636,0.720,0.151,0.119,0.357,0.280
7,1852,311,6.456,361.3,9.074,2.728,0.8722,0.0716,2.157,0.639,2.301,0.782,0.631,0.447,0.350,0.060,0.646,0.720,0.151,0.161,0.357,0.280
7,1853,311,6.461,360.9,9.074,2.728,0.8722,0.0716,2.157,0.639,2.301,0.782,0.632,0.450,0.312,0.069,0.651,0.720,0.151,0.135,0.357,0.280
7,1854,310,6.473,364.4,9.065,2.728,0.8720,0.0716,2.155,0.639,2.301,0.783,0.645,0.445,0.352,0.065,0.612,0.719,0.152,0.158,0.355,0.281
7,1855,311,6.453,365.0,9.068,2.724,0.8723,0.0717,2.159,0.643,2.299,0.783,0.608,0.444,0.367,0.063,0.718,0.720,0.151,0.193,0.354,0.283
7,1856,310,6.477,364.7,9.058,2.723,0.8723,0.0718,2.159,0.644,2.303,0.780,0.632,0.403,0.358,0.068,0.667,0.723,0.152,0.158,0.352,0.284
7,1857,309,6.511,362.0,9.055,2.727,0.8720,0.0717,2.156,0.643,2.304,0.781,0.597,0.379,0.356,0.062,0.695,0.722,0.152,0.129,0.353,0.285
7,1858,308,6.547,359.3,9.045,2.726,0.8714,0.0715,2.154,0.644,2.301,0.782,0.634,0.464,0.250,0.064,0.655,0.721,0.153,0.136,0.351,0.286
7,1859,308,6.560,357.5,9.045,2.726,0.8714,0.0715,2.154,0.644,2.301,0.782,0.609,0.403,0.289,0.068,0.692,0.721,0.153,0.120,0.351,0.286
7,1860,308,6.574,355.4,9.045,2.726,0.8714,0.0715,2.154,0.644,2.301,0.782,0.638,0.471,0.295,0.071,0.665,0.721,0.153,0.201,0.351,0.286
7,1861,308,6.578,356.3,9.045,2.726,0.8714,0.0715,2.154,0.644,2.301,0.782,0.655,0.503,0.360,0.080,0.652,0.721,0.153,0.182,0.351,0.286
7,1862,308,6.568,361.4,9.045,2.726,0.8714,0.0715,2.154,0.644,2.301,0.782,0.652,0.396,0.279,0.065,0.725,0.721,0.153,0.143,0.351,0.286
7,1863,309,6.559,359.8,9.045,2.722,0.8715,0.0715,2.151,0.645,2.299,0.782,0.610,0.492,0.324,0.068,0.677,0.722,0.152,0.184,0.353,0.285
7,1864,309,6.570,358.0,9.045,2.722,0.8715,0.0715,2.151,0.645,2.299,0.782,0.618,0.440,0.294,0.065,0.653,0.722,0.152,0.184,0.353,0.285
7,1865,309,6.579,357.1,9.045,2.722,0.8715,0.0715,2.151,0.645,2.299,0.782,0.629,0.430,0.269,0.066,0.657,0.722,0.152,0.165,0.353,0.285
7,1866,309,6.591,355.4,9.045,2.722,0.8715,0.0715,2.151,0.645,2.299,0.782,0.639,0.427,0.256,0.054,0.614,0.722,0.152,0.136,0.353,0.285
7,1867,309,6.598,355.1,9.045,2.722,0.8715,0.0715,2.151,0.645,2.299,0.782,0.600,0.375,0.246,0.063,0.658,0.722,0.152,0.120,0.353,0.285
7,1868,309,6.598,357.0,9.045,2.722,0.8715,0.0715,2.151,0.645,2.299,0.782,0.635,0.430,0.252,0.074,0.688,0.722,0.152,0.152,0.353,0.285
7,1869,309,6.609,355.6,9.045,2.722,0.8715,0.0715,2.151,0.645,2.299,0.782,0.602,0.401,0.307,0.065,0.592,0.722,0.152,0.149,0.353,0.285
7,1870,310,6.590,356.8,9.052,2.720,0.8718,0.0715,2.153,0.644,2.298,0.781,0.611,0.429,0.290,0.076,0.662,0.723,0.152,0.100,0.352,0.284
7,1871,310,6.593,357.2,9.052,2.720,0.8718,0.0715,2.153,0.644,2.298,0.781,0.629,0.435,0.339,0.072,0.627,0.723,0.152,0.152,0.352,0.284
7,1872,309,6.613,359.3,9.042,2.719,0.8716,0.0716,2.152,0.645,2.302,0.779,0.652,0.440,0.304,0.062,0.686,0.722,0.152,0.165,0.350,0.285
7,1873,309,6.614,360.5,9.042,2.719,0.8716,0.0716,2.152,0.645,2.302,0.779,0.613,0.385,0.320,0.054,0.622,0.722,0.152,0.136,0.350,0.285
7,1874,309,6.626,358.5,9.042,2.719,0.8716,0.0716,2.152,0.645,2.302,0.779,0.636,0.353,0.330,0.060,0.687,0.722,0.152,0.126,0.350,0.285
7,1875,309,6.626,360.1,9.042,2.719,0.8716,0.0716,2.152,0.645,2.302,0.779,0.600,0.430,0.294,0.069,0.615,0.722,0.152,0.129,0.350,0.285
7,1876,309,6.616,364.7,9.042,2.719,0.8716,0.0716,2.152,0.645,2.302,0.779,0.629,0.463,0.320,0.073,0.698,0.722,0.152,0.178,0.350,0.285
7,1877,309,6.618,365.4,9.042,2.719,0.8716,0.0716,2.152,0.645,2.302,0.779,0.620,0.450,0.265,0.075,0.686,0.722,0.152,0.175,0.350,0.285
7,1878,309,6.640,360.4,9.042,2.719,0.8716,0.0716,2.152,0.645,2.302,0.779,0.643,0.456,0.311,0.070,0.671,0.722,0.152,0.113,0.350,0.285
7,1879,309,6.642,361.3,9.042,2.719,0.8716,0.0716,2.152,0.645,2.302,0.779,0.620,0.469,0.265,0.069,0.652,0.722,0.152,0.175,0.350,0.285
7,1880,309,6.651,360.1,9.042,2.719,0.8716,0.0716,2.152,0.645,2.302,0.779,0.601,0.405,0.262,0.067,0.606,0.722,0.152,0.129,0.350,0.285
7,1881,309,6.674,355.1,9.042,2.719,0.8716,0.0716,2.152,0.645,2.302,0.779,0.628,0.385,0.265,0.062,0.664,0.722,0.152,0.136,0.350,0.285
7,1882,309,6.671,357.8,9.042,2.719,0.8716,0.0716,2.152,0.645,2.302,0.779,0.638,0.421,0.304,0.064,0.581,0.722,0.152,0.152,0.350,0.285
7,1883,309,6.677,357.6,9.042,2.719,0.8716,0.0716,2.152,0.645,2.302,0.779,0.650,0.479,0.298,0.065,0.665,0.722,0.152,0.155,0.350,0.285
7,1884,309,6.677,359.3,9.042,2.719,0.8716,0.0716,2.152,0.645,2.302,0.779,0.616,0.437,0.262,0.072,0.625,0.722,0.152,0.129,0.350,0.285
7,1885,310,6.677,354.8,9.045,2.715,0.8717,0.0715,2.149,0.646,2.298,0.781,0.626,0.442,0.274,0.072,0.701,0.723,0.152,0.155,0.348,0.287
7,1886,311,6.668,352.7,9.048,2.711,0.8719,0.0715,2.153,0.649,2.296,0.780,0.651,0.389,0.280,0.067,0.714,0.720,0.154,0.119,0.350,0.286
7,1887,311,6.662,355.6,9.048,2.711,0.8719,0.0715,2.153,0.649,2.296,0.780,0.606,0.424,0.299,0.063,0.591,0.720,0.154,0.113,0.350,0.286
7,1888,311,6.660,357.6,9.048,2.711,0.8719,0.0715,2.153,0.649,2.296,0.780,0.631,0.415,0.296,0.075,0.658,0.720,0.154,0.109,0.350,0.286
7,1889,311,6.676,353.9,9.048,2.711,0.8719,0.0715,2.153,0.649,2.296,0.780,0.617,0.463,0.270,0.065,0.653,0.720,0.154,0.170,0.350,0.286
7,1890,311,6.670,357.0,9.048,2.711,0.8719,0.0715,2.153,0.649,2.296,0.780,0.627,0.418,0.338,0.064,0.601,0.720,0.154,0.129,0.350,0.286
7,1891,311,6.669,358.3,9.048,2.711,0.8719,0.0715,2.153,0.649,2.296,0.780,0.644,0.441,0.318,0.076,0.691,0.720,0.154,0.141,0.350,0.286
7,1892,311,6.668,359.5,9.048,2.711,0.8719,0.0715,2.153,0.649,2.296,0.780,0.632,0.431,0.360,0.065,0.622,0.720,0.154,0.170,0.350,0.286
7,1893,311,6.670,359.9,9.048,2.711,0.8719,0.0715,2.153,0.649,2.296,0.780,0.633,0.482,0.334,0.080,0.700,0.720,0.154,0.154,0.350,0.286
7,1894,311,6.672,360.4,9.048,2.711,0.8719,0.0715,2.153,0.649,2.296,0.780,0.624,0.418,0.299,0.068,0.768,0.720,0.154,0.100,0.350,0.286
7,1895,311,6.676,360.0,9.048,2.711,0.8719,0.0715,2.153,0.649,2.296,0.780,0.623,0.424,0.328,0.073,0.691,0.720,0.154,0.138,0.350,0.286
7,1896,311,6.670,362.7,9.048,2.711,0.8719,0.0715,2.153,0.649,2.296,0.780,0.635,0.441,0.341,0.065,0.686,0.720,0.154,0.164,0.350,0.286
7,1897,311,6.672,362.9,9.048,2.711,0.8719,0.0715,2.153,0.649,2.296,0.780,0.603,0.466,0.299,0.069,0.711,0.720,0.154,0.167,0.350,0.286
7,1898,311,6.691,358.1,9.048,2.711,0.8719,0.0715,2.153,0.649,2.296,0.780,0.641,0.415,0.302,0.062,0.648,0.720,0.154,0.154,0.350,0.286
7,1899,311,6.689,359.7,9.048,2.711,0.8719,0.0715,2.153,0.649,2.296,0.780,0.620,0.421,0.267,0.068,0.706,0.720,0.154,0.125,0.350,0.286
7,1900,311,6.691,360.0,9.048,2.711,0.8719,0.0715,2.153,0.649,2.296,0.780,0.626,0.486,0.328,0.070,0.728,0.720,0.154,0.138,0.350,0.286
7,1901,311,6.689,361.5,9.048,2.711,0.8719,0.0715,2.153,0.649,2.296,0.780,0.618,0.505,0.360,0.074,0.658,0.720,0.154,0.170,0.350,0.286
7,1902,311,6.690,361.9,9.048,2.711,0.8719,0.0715,2.153,0.649,2.296,0.780,0.669,0.428,0.312,0.061,0.732,0.720,0.154,0.135,0.350,0.286
7,1903,311,6.706,358.3,9.048,2.711,0.8719,0.0715,2.153,0.649,2.296,0.780,0.611,0.389,0.277,0.063,0.668,0.720,0.154,0.093,0.350,0.286
7,1904,311,6.714,356.7,9.048,2.711,0.8719,0.0715,2.153,0.649,2.296,0.780,0.624,0.373,0.238,0.065,0.650,0.720,0.154,0.106,0.350,0.286
7,1905,311,6.722,355.5,9.048,2.711,0.8719,0.0715,2.153,0.649,2.296,0.780,0.629,0.412,0.219,0.067,0.586,0.720,0.154,0.125,0.350,0.286
7,1906,311,6.722,356.9,9.048,2.711,0.8719,0.0715,2.153,0.649,2.296,0.780,0.623,0.412,0.244,0.058,0.669,0.720,0.154,0.154,0.350,0.286
7,1907,312,6.710,355.1,9.054,2.709,0.8722,0.0715,2.153,0.648,2.292,0.782,0.595,0.436,0.234,0.071,0.634,0.721,0.154,0.147,0.353,0.285
7,1908,312,6.708,356.6,9.054,2.709,0.8722,0.0715,2.153,0.648,2.292,0.782,0.619,0.391,0.260,0.061,0.678,0.721,0.154,0.154,0.353,0.285
7,1909,312,6.716,354.8,9.054,2.709,0.8722,0.0715,2.153,0.648,2.292,0.782,0.616,0.433,0.253,0.058,0.667,0.721,0.154,0.170,0.353,0.285
7,1910,313,6.693,356.2,9.061,2.707,0.8725,0.0716,2.156,0.649,2.290,0.782,0.653,0.364,0.233,0.060,0.703,0.722,0.153,0.169,0.351,0.288
7,1911,313,6.693,356.9,9.061,2.707,0.8725,0.0716,2.156,0.649,2.290,0.782,0.614,0.383,0.304,0.067,0.609,0.722,0.153,0.125,0.351,0.288
7,1912,313,6.698,355.7,9.061,2.707,0.8725,0.0716,2.156,0.649,2.290,0.782,0.639,0.419,0.291,0.065,0.679,0.722,0.153,0.125,0.351,0.288
7,1913,313,6.700,355.6,9.061,2.707,0.8725,0.0716,2.156,0.649,2.290,0.782,0.625,0.479,0.297,0.068,0.627,0.722,0.153,0.144,0.351,0.288
7,1914,313,6.698,356.9,9.061,2.707,0.8725,0.0716,2.156,0.649,2.290,0.782,0.639,0.377,0.284,0.063,0.643,0.722,0.153,0.109,0.351,0.288
7,1915,314,6.680,356.2,9.070,2.708,0.8728,0.0717,2.155,0.648,2.286,0.785,0.624,0.401,0.277,0.068,0.661,0.723,0.153,0.099,0.354,0.287
7,1916,314,6.685,355.0,9.070,2.708,0.8728,0.0717,2.155,0.648,2.286,0.785,0.629,0.427,0.280,0.061,0.595,0.723,0.153,0.127,0.354,0.287
7,1917,314,6.686,354.7,9.070,2.708,0.8728,0.0717,2.155,0.648,2.286,0.785,0.628,0.459,0.258,0.068,0.660,0.723,0.153,0.115,0.354,0.287
7,1918,314,6.686,355.1,9.070,2.708,0.8728,0.0717,2.155,0.648,2.286,0.785,0.624,0.382,0.341,0.068,0.653,0.723,0.153,0.143,0.354,0.287
7,1919,315,6.664,355.4,9.079,2.709,0.8730,0.0716,2.158,0.649,2.286,0.783,0.610,0.463,0.317,0.072,0.655,0.724,0.152,0.133,0.352,0.289
7,1920,315,6.669,354.0,9.079,2.709,0.8730,0.0716,2.158,0.649,2.286,0.783,0.610,0.346,0.289,0.058,0.676,0.724,0.152,0.140,0.352,0.289
7,1921,315,6.671,353.3,9.079,2.709,0.8730,0.0716,2.158,0.649,2.286,0.783,0.627,0.403,0.263,0.065,0.681,0.724,0.152,0.105,0.352,0.289
7,1922,315,6.666,354.7,9.079,2.709,0.8730,0.0716,2.158,0.649,2.286,0.783,0.623,0.400,0.251,0.062,0.705,0.724,0.152,0.146,0.352,0.289
7,1923,315,6.680,350.4,9.079,2.709,0.8730,0.0716,2.158,0.649,2.286,0.783,0.618,0.394,0.257,0.063,0.605,0.724,0.152,0.108,0.352,0.289
7,1924,316,6.658,350.8,9.079,2.704,0.8732,0.0716,2.155,0.650,2.283,0.783,0.624,0.358,0.263,0.057,0.628,0.725,0.152,0.117,0.351,0.288
7,1925,316,6.655,351.7,9.079,2.704,0.8732,0.0716,2.155,0.650,2.283,0.783,0.598,0.394,0.229,0.056,0.643,0.725,0.152,0.111,0.351,0.288
7,1926,316,6.659,350.3,9.079,2.704,0.8732,0.0716,2.155,0.650,2.283,0.783,0.655,0.399,0.275,0.057,0.713,0.725,0.152,0.127,0.351,0.288
7,1927,316,6.650,352.8,9.079,2.704,0.8732,0.0716,2.155,0.650,2.283,0.783,0.638,0.392,0.313,0.062,0.595,0.725,0.152,0.139,0.351,0.288
7,1928,316,6.643,354.6,9.079,2.704,0.8732,0.0716,2.155,0.650,2.283,0.783,0.633,0.475,0.291,0.061,0.658,0.725,0.152,0.146,0.351,0.288
7,1929,316,6.637,356.0,9.079,2.704,0.8732,0.0716,2.155,0.650,2.283,0.783,0.630,0.440,0.294,0.061,0.703,0.725,0.152,0.123,0.351,0.288
7,1930,316,6.629,357.7,9.079,2.704,0.8732,0.0716,2.155,0.650,2.283,0.783,0.617,0.399,0.329,0.063,0.632,0.725,0.152,0.155,0.351,0.288
7,1931,316,6.623,358.9,9.079,2.704,0.8732,0.0716,2.155,0.650,2.283,0.783,0.635,0.418,0.326,0.060,0.622,0.725,0.152,0.120,0.351,0.288
7,1932,316,6.620,359.3,9.079,2.704,0.8732,0.0716,2.155,0.650,2.283,0.783,0.632,0.440,0.358,0.073,0.691,0.725,0.152,0.142,0.351,0.288
7,1933,316,6.606,362.7,9.079,2.704,0.8732,0.0716,2.155,0.650,2.283,0.783,0.615,0.427,0.329,0.068,0.677,0.725,0.152,0.142,0.351,0.288
7,1934,316,6.611,360.2,9.079,2.704,0.8732,0.0716,2.155,0.650,2.283,0.783,0.631,0.430,0.320,0.065,0.612,0.725,0.152,0.158,0.351,0.288
7,1935,316,6.616,358.2,9.079,2.704,0.8732,0.0716,2.155,0.650,2.283,0.783,0.624,0.440,0.291,0.065,0.651,0.725,0.152,0.149,0.351,0.288
7,1936,316,6.618,357.0,9.079,2.704,0.8732,0.0716,2.155,0.650,2.283,0.783,0.645,0.465,0.320,0.072,0.604,0.725,0.152,0.155,0.351,0.288
7,1937,317,6.608,353.1,9.085,2.702,0.8733,0.0715,2.157,0.650,2.281,0.783,0.632,0.413,0.284,0.063,0.678,0.722,0.155,0.132,0.350,0.287
7,1938,317,6.595,356.3,9.085,2.702,0.8733,0.0715,2.157,0.650,2.281,0.783,0.637,0.423,0.293,0.063,0.598,0.722,0.155,0.155,0.350,0.287
7,1939,317,6.596,355.3,9.085,2.702,0.8733,0.0715,2.157,0.650,2.281,0.783,0.609,0.394,0.328,0.063,0.603,0.722,0.155,0.158,0.350,0.287
7,1940,317,6.585,357.7,9.085,2.702,0.8733,0.0715,2.157,0.650,2.281,0.783,0.621,0.432,0.315,0.062,0.656,0.722,0.155,0.126,0.350,0.287
7,1941,316,6.605,356.9,9.076,2.701,0.8733,0.0717,2.157,0.651,2.286,0.780,0.615,0.418,0.316,0.060,0.663,0.722,0.155,0.127,0.348,0.288
7,1942,316,6.598,358.7,9.076,2.701,0.8733,0.0717,2.157,0.651,2.286,0.780,0.640,0.456,0.310,0.068,0.676,0.722,0.155,0.174,0.348,0.288
7,1943,316,6.609,354.6,9.076,2.701,0.8733,0.0717,2.157,0.651,2.286,0.780,0.613,0.389,0.288,0.058,0.728,0.722,0.155,0.146,0.348,0.288
7,1944,316,6.626,349.1,9.076,2.701,0.8733,0.0717,2.157,0.651,2.286,0.780,0.617,0.440,0.275,0.061,0.622,0.722,0.155,0.120,0.348,0.288
7,1945,315,6.638,351.8,9.079,2.705,0.8736,0.0716,2.154,0.651,2.282,0.779,0.636,0.460,0.308,0.068,0.662,0.721,0.156,0.146,0.349,0.289
7,1946,315,6.627,355.0,9.079,2.705,0.8736,0.0716,2.154,0.651,2.282,0.779,0.655,0.448,0.286,0.063,0.632,0.721,0.156,0.117,0.349,0.289
7,1947,315,6.623,356.3,9.079,2.705,0.8736,0.0716,2.154,0.651,2.282,0.779,0.617,0.403,0.295,0.068,0.671,0.721,0.156,0.117,0.349,0.289
7,1948,315,6.636,352.2,9.079,2.705,0.8736,0.0716,2.154,0.651,2.282,0.779,0.620,0.451,0.302,0.071,0.667,0.721,0.156,0.137,0.349,0.289
7,1949,315,6.638,351.6,9.079,2.705,0.8736,0.0716,2.154,0.651,2.282,0.779,0.593,0.448,0.359,0.068,0.675,0.721,0.156,0.168,0.349,0.289
7,1950,315,6.620,357.0,9.079,2.705,0.8736,0.0716,2.154,0.651,2.282,0.779,0.613,0.463,0.317,0.080,0.701,0.721,0.156,0.159,0.349,0.289
7,1951,315,6.604,361.6,9.079,2.705,0.8736,0.0716,2.154,0.651,2.282,0.779,0.625,0.460,0.349,0.075,0.641,0.721,0.156,0.178,0.349,0.289
7,1952,315,6.612,358.7,9.079,2.705,0.8736,0.0716,2.154,0.651,2.282,0.779,0.613,0.416,0.359,0.066,0.742,0.721,0.156,0.152,0.349,0.289
7,1953,315,6.604,360.6,9.079,2.705,0.8736,0.0716,2.154,0.651,2.282,0.779,0.601,0.438,0.317,0.080,0.707,0.721,0.156,0.127,0.349,0.289
7,1954,315,6.607,359.5,9.079,2.705,0.8736,0.0716,2.154,0.651,2.282,0.779,0.630,0.435,0.321,0.068,0.731,0.721,0.156,0.146,0.349,0.289
7,1955,315,6.592,363.6,9.079,2.705,0.8736,0.0716,2.154,0.651,2.282,0.779,0.649,0.400,0.333,0.070,0.644,0.721,0.156,0.152,0.349,0.289
7,1956,314,6.625,359.4,9.070,2.704,0.8735,0.0717,2.155,0.651,2.285,0.779,0.661,0.408,0.283,0.066,0.723,0.720,0.156,0.134,0.347,0.290
7,1957,314,6.636,356.0,9.070,2.704,0.8735,0.0717,2.155,0.651,2.285,0.779,0.626,0.465,0.274,0.067,0.694,0.720,0.156,0.118,0.347,0.290
7,1958,313,6.649,358.8,9.064,2.706,0.8733,0.0717,2.152,0.651,2.286,0.780,0.645,0.450,0.323,0.071,0.675,0.722,0.157,0.131,0.348,0.291
7,1959,313,6.649,359.1,9.064,2.706,0.8733,0.0717,2.152,0.651,2.286,0.780,0.601,0.438,0.297,0.069,0.663,0.722,0.157,0.141,0.348,0.291
7,1960,313,6.655,357.6,9.064,2.706,0.8733,0.0717,2.152,0.651,2.286,0.780,0.614,0.367,0.268,0.066,0.643,0.722,0.157,0.115,0.348,0.291
7,1961,313,6.666,354.7,9.064,2.706,0.8733,0.0717,2.152,0.651,2.286,0.780,0.615,0.428,0.275,0.068,0.645,0.722,0.157,0.141,0.348,0.291
7,1962,313,6.656,358.4,9.064,2.706,0.8733,0.0717,2.152,0.651,2.286,0.780,0.633,0.435,0.249,0.071,0.673,0.722,0.157,0.134,0.348,0.291
7,1963,314,6.645,355.6,9.067,2.703,0.8737,0.0718,2.155,0.652,2.285,0.779,0.613,0.417,0.318,0.061,0.633,0.720,0.159,0.124,0.350,0.290
7,1964,314,6.632,359.7,9.067,2.703,0.8737,0.0718,2.155,0.652,2.285,0.779,0.611,0.459,0.338,0.072,0.654,0.720,0.159,0.134,0.350,0.290
7,1965,315,6.608,360.5,9.070,2.699,0.8740,0.0719,2.158,0.652,2.285,0.778,0.620,0.410,0.260,0.066,0.681,0.717,0.162,0.105,0.349,0.289
7,1966,315,6.616,357.7,9.070,2.699,0.8740,0.0719,2.158,0.652,2.285,0.778,0.616,0.403,0.289,0.063,0.601,0.717,0.162,0.137,0.349,0.289
7,1967,316,6.598,356.4,9.070,2.695,0.8743,0.0721,2.159,0.652,2.286,0.776,0.600,0.392,0.313,0.066,0.727,0.718,0.161,0.101,0.348,0.288
7,1968,316,6.605,354.0,9.070,2.695,0.8743,0.0721,2.159,0.652,2.286,0.776,0.638,0.415,0.345,0.064,0.662,0.718,0.161,0.155,0.348,0.288
7,1969,317,6.572,357.2,9.069,2.690,0.8744,0.0720,2.158,0.652,2.283,0.777,0.604,0.429,0.334,0.074,0.639,0.716,0.161,0.161,0.350,0.287
7,1970,317,6.568,357.6,9.069,2.690,0.8744,0.0720,2.158,0.652,2.283,0.777,0.645,0.435,0.331,0.071,0.661,0.716,0.161,0.164,0.350,0.287
7,1971,317,6.582,352.4,9.069,2.690,0.8744,0.0720,2.158,0.652,2.283,0.777,0.585,0.401,0.315,0.067,0.678,0.716,0.161,0.136,0.350,0.287
7,1972,317,6.588,350.0,9.069,2.690,0.8744,0.0720,2.158,0.652,2.283,0.777,0.615,0.448,0.309,0.070,0.632,0.716,0.161,0.126,0.350,0.287
7,1973,317,6.570,355.0,9.069,2.690,0.8744,0.0720,2.158,0.652,2.283,0.777,0.602,0.420,0.360,0.063,0.687,0.716,0.161,0.139,0.350,0.287
7,1974,317,6.569,354.5,9.069,2.690,0.8744,0.0720,2.158,0.652,2.283,0.777,0.632,0.473,0.350,0.075,0.652,0.716,0.161,0.151,0.350,0.287
7,1975,317,6.570,353.4,9.069,2.690,0.8744,0.0720,2.158,0.652,2.283,0.777,0.614,0.448,0.278,0.070,0.654,0.716,0.161,0.199,0.350,0.287
7,1976,317,6.579,350.1,9.069,2.690,0.8744,0.0720,2.158,0.652,2.283,0.777,0.644,0.397,0.322,0.061,0.682,0.716,0.161,0.123,0.350,0.287
7,1977,317,6.577,350.3,9.069,2.690,0.8744,0.0720,2.158,0.652,2.283,0.777,0.635,0.401,0.274,0.069,0.683,0.716,0.161,0.126,0.350,0.287
7,1978,317,6.575,350.4,9.069,2.690,0.8744,0.0720,2.158,0.652,2.283,0.777,0.609,0.442,0.309,0.067,0.630,0.716,0.161,0.158,0.350,0.287
7,1979,317,6.582,347.6,9.069,2.690,0.8744,0.0720,2.158,0.652,2.283,0.777,0.608,0.423,0.281,0.073,0.678,0.716,0.161,0.148,0.350,0.287
7,1980,317,6.567,351.8,9.069,2.690,0.8744,0.0720,2.158,0.652,2.283,0.777,0.611,0.397,0.338,0.063,0.672,0.716,0.161,0.136,0.350,0.287
7,1981,317,6.563,352.6,9.069,2.690,0.8744,0.0720,2.158,0.652,2.283,0.777,0.644,0.432,0.325,0.069,0.597,0.716,0.161,0.164,0.350,0.287
7,1982,317,6.558,353.3,9.069,2.690,0.8744,0.0720,2.158,0.652,2.283,0.777,0.657,0.454,0.290,0.066,0.673,0.716,0.161,0.155,0.350,0.287
7,1983,317,6.542,357.4,9.069,2.690,0.8744,0.0720,2.158,0.652,2.283,0.777,0.633,0.356,0.306,0.062,0.596,0.716,0.161,0.126,0.350,0.287
7,1984,316,6.568,355.1,9.063,2.692,0.8743,0.0721,2.155,0.651,2.285,0.777,0.624,0.453,0.307,0.071,0.632,0.715,0.161,0.136,0.351,0.288
7,1985,315,6.586,355.7,9.067,2.696,0.8748,0.0717,2.155,0.652,2.279,0.771,0.624,0.375,0.298,0.068,0.663,0.717,0.159,0.133,0.352,0.286
7,1986,315,6.589,354.4,9.067,2.696,0.8748,0.0717,2.155,0.652,2.279,0.771,0.606,0.444,0.343,0.072,0.615,0.717,0.159,0.149,0.352,0.286
7,1987,315,6.592,353.6,9.067,2.696,0.8748,0.0717,2.155,0.652,2.279,0.771,0.628,0.441,0.314,0.069,0.712,0.717,0.159,0.165,0.352,0.286
7,1988,315,6.594,352.9,9.067,2.696,0.8748,0.0717,2.155,0.652,2.279,0.771,0.628,0.448,0.317,0.067,0.714,0.717,0.159,0.137,0.352,0.286
7,1989,315,6.591,353.8,9.067,2.696,0.8748,0.0717,2.155,0.652,2.279,0.771,0.595,0.460,0.302,0.064,0.627,0.717,0.159,0.152,0.352,0.286
7,1990,315,6.594,353.0,9.067,2.696,0.8748,0.0717,2.155,0.652,2.279,0.771,0.629,0.387,0.327,0.072,0.706,0.717,0.159,0.162,0.352,0.286
7,1991,315,6.580,357.0,9.067,2.696,0.8748,0.0717,2.155,0.652,2.279,0.771,0.579,0.441,0.324,0.070,0.669,0.717,0.159,0.178,0.352,0.286
7,1992,315,6.575,358.5,9.067,2.696,0.8748,0.0717,2.155,0.652,2.279,0.771,0.627,0.451,0.349,0.066,0.653,0.717,0.159,0.121,0.352,0.286
7,1993,315,6.571,359.1,9.067,2.696,0.8748,0.0717,2.155,0.652,2.279,0.771,0.616,0.435,0.289,0.071,0.728,0.717,0.159,0.098,0.352,0.286
7,1994,315,6.581,356.0,9.067,2.696,0.8748,0.0717,2.155,0.652,2.279,0.771,0.641,0.429,0.289,0.063,0.673,0.717,0.159,0.165,0.352,0.286
7,1995,315,6.585,354.5,9.067,2.696,0.8748,0.0717,2.155,0.652,2.279,0.771,0.612,0.476,0.340,0.066,0.667,0.717,0.159,0.127,0.352,0.286
7,1996,315,6.581,355.8,9.067,2.696,0.8748,0.0717,2.155,0.652,2.279,0.771,0.641,0.356,0.302,0.065,0.631,0.717,0.159,0.111,0.352,0.286
7,1997,315,6.596,351.0,9.067,2.696,0.8748,0.0717,2.155,0.652,2.279,0.771,0.630,0.403,0.273,0.061,0.644,0.717,0.159,0.133,0.352,0.286
7,1998,315,6.585,354.5,9.067,2.696,0.8748,0.0717,2.155,0.652,2.279,0.771,0.620,0.381,0.267,0.067,0.613,0.717,0.159,0.130,0.352,0.286
7,1999,315,6.588,353.5,9.067,2.696,0.8748,0.0717,2.155,0.652,2.279,0.771,0.630,0.403,0.327,0.064,0.635,0.717,0.159,0.152,0.352,0.286
