variante,desconto,horizonte,seed,k,n,cens,nP,nA,pred_m,real_m,vies,rmse,corr,fprem,viesP,rmseP,maxabsP,fvies,frmse,fcorr
ere,evol,evol,1234,0,656650,3196,400286,0,0.504743,0.350515,0.154229,0.255045,0.1092,0.6096,0.000000,0.000000,0,-9.000000,-9.000000,-9.0000
ere,evol,evol,1234,1,325789,3891,51845,327734,0.151433,0.347603,-0.196170,0.276680,-0.0684,0.1591,0.000000,0.000000,0,0.000000,0.000000,1.0000
ere,evol,evol,1234,2,196835,3920,18284,198140,0.171911,0.347808,-0.175897,0.257686,-0.0618,0.0929,0.000000,0.000000,0,-0.118824,0.144251,0.7487
ere,evol,evol,1234,3,158347,4172,9133,159388,0.174182,0.350594,-0.176411,0.256698,-0.0591,0.0577,0.000000,0.000000,0,-0.141913,0.199224,0.1786
ere,evol,evol,1234,4,109834,3786,4332,110588,0.174348,0.349122,-0.174774,0.253806,-0.0505,0.0394,0.000000,0.000000,0,-0.148294,0.206091,0.0922
ere,evol,evol,1234,5,90583,3906,2701,91232,0.176766,0.350006,-0.173240,0.251491,-0.0363,0.0298,0.000000,0.000000,0,-0.132350,0.202702,-0.0042
ere,evol,evol,1234,6,86018,4289,1978,86630,0.176723,0.352656,-0.175934,0.253626,-0.0360,0.0230,0.000000,0.000000,0,-0.137644,0.204637,0.0793
ere,evol,evol,1234,7,70060,4005,1355,70560,0.180473,0.352098,-0.171624,0.249759,-0.0375,0.0193,0.000000,0.000000,0,-0.125112,0.197089,0.0513
ere,evol,evol,1234,8,54519,3556,919,54914,0.184739,0.353342,-0.168604,0.246273,-0.0169,0.0169,0.000000,0.000000,0,-0.125410,0.193585,0.1119
ere,evol,evol,1234,9,38157,2951,594,38452,0.185678,0.351916,-0.166238,0.243480,-0.0189,0.0156,0.000000,0.000000,0,-0.119357,0.189756,0.0635
ere,evol,evol,1234,10,27941,2487,367,28167,0.182251,0.357051,-0.174801,0.249722,-0.0018,0.0131,0.000000,0.000000,0,-0.124340,0.191915,0.1052
ere,evol,evol,1234,11,16738,1633,204,16874,0.181390,0.357030,-0.175639,0.252039,-0.0027,0.0122,0.000000,0.000000,0,-0.121494,0.191408,0.0776
ere,evol,evol,42,0,692933,3354,420934,0,0.503825,0.350401,0.153424,0.253142,0.1177,0.6075,0.000000,0.000000,0,-9.000000,-9.000000,-9.0000
ere,evol,evol,42,1,364346,4271,58318,366481,0.153184,0.347361,-0.194177,0.275034,-0.0682,0.1601,0.000000,0.000000,0,0.000000,0.000000,1.0000
ere,evol,evol,42,2,240257,4467,21567,241745,0.166979,0.348330,-0.181351,0.262327,-0.0653,0.0898,0.000000,0.000000,0,-0.116152,0.142442,0.7932
ere,evol,evol,42,3,154185,4106,9031,155211,0.176864,0.346814,-0.169950,0.249800,-0.0436,0.0586,0.000000,0.000000,0,-0.137791,0.194107,0.1707
ere,evol,evol,42,4,133692,4517,5528,134595,0.182057,0.349488,-0.167431,0.247167,-0.0456,0.0413,0.000000,0.000000,0,-0.150168,0.211006,0.2062
ere,evol,evol,42,5,110105,4520,3604,110858,0.186903,0.350555,-0.163652,0.242720,-0.0329,0.0327,0.000000,0.000000,0,-0.117308,0.189161,0.0357
ere,evol,evol,42,6,82639,4139,2171,83230,0.186248,0.348799,-0.162551,0.241130,-0.0400,0.0263,0.000000,0.000000,0,-0.135495,0.198992,0.2206
ere,evol,evol,42,7,67552,3954,1272,68046,0.177908,0.351427,-0.173520,0.250260,-0.0323,0.0188,0.000000,0.000000,0,-0.121374,0.191298,0.0555
ere,evol,evol,42,8,51047,3341,650,51418,0.167876,0.352384,-0.184508,0.258957,-0.0457,0.0127,0.000000,0.000000,0,-0.138555,0.202411,0.1395
ere,evol,evol,42,9,34675,2472,316,34922,0.161541,0.352206,-0.190664,0.263924,-0.0445,0.0091,0.000000,0.000000,0,-0.136361,0.203413,0.0509
ere,evol,evol,42,10,22293,1663,104,22444,0.151215,0.356805,-0.205590,0.275419,-0.0574,0.0047,0.000000,0.000000,0,-0.145571,0.210060,0.0584
ere,evol,evol,42,11,8233,554,20,8279,0.153399,0.346584,-0.193185,0.263753,-0.0472,0.0024,0.000000,0.000000,0,-0.141165,0.206318,-0.0194
ere,evol,evol,7,0,762636,3905,454383,0,0.512241,0.350546,0.161696,0.262669,0.1159,0.5958,0.000000,0.000000,0,-9.000000,-9.000000,-9.0000
ere,evol,evol,7,1,572742,6467,96785,575975,0.136900,0.350256,-0.213356,0.293100,-0.1058,0.1690,0.000000,0.000000,0,0.000000,0.000000,1.0000
ere,evol,evol,7,2,355975,6891,34014,358271,0.150611,0.348952,-0.198341,0.279330,-0.0909,0.0956,0.000000,0.000000,0,-0.104260,0.125142,0.6991
ere,evol,evol,7,3,246738,6722,14529,248417,0.157719,0.348204,-0.190486,0.271389,-0.0847,0.0589,0.000000,0.000000,0,-0.164761,0.208580,0.1242
ere,evol,evol,7,4,210422,7265,8042,211873,0.159984,0.349981,-0.189997,0.270204,-0.0785,0.0382,0.000000,0.000000,0,-0.167584,0.229893,-0.0870
ere,evol,evol,7,5,189060,7888,5081,190373,0.161335,0.351174,-0.189840,0.269506,-0.0745,0.0269,0.000000,0.000000,0,-0.148049,0.221331,-0.1092
ere,evol,evol,7,6,166749,8269,3305,167928,0.161734,0.351629,-0.189894,0.269509,-0.0703,0.0198,0.000000,0.000000,0,-0.141997,0.212712,-0.0064
ere,evol,evol,7,7,146413,8423,2182,147463,0.161568,0.352028,-0.190459,0.269620,-0.0640,0.0149,0.000000,0.000000,0,-0.137126,0.207246,-0.0136
ere,evol,evol,7,8,129855,8508,1538,130798,0.161840,0.354155,-0.192315,0.271237,-0.0618,0.0118,0.000000,0.000000,0,-0.140578,0.208072,0.0012
ere,evol,evol,7,9,96908,7411,943,97647,0.163103,0.353775,-0.190673,0.268646,-0.0582,0.0097,0.000000,0.000000,0,-0.138663,0.207522,-0.0317
ere,evol,evol,7,10,67203,5613,584,67712,0.167522,0.356346,-0.188824,0.266110,-0.0407,0.0087,0.000000,0.000000,0,-0.135315,0.204685,-0.0201
ere,evol,evol,7,11,22211,2209,166,22395,0.168399,0.349838,-0.181439,0.259494,-0.0335,0.0075,0.000000,0.000000,0,-0.131830,0.201019,-0.0303
livre,evol,evol,1,0,557970,249,525047,0,0.281864,0.349677,-0.067813,0.129490,0.6307,0.9410,-0.076701,0.128184,1.4285714030265808,-9.000000,-9.000000,-9.0000
livre,evol,evol,1,1,557503,498,30057,557752,0.115110,0.349633,-0.234523,0.276054,0.0314,0.0539,-0.006608,0.053440,0.66342753171920776,0.080600,0.131454,0.8192
livre,evol,evol,1,2,549923,735,12354,550168,0.104483,0.349644,-0.245160,0.283639,0.0369,0.0225,-0.017936,0.044790,0.62354940176010132,-0.022816,0.083496,0.7899
livre,evol,evol,1,3,539924,952,6975,540162,0.101220,0.349673,-0.248453,0.286371,0.0408,0.0129,-0.021029,0.035663,0.28552883863449097,-0.053658,0.134444,0.4295
livre,evol,evol,1,4,520783,1170,4577,521017,0.100966,0.349718,-0.248752,0.286954,0.0428,0.0088,-0.020814,0.029721,0.15149420499801636,-0.100559,0.169305,0.3699
livre,evol,evol,1,5,498825,1350,3249,499050,0.101710,0.349802,-0.248092,0.286887,0.0407,0.0065,-0.020331,0.026252,0.090652734041213989,-0.093049,0.189216,0.2101
livre,evol,evol,1,6,469368,1491,2388,469581,0.103002,0.349946,-0.246945,0.286517,0.0386,0.0051,-0.019883,0.024308,0.068346992135047913,-0.100850,0.195474,0.2460
livre,evol,evol,1,7,432972,1648,1836,433178,0.105034,0.350071,-0.245036,0.285772,0.0348,0.0042,-0.019427,0.023012,0.061967521905899048,-0.086942,0.196530,0.2247
livre,evol,evol,1,8,397768,1701,1334,397957,0.106611,0.350331,-0.243720,0.285197,0.0328,0.0034,-0.019096,0.022131,0.057303443551063538,-0.093613,0.199047,0.2537
livre,evol,evol,1,9,272512,1230,701,272635,0.105132,0.349691,-0.244560,0.284673,0.0322,0.0026,-0.019252,0.021936,0.05389346182346344,-0.094082,0.201123,0.2315
livre,evol,evol,1,10,126211,495,108,126256,0.094085,0.348493,-0.254408,0.288117,0.0308,0.0009,-0.019903,0.022081,0.047800689935684204,-0.120601,0.202077,0.2388
livre,evol,evol,1,11,76140,252,3,76161,0.091313,0.348854,-0.257542,0.288878,0.0429,0.0000,-0.007803,0.008482,0.012398824095726013,-0.122303,0.199079,0.1986
livre,evol,evol,2,0,667226,336,605311,0,0.264015,0.350345,-0.086330,0.153046,0.5840,0.9072,-0.101514,0.153968,1.5,-9.000000,-9.000000,-9.0000
livre,evol,evol,2,1,666476,670,49030,666811,0.130471,0.350284,-0.219813,0.271596,0.0365,0.0736,-0.006389,0.051909,0.68578428030014038,0.107261,0.157824,0.8174
livre,evol,evol,2,2,658190,978,20669,658516,0.119696,0.350328,-0.230632,0.278917,0.0376,0.0314,-0.015512,0.041304,0.54274378716945648,-0.007900,0.094264,0.7627
livre,evol,evol,2,3,642421,1291,11071,642743,0.116822,0.350348,-0.233527,0.281339,0.0421,0.0172,-0.019004,0.031804,0.29775314033031464,-0.024209,0.144932,0.3778
livre,evol,evol,2,4,623931,1608,7019,624252,0.116566,0.350372,-0.233806,0.281903,0.0449,0.0112,-0.019048,0.026383,0.15957839787006378,-0.073626,0.170775,0.3238
livre,evol,evol,2,5,588618,1869,4715,588929,0.118307,0.350464,-0.232157,0.281498,0.0409,0.0080,-0.019001,0.023733,0.083946242928504944,-0.054942,0.189280,0.1853
livre,evol,evol,2,6,562152,2103,3384,562452,0.119759,0.350572,-0.230813,0.281067,0.0413,0.0060,-0.018750,0.022215,0.062234401702880859,-0.068807,0.193463,0.2262
livre,evol,evol,2,7,543950,2371,2466,544246,0.120758,0.350600,-0.229842,0.280773,0.0384,0.0045,-0.018653,0.021412,0.056425482034683228,-0.053497,0.197041,0.2088
livre,evol,evol,2,8,535333,2640,1845,535626,0.121069,0.350628,-0.229559,0.280696,0.0386,0.0034,-0.018581,0.020941,0.052178531885147095,-0.065798,0.199954,0.2368
livre,evol,evol,2,9,460031,2533,1341,460284,0.122622,0.350762,-0.228140,0.280946,0.0356,0.0029,-0.018936,0.021061,0.049073517322540283,-0.055600,0.206106,0.2247
livre,evol,evol,2,10,411186,2599,1047,411422,0.125123,0.350882,-0.225759,0.280449,0.0337,0.0025,-0.018920,0.020925,0.04680342972278595,-0.059962,0.211773,0.2333
livre,evol,evol,2,11,332545,2355,685,332741,0.128550,0.351514,-0.222964,0.279699,0.0324,0.0021,-0.019193,0.021184,0.045143738389015198,-0.048540,0.217382,0.2232
livre,evol,evol,3,0,809678,196,769729,0,0.275545,0.349861,-0.074316,0.131334,0.6470,0.9507,-0.084225,0.129382,1.2601115703582764,-9.000000,-9.000000,-9.0000
livre,evol,evol,3,1,805956,385,36703,806148,0.125456,0.349846,-0.224390,0.266290,0.0577,0.0455,0.013321,0.037464,0.39267581701278687,0.084731,0.127841,0.6984
livre,evol,evol,3,2,772574,523,9706,772748,0.112637,0.349912,-0.237275,0.275946,0.0807,0.0126,-0.001125,0.019692,0.43394596874713898,-0.031805,0.076630,0.7233
livre,evol,evol,3,3,724608,673,3554,724776,0.109199,0.349952,-0.240753,0.279303,0.0834,0.0049,-0.006625,0.015018,0.22391016781330109,-0.064319,0.130229,0.3374
livre,evol,evol,3,4,637018,786,1616,637175,0.109760,0.349950,-0.240190,0.279613,0.0877,0.0025,-0.008347,0.012855,0.069372579455375671,-0.112811,0.171696,0.2700
livre,evol,evol,3,5,505630,835,648,505769,0.109967,0.349302,-0.239335,0.279096,0.0843,0.0013,-0.009612,0.013077,0.059308886528015137,-0.095456,0.184449,0.1410
livre,evol,evol,3,6,426576,841,322,426696,0.110991,0.349037,-0.238046,0.278559,0.0809,0.0008,-0.009620,0.012439,0.042512863874435425,-0.105471,0.188577,0.1932
livre,evol,evol,3,7,366414,833,178,366518,0.112207,0.349101,-0.236894,0.278073,0.0784,0.0005,-0.010830,0.013401,0.038450285792350769,-0.089184,0.185522,0.1810
livre,evol,evol,3,8,333334,883,112,333432,0.113301,0.349116,-0.235815,0.277507,0.0773,0.0003,-0.010847,0.013013,0.035722538828849792,-0.100923,0.189122,0.2181
livre,evol,evol,3,9,273051,801,65,273131,0.113368,0.349194,-0.235826,0.277992,0.0725,0.0002,-0.011918,0.013998,0.033891052007675171,-0.092777,0.190373,0.1903
livre,evol,evol,3,10,221447,704,39,221511,0.116116,0.349479,-0.233363,0.277060,0.0730,0.0002,-0.011814,0.013621,0.032460048794746399,-0.098627,0.194874,0.2101
livre,evol,evol,3,11,138137,492,18,138178,0.119197,0.349674,-0.230477,0.275871,0.0720,0.0001,-0.012099,0.013623,0.02339521050453186,-0.085763,0.194981,0.1889
livre,evol,evol,4,0,614897,235,580238,0,0.282339,0.350190,-0.067851,0.130195,0.6218,0.9436,-0.077631,0.128709,1.3333333134651184,-9.000000,-9.000000,-9.0000
livre,evol,evol,4,1,613827,468,28396,614061,0.116667,0.350152,-0.233486,0.274425,0.0640,0.0463,0.008127,0.040002,0.40239089727401733,0.080978,0.130858,0.7972
livre,evol,evol,4,2,612157,690,8729,612387,0.104831,0.350164,-0.245333,0.282784,0.0808,0.0143,-0.005235,0.023627,0.45008742809295654,-0.026260,0.078786,0.7922
livre,evol,evol,4,3,563950,884,3549,564171,0.103314,0.350258,-0.246944,0.284817,0.0833,0.0063,-0.010120,0.018939,0.090413331985473633,-0.055950,0.130925,0.4433
livre,evol,evol,4,4,523691,1075,1704,523906,0.103853,0.350196,-0.246343,0.284913,0.0879,0.0033,-0.012079,0.017241,0.06948438286781311,-0.103472,0.168354,0.3749
livre,evol,evol,4,5,495883,1230,869,496088,0.104652,0.350242,-0.245590,0.284854,0.0849,0.0018,-0.012905,0.016442,0.05627778172492981,-0.094399,0.186225,0.2182
livre,evol,evol,4,6,475121,1400,518,475321,0.105466,0.350286,-0.244819,0.284629,0.0827,0.0011,-0.013573,0.016401,0.04954548180103302,-0.105376,0.193223,0.2421
livre,evol,evol,4,7,422932,1424,298,423110,0.106661,0.350344,-0.243683,0.283990,0.0792,0.0007,-0.014358,0.016823,0.044799208641052246,-0.092214,0.193042,0.2152
livre,evol,evol,4,8,323214,1332,113,323362,0.106574,0.350091,-0.243517,0.283229,0.0760,0.0003,-0.016003,0.018547,0.041453093290328979,-0.101457,0.194581,0.2398
livre,evol,evol,4,9,187096,980,35,187194,0.107940,0.349633,-0.241693,0.281090,0.0707,0.0002,-0.020465,0.022413,0.039094060659408569,-0.094086,0.193573,0.2125
livre,evol,evol,4,10,119321,726,7,119387,0.109958,0.349452,-0.239495,0.279223,0.0672,0.0001,-0.014836,0.015417,0.018834158778190613,-0.099504,0.195700,0.2214
livre,evol,evol,4,11,75202,552,3,75248,0.104633,0.348376,-0.243744,0.281396,0.0569,0.0000,-0.016529,0.016706,0.018317893147468567,-0.105052,0.193904,0.1855
livre,evol,evol,5,0,741989,313,687185,0,0.271059,0.350152,-0.079093,0.144232,0.5976,0.9261,-0.093653,0.142702,1.5,-9.000000,-9.000000,-9.0000
livre,evol,evol,5,1,741373,625,47484,741685,0.128068,0.350115,-0.222048,0.269216,0.0663,0.0640,0.005010,0.044280,0.59098571538925171,0.097480,0.145139,0.7740
livre,evol,evol,5,2,734507,909,16132,734809,0.114751,0.350142,-0.235391,0.278640,0.0809,0.0220,-0.009233,0.029952,0.41195465624332428,-0.018278,0.084083,0.7511
livre,evol,evol,5,3,703535,1175,7490,703828,0.111186,0.350183,-0.238997,0.281972,0.0807,0.0106,-0.014115,0.023503,0.22521989047527313,-0.051075,0.136223,0.3875
livre,evol,evol,5,4,623373,1388,4214,623650,0.112638,0.350314,-0.237676,0.282219,0.0797,0.0068,-0.015085,0.020516,0.11990146338939667,-0.095154,0.173381,0.2974
livre,evol,evol,5,5,572364,1575,2621,572626,0.113709,0.350461,-0.236752,0.282329,0.0749,0.0046,-0.015515,0.019075,0.063581794500350952,-0.080515,0.189067,0.1918
livre,evol,evol,5,6,550706,1781,1761,550960,0.114329,0.350517,-0.236188,0.282333,0.0712,0.0032,-0.015550,0.018210,0.056383445858955383,-0.088088,0.192604,0.2241
livre,evol,evol,5,7,480536,1875,1211,480770,0.117024,0.350831,-0.233807,0.281705,0.0647,0.0025,-0.015554,0.017621,0.051120668649673462,-0.072816,0.192232,0.2187
livre,evol,evol,5,8,399960,1783,810,400158,0.119463,0.351353,-0.231890,0.281171,0.0609,0.0020,-0.015360,0.017092,0.047272980213165283,-0.077900,0.195722,0.2333
livre,evol,evol,5,9,316149,1741,557,316323,0.121832,0.351141,-0.229309,0.279805,0.0546,0.0018,-0.015371,0.017060,0.044459894299507141,-0.068827,0.199343,0.2238
livre,evol,evol,5,10,278971,1783,386,279133,0.122587,0.351087,-0.228500,0.279291,0.0563,0.0014,-0.015719,0.017316,0.042403221130371094,-0.074389,0.203542,0.2329
livre,evol,evol,5,11,197316,1453,200,197437,0.123919,0.351671,-0.227752,0.279298,0.0558,0.0010,-0.015790,0.017118,0.036044090986251831,-0.067958,0.207249,0.2237
livre,evol,evol,6,0,813634,647,721934,0,0.255941,0.350156,-0.094215,0.161758,0.5467,0.8873,-0.115083,0.164006,1.5,-9.000000,-9.000000,-9.0000
livre,evol,evol,6,1,812655,1291,76390,813300,0.139673,0.350053,-0.210380,0.264183,0.0429,0.0940,-0.003227,0.048912,0.4208722710609436,0.121794,0.169267,0.7843
livre,evol,evol,6,2,807927,1897,32746,808559,0.127414,0.350104,-0.222690,0.272449,0.0510,0.0405,-0.014297,0.033511,0.33220326900482178,0.000772,0.097490,0.7353
livre,evol,evol,6,3,782031,2460,18123,782645,0.123966,0.350239,-0.226273,0.275538,0.0535,0.0232,-0.016892,0.026595,0.20072552561759949,-0.021575,0.148528,0.3612
livre,evol,evol,6,4,723650,2923,11583,724233,0.124895,0.350496,-0.225601,0.275947,0.0517,0.0160,-0.016622,0.022519,0.11833280324935913,-0.058732,0.172891,0.2913
livre,evol,evol,6,5,700376,3450,8011,700949,0.125163,0.350579,-0.225415,0.276191,0.0512,0.0114,-0.015953,0.020091,0.076736509799957275,-0.043032,0.187109,0.2172
livre,evol,evol,6,6,664765,3859,5731,665315,0.125711,0.350715,-0.225004,0.276510,0.0480,0.0086,-0.015399,0.018690,0.068558678030967712,-0.054034,0.190133,0.2512
livre,evol,evol,6,7,622086,4105,4266,622598,0.126832,0.351056,-0.224224,0.276640,0.0462,0.0069,-0.015036,0.017855,0.05890028178691864,-0.045335,0.195786,0.2381
livre,evol,evol,6,8,603126,4509,3281,603626,0.127276,0.351175,-0.223899,0.276698,0.0440,0.0054,-0.014534,0.017094,0.054467037320137024,-0.053633,0.199776,0.2483
livre,evol,evol,6,9,565675,4679,2508,566142,0.127542,0.351070,-0.223528,0.276158,0.0429,0.0044,-0.013983,0.016402,0.051225855946540833,-0.049518,0.203209,0.2398
livre,evol,evol,6,10,425448,3811,1832,425794,0.129001,0.351660,-0.222659,0.276019,0.0430,0.0043,-0.013427,0.015727,0.048856213688850403,-0.051559,0.204881,0.2426
livre,evol,evol,6,11,219096,1884,943,219253,0.130104,0.352253,-0.222149,0.276732,0.0404,0.0043,-0.011414,0.013418,0.04087364673614502,-0.050551,0.204329,0.2261
livre,evol,evol,7,0,788263,363,724616,0,0.262006,0.350118,-0.088112,0.150090,0.5938,0.9193,-0.103479,0.150225,1.4285714030265808,-9.000000,-9.000000,-9.0000
livre,evol,evol,7,1,787309,724,54268,787671,0.136447,0.350073,-0.213626,0.262644,0.0599,0.0689,0.004969,0.042588,0.44389981031417847,0.106397,0.151306,0.7455
livre,evol,evol,7,2,777517,1046,19169,777865,0.123646,0.350127,-0.226481,0.271560,0.0775,0.0247,-0.008429,0.028181,0.37714849412441254,-0.016843,0.086935,0.7203
livre,evol,evol,7,3,746320,1354,9067,746658,0.119908,0.350141,-0.230233,0.274887,0.0743,0.0121,-0.012922,0.022938,0.22706730663776398,-0.038540,0.138859,0.3402
livre,evol,evol,7,4,707522,1607,5166,707843,0.119038,0.350269,-0.231231,0.276016,0.0759,0.0073,-0.014020,0.020204,0.13301642239093781,-0.085131,0.170001,0.2805
livre,evol,evol,7,5,607101,1820,3120,607404,0.121392,0.350209,-0.228817,0.275016,0.0703,0.0051,-0.014711,0.019111,0.074077889323234558,-0.058902,0.180907,0.1788
livre,evol,evol,7,6,504826,1927,2011,505101,0.123205,0.350168,-0.226964,0.274185,0.0694,0.0040,-0.015098,0.018548,0.062299281358718872,-0.071444,0.184102,0.2218
livre,evol,evol,7,7,447374,1914,1366,447613,0.123647,0.350427,-0.226780,0.274767,0.0642,0.0031,-0.015151,0.018031,0.056484296917915344,-0.058993,0.186798,0.2105
livre,evol,evol,7,8,384037,1926,911,384251,0.124348,0.350453,-0.226105,0.274479,0.0648,0.0024,-0.014847,0.017295,0.052232906222343445,-0.072036,0.191945,0.2257
livre,evol,evol,7,9,282039,1450,525,282184,0.123617,0.349761,-0.226145,0.273366,0.0622,0.0019,-0.014547,0.016854,0.049124673008918762,-0.065747,0.193874,0.2151
livre,evol,evol,7,10,168777,923,174,168860,0.119487,0.348978,-0.229491,0.274248,0.0611,0.0010,-0.014671,0.016962,0.037936598062515259,-0.082221,0.195316,0.2360
livre,evol,evol,7,11,71062,406,23,71095,0.114689,0.347924,-0.233235,0.277071,0.0538,0.0003,-0.015461,0.016491,0.029675334692001343,-0.084632,0.192252,0.2101
livre,evol,evol,8,0,671370,377,610390,0,0.266722,0.350380,-0.083658,0.153305,0.5718,0.9092,-0.099476,0.154120,1.4314688444137573,-9.000000,-9.000000,-9.0000
livre,evol,evol,8,1,668204,738,54909,668573,0.129531,0.350371,-0.220840,0.272565,0.0677,0.0822,-0.007131,0.052392,0.74613028764724731,0.106920,0.160565,0.8232
livre,evol,evol,8,2,666109,1095,23234,666474,0.118215,0.350372,-0.232157,0.280088,0.0764,0.0349,-0.017893,0.039002,0.42010508477687836,-0.005648,0.096756,0.7720
livre,evol,evol,8,3,651222,1407,12525,651573,0.114957,0.350440,-0.235483,0.282881,0.0775,0.0192,-0.020942,0.031647,0.27470105886459351,-0.030890,0.144744,0.4479
livre,evol,evol,8,4,625852,1718,7981,626195,0.115054,0.350465,-0.235411,0.283376,0.0782,0.0128,-0.020661,0.027051,0.17490273714065552,-0.073997,0.173571,0.3679
livre,evol,evol,8,5,589514,1971,5416,589842,0.116491,0.350623,-0.234132,0.283278,0.0730,0.0092,-0.020208,0.024450,0.10789534449577332,-0.062543,0.191210,0.2575
livre,evol,evol,8,6,555525,2215,3897,555841,0.118131,0.350777,-0.232646,0.282989,0.0714,0.0070,-0.019656,0.022765,0.062904626131057739,-0.069559,0.196308,0.2703
livre,evol,evol,8,7,508810,2346,2872,509102,0.119714,0.350874,-0.231160,0.282739,0.0662,0.0056,-0.019585,0.022069,0.056072473526000977,-0.057889,0.198660,0.2624
livre,evol,evol,8,8,466028,2422,2163,466296,0.121676,0.351144,-0.229469,0.282357,0.0611,0.0046,-0.019507,0.021557,0.051852092146873474,-0.062984,0.202594,0.2676
livre,evol,evol,8,9,414892,2390,1557,415130,0.121995,0.351232,-0.229238,0.282706,0.0586,0.0038,-0.019328,0.021126,0.048766523599624634,-0.057560,0.206713,0.2639
livre,evol,evol,8,10,329925,2023,1011,330108,0.121310,0.351058,-0.229748,0.282855,0.0548,0.0031,-0.019437,0.021108,0.046510607004165649,-0.063805,0.211992,0.2674
livre,evol,evol,8,11,137248,739,241,137309,0.109553,0.349072,-0.239519,0.285943,0.0540,0.0018,-0.019266,0.020774,0.03917403519153595,-0.084563,0.207360,0.2723
uni,0.80,12,1,0,556821,195,542519,0,0.288913,0.349800,-0.060887,0.117380,0.7214,0.9743,-0.065105,0.115559,1.5,-9.000000,-9.000000,-9.0000
uni,0.80,12,1,1,556397,390,15343,556592,0.113502,0.349739,-0.236237,0.278428,0.0858,0.0276,0.007107,0.042224,0.82352060079574585,0.064253,0.112309,0.7553
uni,0.80,12,1,2,555973,585,4891,556168,0.103035,0.349673,-0.246638,0.285030,0.1297,0.0088,-0.005476,0.023476,0.32111769914627075,-0.042209,0.077001,0.7951
uni,0.80,12,1,3,555549,780,2212,555744,0.099352,0.349656,-0.250304,0.288322,0.1160,0.0040,-0.009273,0.017043,0.13739721477031708,-0.062096,0.122701,0.4267
uni,0.80,12,1,4,555125,975,1230,555320,0.097998,0.349624,-0.251626,0.289047,0.1323,0.0022,-0.009485,0.013765,0.099625706672668457,-0.121119,0.163672,0.4755
uni,0.80,12,1,5,554701,1170,752,554896,0.097471,0.349603,-0.252132,0.289836,0.1152,0.0014,-0.009437,0.012710,0.087259635329246521,-0.106890,0.181102,0.2161
uni,0.80,12,1,6,554277,1365,488,554472,0.097252,0.349571,-0.252319,0.289801,0.1235,0.0009,-0.008773,0.011258,0.032832071185112,-0.130268,0.193563,0.3178
uni,0.80,12,1,7,553853,1560,304,554048,0.097154,0.349544,-0.252390,0.290163,0.1084,0.0005,-0.008866,0.011179,0.029274538159370422,-0.111294,0.193486,0.2004
uni,0.80,12,1,8,553429,1755,191,553624,0.097107,0.349523,-0.252417,0.290047,0.1147,0.0003,-0.008606,0.010945,0.028397873044013977,-0.131050,0.200140,0.3001
uni,0.80,12,1,9,553005,1950,122,553200,0.097080,0.349501,-0.252421,0.290302,0.1026,0.0002,-0.008782,0.011113,0.027848497033119202,-0.116375,0.199655,0.2073
uni,0.80,12,1,10,552581,2145,79,552776,0.097065,0.349478,-0.252414,0.290198,0.1068,0.0001,-0.008402,0.010778,0.027504220604896545,-0.133126,0.205593,0.2873
uni,0.80,12,1,11,552157,2340,48,552352,0.097055,0.349458,-0.252403,0.290412,0.0958,0.0001,-0.008117,0.010118,0.021473333239555359,-0.120198,0.204975,0.2096
uni,0.80,12,2,0,670319,147,640343,0,0.271228,0.349769,-0.078541,0.139236,0.6690,0.9553,-0.085546,0.137985,1.4285714030265808,-9.000000,-9.000000,-9.0000
uni,0.80,12,2,1,669899,294,24971,670046,0.128063,0.349727,-0.221664,0.271270,0.1009,0.0373,0.006212,0.042507,0.37570394575595856,0.085878,0.136050,0.7667
uni,0.80,12,2,2,669479,441,8305,669626,0.117506,0.349698,-0.232192,0.277564,0.1434,0.0124,-0.005264,0.026390,0.42185460031032562,-0.033500,0.085785,0.7750
uni,0.80,12,2,3,669059,588,3527,669206,0.113715,0.349686,-0.235971,0.280936,0.1288,0.0053,-0.010054,0.018996,0.22957165539264679,-0.035393,0.130552,0.3970
uni,0.80,12,2,4,668639,735,1945,668786,0.112287,0.349668,-0.237380,0.281707,0.1429,0.0029,-0.010944,0.015748,0.076402828097343445,-0.099852,0.162232,0.4315
uni,0.80,12,2,5,668219,882,1124,668366,0.111720,0.349648,-0.237928,0.282588,0.1254,0.0017,-0.011661,0.015100,0.057917892932891846,-0.074324,0.177881,0.2153
uni,0.80,12,2,6,667799,1029,712,667946,0.111479,0.349628,-0.238149,0.282530,0.1345,0.0011,-0.011324,0.014036,0.048439294099807739,-0.107051,0.189129,0.3070
uni,0.80,12,2,7,667379,1176,462,667526,0.111371,0.349610,-0.238239,0.282991,0.1183,0.0007,-0.011723,0.014098,0.043798983097076416,-0.081132,0.190664,0.2144
uni,0.80,12,2,8,666959,1323,298,667106,0.111321,0.349594,-0.238272,0.282836,0.1253,0.0004,-0.011325,0.013350,0.033291444182395935,-0.107837,0.197777,0.2969
uni,0.80,12,2,9,666539,1470,198,666686,0.111297,0.349576,-0.238279,0.283193,0.1111,0.0003,-0.011787,0.013564,0.032298475503921509,-0.086759,0.198378,0.2241
uni,0.80,12,2,10,666119,1617,130,666266,0.111284,0.349546,-0.238262,0.283034,0.1163,0.0002,-0.011453,0.013152,0.031631767749786377,-0.109242,0.204783,0.2866
uni,0.80,12,2,11,665699,1764,91,665846,0.111279,0.349536,-0.238256,0.283339,0.1039,0.0001,-0.011516,0.013315,0.031184121966362,-0.091332,0.205030,0.2273
uni,0.80,12,3,0,804875,111,779539,0,0.281168,0.349973,-0.068805,0.124082,0.7249,0.9685,-0.074437,0.122094,1.5555555522441864,-9.000000,-9.000000,-9.0000
uni,0.80,12,3,1,804443,222,24877,804554,0.123048,0.349945,-0.226896,0.273386,0.0363,0.0309,0.012048,0.037992,0.39996105432510376,0.073353,0.118655,0.6676
uni,0.80,12,3,2,804011,333,6792,804122,0.110939,0.349920,-0.238981,0.281459,0.0709,0.0084,-0.001674,0.018931,0.27700091898441315,-0.042446,0.078568,0.7212
uni,0.80,12,3,3,803579,444,2567,803690,0.106625,0.349912,-0.243287,0.285012,0.0670,0.0032,-0.006281,0.013906,0.16487251222133636,-0.062836,0.125669,0.3177
uni,0.80,12,3,4,803147,555,1239,803258,0.105013,0.349889,-0.244876,0.286121,0.0777,0.0015,-0.007664,0.011633,0.044709935784339905,-0.122108,0.168644,0.3145
uni,0.80,12,3,5,802715,666,685,802826,0.104376,0.349876,-0.245500,0.286759,0.0709,0.0009,-0.008328,0.011139,0.037034094333648682,-0.104815,0.183448,0.1128
uni,0.80,12,3,6,802283,777,411,802394,0.104108,0.349863,-0.245755,0.286925,0.0731,0.0005,-0.008756,0.011092,0.032396569848060608,-0.126612,0.195244,0.1896
uni,0.80,12,3,7,801851,888,245,801962,0.103988,0.349846,-0.245857,0.287094,0.0680,0.0003,-0.008812,0.010977,0.030850425362586975,-0.107335,0.193809,0.1321
uni,0.80,12,3,8,801419,999,150,801530,0.103931,0.349832,-0.245901,0.287112,0.0687,0.0002,-0.009045,0.011127,0.028662219643592834,-0.125075,0.200082,0.2051
uni,0.80,12,3,9,800987,1110,102,801098,0.103902,0.349822,-0.245920,0.287207,0.0643,0.0001,-0.009256,0.011221,0.028478518128395081,-0.111924,0.199488,0.1536
uni,0.80,12,3,10,800555,1221,78,800666,0.103886,0.349807,-0.245921,0.287196,0.0647,0.0001,-0.009335,0.010855,0.025296315550804138,-0.126450,0.205353,0.2048
uni,0.80,12,3,11,800123,1332,53,800234,0.103877,0.349797,-0.245920,0.287255,0.0611,0.0001,-0.009492,0.010977,0.025097891688346863,-0.115594,0.205048,0.1626
uni,0.80,12,4,0,613469,169,596294,0,0.286748,0.349816,-0.063068,0.119756,0.7071,0.9720,-0.067793,0.117785,1.4314500093460083,-9.000000,-9.000000,-9.0000
uni,0.80,12,4,1,613059,338,15219,613228,0.114934,0.349773,-0.234839,0.276629,0.0753,0.0248,0.014364,0.037469,0.38076941668987274,0.066992,0.114569,0.7392
uni,0.80,12,4,2,612649,507,3850,612818,0.104250,0.349743,-0.245493,0.283557,0.1158,0.0063,0.001076,0.019325,0.46426570415496826,-0.041657,0.076650,0.7869
uni,0.80,12,4,3,612239,676,1277,612408,0.100456,0.349723,-0.249268,0.286821,0.1065,0.0021,-0.003628,0.012972,0.21193790435791016,-0.059656,0.121865,0.4092
uni,0.80,12,4,4,611829,845,548,611998,0.099044,0.349703,-0.250659,0.287656,0.1215,0.0009,-0.005741,0.009678,0.084986060857772827,-0.118721,0.162169,0.4518
uni,0.80,12,4,5,611420,1013,245,611588,0.098488,0.349690,-0.251202,0.288365,0.1089,0.0004,-0.006953,0.008796,0.026455044746398926,-0.103755,0.178747,0.1890
uni,0.80,12,4,6,611011,1181,120,611179,0.098257,0.349672,-0.251415,0.288376,0.1164,0.0002,-0.007860,0.009435,0.024126887321472168,-0.128711,0.191528,0.2928
uni,0.80,12,4,7,610602,1349,67,610770,0.098154,0.349656,-0.251502,0.288682,0.1048,0.0001,-0.008439,0.009739,0.022606968879699707,-0.109249,0.192027,0.1729
uni,0.80,12,4,8,610194,1516,42,610361,0.098107,0.349639,-0.251532,0.288590,0.1101,0.0001,-0.008611,0.010099,0.022754013538360596,-0.129470,0.198822,0.2759
uni,0.80,12,4,9,609786,1683,28,609953,0.098084,0.349628,-0.251544,0.288817,0.0993,0.0000,-0.009819,0.011283,0.02284616231918335,-0.114684,0.199083,0.1792
uni,0.80,12,4,10,609378,1850,17,609545,0.098073,0.349619,-0.251546,0.288729,0.1038,0.0000,-0.010102,0.011186,0.018866792321205139,-0.131753,0.205152,0.2626
uni,0.80,12,4,11,608970,2017,11,609137,0.098067,0.349606,-0.251539,0.288917,0.0940,0.0000,-0.010760,0.012179,0.019245609641075134,-0.118234,0.204709,0.1839
uni,0.80,12,5,0,739151,155,712856,0,0.276923,0.349895,-0.072972,0.130735,0.7044,0.9644,-0.078980,0.129005,1.4791267812252045,-9.000000,-9.000000,-9.0000
uni,0.80,12,5,1,738701,310,23918,738856,0.125314,0.349858,-0.224544,0.272857,0.0721,0.0324,0.009137,0.041388,0.36870655417442322,0.078310,0.125946,0.7183
uni,0.80,12,5,2,738252,465,7381,738407,0.113785,0.349830,-0.236045,0.280203,0.1118,0.0100,-0.004411,0.025587,0.50808598101139069,-0.039276,0.081629,0.7513
uni,0.80,12,5,3,737803,620,3145,737958,0.109656,0.349811,-0.240155,0.283738,0.1006,0.0043,-0.009691,0.018020,0.21301268041133881,-0.051397,0.127398,0.3515
uni,0.80,12,5,4,737354,775,1752,737509,0.108103,0.349802,-0.241700,0.284749,0.1123,0.0024,-0.010498,0.014882,0.070313185453414917,-0.114623,0.166995,0.3745
uni,0.80,12,5,5,736905,930,1034,737060,0.107485,0.349779,-0.242294,0.285499,0.0993,0.0014,-0.011148,0.014253,0.060885027050971985,-0.092086,0.181537,0.1631
uni,0.80,12,5,6,736456,1085,673,736611,0.107224,0.349766,-0.242543,0.285600,0.1039,0.0009,-0.010827,0.013380,0.053992003202438354,-0.119197,0.193000,0.2558
uni,0.80,12,5,7,736007,1240,450,736162,0.107107,0.349744,-0.242638,0.285902,0.0932,0.0006,-0.011199,0.013566,0.048952430486679077,-0.095812,0.191826,0.1779
uni,0.80,12,5,8,735558,1395,304,735713,0.107050,0.349732,-0.242682,0.285854,0.0970,0.0004,-0.010488,0.012697,0.031280398368835449,-0.118409,0.198655,0.2593
uni,0.80,12,5,9,735109,1550,198,735264,0.107022,0.349719,-0.242697,0.286086,0.0868,0.0003,-0.010716,0.012883,0.030347421765327454,-0.101597,0.198639,0.1886
uni,0.80,12,5,10,734660,1705,137,734815,0.107006,0.349698,-0.242692,0.286000,0.0896,0.0002,-0.010545,0.012678,0.029720991849899292,-0.120774,0.205434,0.2475
uni,0.80,12,5,11,734211,1860,97,734366,0.106998,0.349683,-0.242685,0.286176,0.0811,0.0001,-0.010281,0.012427,0.029300376772880554,-0.106163,0.205371,0.1923
uni,0.80,12,6,0,812772,389,769492,0,0.262742,0.349522,-0.086780,0.148203,0.6639,0.9468,-0.096039,0.147142,1.5,-9.000000,-9.000000,-9.0000
uni,0.80,12,6,1,812061,778,49263,812450,0.136625,0.349444,-0.212818,0.267694,0.0965,0.0607,-0.001535,0.047320,1.199999988079071,0.095966,0.144474,0.7428
uni,0.80,12,6,2,811351,1166,21615,811739,0.125791,0.349386,-0.223596,0.274107,0.1319,0.0266,-0.009940,0.029865,0.58414600789546967,-0.027715,0.089698,0.7339
uni,0.80,12,6,3,810641,1554,12132,811029,0.121872,0.349368,-0.227495,0.277444,0.1199,0.0150,-0.012139,0.020256,0.28010170161724091,-0.026876,0.133359,0.3768
uni,0.80,12,6,4,809931,1942,8104,810319,0.120381,0.349350,-0.228969,0.278378,0.1288,0.0100,-0.011423,0.015851,0.14945171773433685,-0.089703,0.162523,0.3842
uni,0.80,12,6,5,809221,2330,5818,809609,0.119781,0.349335,-0.229554,0.279136,0.1175,0.0072,-0.010874,0.013934,0.075765118002891541,-0.061169,0.176367,0.2203
uni,0.80,12,6,6,808511,2718,4449,808899,0.119522,0.349298,-0.229775,0.279162,0.1224,0.0055,-0.010252,0.012716,0.042605981230735779,-0.094199,0.186475,0.2867
uni,0.80,12,6,7,807801,3106,3527,808189,0.119406,0.349270,-0.229864,0.279479,0.1121,0.0044,-0.009881,0.012034,0.038534492254257202,-0.070156,0.189557,0.2233
uni,0.80,12,6,8,807091,3494,2872,807479,0.119348,0.349232,-0.229884,0.279357,0.1160,0.0036,-0.009538,0.011544,0.035800784826278687,-0.096450,0.197019,0.2774
uni,0.80,12,6,9,806381,3882,2348,806769,0.119320,0.349209,-0.229889,0.279594,0.1063,0.0029,-0.009251,0.011124,0.03396528959274292,-0.076224,0.198621,0.2302
uni,0.80,12,6,10,805671,4270,1965,806059,0.119304,0.349185,-0.229881,0.279491,0.1093,0.0024,-0.009072,0.010859,0.030639991164207458,-0.097952,0.205160,0.2690
uni,0.80,12,6,11,804961,4658,1665,805349,0.119297,0.349167,-0.229871,0.279708,0.1005,0.0021,-0.008915,0.010647,0.029762595891952515,-0.080439,0.205709,0.2321
uni,0.80,12,7,0,784436,198,747080,0,0.267437,0.349706,-0.082269,0.141800,0.6846,0.9524,-0.090663,0.140132,1.4285714030265808,-9.000000,-9.000000,-9.0000
uni,0.80,12,7,1,783924,396,37150,784122,0.134150,0.349659,-0.215509,0.268958,0.0562,0.0474,0.005306,0.041704,0.5288967490196228,0.090232,0.137171,0.7041
uni,0.80,12,7,2,783412,594,13113,783610,0.122740,0.349626,-0.226885,0.275898,0.0927,0.0167,-0.005962,0.024602,0.4592432975769043,-0.033797,0.086131,0.7141
uni,0.80,12,7,3,782900,792,6002,783098,0.118601,0.349602,-0.231001,0.279317,0.0831,0.0077,-0.009628,0.018165,0.24590058624744415,-0.036568,0.130621,0.3311
uni,0.80,12,7,4,782388,990,3376,782586,0.117020,0.349589,-0.232569,0.280338,0.0936,0.0043,-0.009906,0.014848,0.1450059562921524,-0.099318,0.164462,0.3325
uni,0.80,12,7,5,781876,1188,2055,782074,0.116381,0.349570,-0.233190,0.281040,0.0845,0.0026,-0.010232,0.013510,0.077223464846611023,-0.071453,0.176556,0.1728
uni,0.80,12,7,6,781364,1386,1326,781562,0.116105,0.349548,-0.233443,0.281144,0.0886,0.0017,-0.009825,0.012327,0.042667090892791748,-0.103184,0.187778,0.2389
uni,0.80,12,7,7,780853,1584,871,781051,0.115979,0.349529,-0.233550,0.281380,0.0817,0.0011,-0.009942,0.012204,0.038589760661125183,-0.079114,0.188939,0.1806
uni,0.80,12,7,8,780342,1782,591,780540,0.115917,0.349516,-0.233599,0.281381,0.0832,0.0008,-0.010068,0.012196,0.035852134227752686,-0.104711,0.196827,0.2339
uni,0.80,12,7,9,779832,1980,417,780030,0.115885,0.349500,-0.233614,0.281516,0.0775,0.0005,-0.010040,0.012067,0.034014016389846802,-0.085946,0.197863,0.1861
uni,0.80,12,7,10,779323,2178,298,779521,0.115868,0.349478,-0.233610,0.281484,0.0784,0.0004,-0.010097,0.012035,0.025567919015884399,-0.106857,0.204860,0.2236
uni,0.80,12,7,11,778814,2376,226,779012,0.115857,0.349453,-0.233596,0.281571,0.0731,0.0003,-0.010183,0.011941,0.02512398362159729,-0.090577,0.205161,0.1851
uni,0.80,12,8,0,672457,252,641875,0,0.272273,0.349793,-0.077520,0.139367,0.6635,0.9545,-0.084689,0.137888,1.5555555522441864,-9.000000,-9.000000,-9.0000
uni,0.80,12,8,1,671949,504,29941,672201,0.127144,0.349747,-0.222603,0.272112,0.1079,0.0446,-0.001912,0.052310,1.199999988079071,0.085259,0.136279,0.7826
uni,0.80,12,8,2,671441,756,11853,671693,0.116877,0.349712,-0.232835,0.278263,0.1450,0.0177,-0.013819,0.038920,0.57499578595161438,-0.031517,0.087525,0.7751
uni,0.80,12,8,3,670933,1008,6395,671185,0.113207,0.349693,-0.236486,0.281487,0.1320,0.0095,-0.018275,0.030199,0.36601901054382324,-0.036089,0.131886,0.4191
uni,0.80,12,8,4,670425,1260,4270,670677,0.111835,0.349674,-0.237839,0.282283,0.1430,0.0064,-0.018472,0.025281,0.19732224941253662,-0.097357,0.162606,0.4442
uni,0.80,12,8,5,669917,1512,3122,670169,0.111293,0.349665,-0.238371,0.283105,0.1280,0.0047,-0.018562,0.022860,0.10217732191085815,-0.074307,0.178376,0.2406
uni,0.80,12,8,6,669409,1764,2478,669661,0.111067,0.349649,-0.238582,0.283112,0.1340,0.0037,-0.018165,0.021375,0.067288249731063843,-0.103865,0.188361,0.3269
uni,0.80,12,8,7,668902,2015,2024,669153,0.110969,0.349633,-0.238664,0.283518,0.1207,0.0030,-0.018170,0.020723,0.06100761890411377,-0.081332,0.190873,0.2372
uni,0.80,12,8,8,668395,2266,1730,668646,0.110922,0.349609,-0.238687,0.283413,0.1247,0.0026,-0.018170,0.020343,0.049996942281723022,-0.106022,0.197780,0.3110
uni,0.80,12,8,9,667888,2517,1504,668139,0.110900,0.349591,-0.238690,0.283725,0.1123,0.0023,-0.018302,0.020210,0.046987920999526978,-0.088413,0.200173,0.2391
uni,0.80,12,8,10,667381,2768,1330,667632,0.110889,0.349567,-0.238678,0.283621,0.1156,0.0020,-0.018386,0.020104,0.043199062347412109,-0.108711,0.206302,0.2972
uni,0.80,12,8,11,666874,3019,1184,667125,0.110884,0.349542,-0.238658,0.283874,0.1047,0.0018,-0.018571,0.020157,0.040402159094810486,-0.092808,0.207640,0.2396
uni,0.80,4,1,0,564657,397,554249,0,0.290991,0.349817,-0.058826,0.114462,0.7356,0.9816,-0.062292,0.112903,1.5,-9.000000,-9.000000,-9.0000
uni,0.80,4,1,1,564032,794,10505,564429,0.111319,0.349717,-0.238398,0.277708,0.2119,0.0186,0.017194,0.038967,0.35751411318778992,0.060673,0.108577,0.7343
uni,0.80,4,1,2,563407,1191,2032,563804,0.099841,0.349565,-0.249725,0.285529,0.2588,0.0036,0.001945,0.018087,0.3213527500629425,-0.045204,0.075164,0.8016
uni,0.80,4,1,3,562783,1588,569,563180,0.095813,0.349521,-0.253708,0.289475,0.2341,0.0010,-0.003270,0.009282,0.047769829630851746,-0.074736,0.122579,0.5013
uni,0.80,4,2,0,679951,409,661765,0,0.275575,0.349534,-0.073959,0.132977,0.6950,0.9733,-0.078934,0.131508,1.5555555522441864,-9.000000,-9.000000,-9.0000
uni,0.80,4,2,1,679276,818,16362,679685,0.125737,0.349447,-0.223711,0.269251,0.2316,0.0241,0.016264,0.039336,0.37155053019523621,0.077346,0.127275,0.7363
uni,0.80,4,2,2,678601,1227,3762,679010,0.114186,0.349346,-0.235159,0.276832,0.2775,0.0055,0.001024,0.018723,0.35408163070678711,-0.042001,0.083221,0.7852
uni,0.80,4,2,3,677927,1635,1121,678335,0.110023,0.349314,-0.239290,0.281046,0.2489,0.0017,-0.004562,0.013391,0.19218048453330994,-0.051818,0.126158,0.4560
uni,0.80,4,3,0,810394,225,786131,0,0.279271,0.350045,-0.070774,0.125353,0.7006,0.9701,-0.076951,0.123102,1.5,-9.000000,-9.000000,-9.0000
uni,0.80,4,3,1,809845,450,22795,810070,0.123328,0.350008,-0.226680,0.268618,0.1236,0.0281,0.017214,0.035828,0.35210181772708893,0.075427,0.119106,0.6428
uni,0.80,4,3,2,809296,675,4581,809521,0.109767,0.349965,-0.240197,0.278308,0.1670,0.0057,0.002560,0.013997,0.23240049183368683,-0.041513,0.076379,0.7174
uni,0.80,4,3,3,808747,900,1237,808972,0.104917,0.349950,-0.245033,0.282609,0.1547,0.0015,-0.002647,0.008874,0.056930631399154663,-0.073883,0.126878,0.3675
uni,0.80,4,4,0,620105,365,611059,0,0.291721,0.350337,-0.058616,0.114324,0.7419,0.9854,-0.061386,0.112929,1.3743458390235901,-9.000000,-9.000000,-9.0000
uni,0.80,4,4,1,619496,730,8794,619861,0.111780,0.350246,-0.238466,0.278575,0.2097,0.0142,0.019339,0.039145,0.40502619743347168,0.059455,0.108325,0.7209
uni,0.80,4,4,2,618887,1095,1411,619252,0.100588,0.350132,-0.249543,0.286308,0.2523,0.0023,0.003608,0.014310,0.12526664137840271,-0.047391,0.076386,0.7950
uni,0.80,4,4,3,618278,1460,335,618643,0.096651,0.350100,-0.253449,0.290135,0.2300,0.0005,-0.002368,0.007494,0.02498982846736908,-0.072743,0.122370,0.4799
uni,0.80,4,5,0,745860,256,723490,0,0.276825,0.350228,-0.073403,0.130584,0.6949,0.9700,-0.079387,0.128656,1.4285714030265808,-9.000000,-9.000000,-9.0000
uni,0.80,4,5,1,745308,512,20426,745564,0.124638,0.350169,-0.225531,0.269855,0.1771,0.0274,0.016785,0.039170,0.36919066309928894,0.077873,0.124542,0.6994
uni,0.80,4,5,2,744756,768,4403,745012,0.111695,0.350115,-0.238420,0.278846,0.2213,0.0059,0.000831,0.017094,0.15749557316303253,-0.040256,0.078911,0.7573
uni,0.80,4,5,3,744204,1024,1397,744460,0.107032,0.350093,-0.243061,0.283192,0.2012,0.0019,-0.005064,0.011521,0.081788301467895508,-0.065046,0.127172,0.4179
uni,0.80,4,6,0,819733,609,787704,0,0.265841,0.349683,-0.083842,0.143294,0.6663,0.9609,-0.091314,0.142001,1.5555555522441864,-9.000000,-9.000000,-9.0000
uni,0.80,4,6,1,818801,1216,36947,819408,0.135655,0.349543,-0.213888,0.263335,0.1867,0.0451,0.005190,0.042789,0.47711986303329468,0.089866,0.137738,0.7167
uni,0.80,4,6,2,817870,1822,13786,818476,0.123925,0.349420,-0.225495,0.270753,0.2318,0.0169,-0.007126,0.023122,0.27098077535629272,-0.035773,0.087052,0.7453
uni,0.80,4,6,3,816939,2428,7066,817545,0.119667,0.349355,-0.229688,0.274772,0.2084,0.0086,-0.009959,0.016918,0.11133389174938202,-0.039132,0.129384,0.4092
uni,0.80,4,7,0,792100,320,762054,0,0.268476,0.349718,-0.081242,0.138621,0.6740,0.9621,-0.088691,0.136935,1.5,-9.000000,-9.000000,-9.0000
uni,0.80,4,7,1,791462,640,28928,791782,0.133438,0.349651,-0.216213,0.263867,0.1358,0.0366,0.012638,0.038629,0.39512300491333008,0.087228,0.132871,0.6787
uni,0.80,4,7,2,790825,959,8088,791144,0.121112,0.349588,-0.228477,0.272023,0.1788,0.0102,-0.001077,0.018092,0.33099550008773804,-0.038174,0.083776,0.7242
uni,0.80,4,7,3,790188,1278,2851,790507,0.116620,0.349571,-0.232952,0.276167,0.1579,0.0036,-0.005740,0.014571,0.17957162857055664,-0.047180,0.128613,0.3598
uni,0.80,4,8,0,681627,511,661114,0,0.276607,0.349808,-0.073201,0.133320,0.6865,0.9699,-0.078712,0.131566,1.5269000828266144,-9.000000,-9.000000,-9.0000
uni,0.80,4,8,1,680846,1021,19526,681356,0.125035,0.349684,-0.224649,0.269738,0.2352,0.0287,0.012627,0.040638,0.34235695004463196,0.077611,0.127965,0.7559
uni,0.80,4,8,2,680065,1531,5302,680575,0.113594,0.349571,-0.235976,0.277210,0.2792,0.0078,-0.002220,0.021178,0.43714849650859833,-0.040210,0.082811,0.7960
uni,0.80,4,8,3,679285,2041,2038,679795,0.109489,0.349519,-0.240030,0.281261,0.2544,0.0030,-0.007461,0.015589,0.10502801835536957,-0.052576,0.127692,0.4693
uni,0.80,8,1,0,559368,233,545399,0,0.288860,0.349663,-0.060803,0.117205,0.7164,0.9750,-0.065045,0.115352,1.4285714030265808,-9.000000,-9.000000,-9.0000
uni,0.80,8,1,1,558909,466,14113,559142,0.113229,0.349609,-0.236380,0.277347,0.1135,0.0253,0.010694,0.040159,0.36968211829662323,0.064115,0.112015,0.7502
uni,0.80,8,1,2,558451,699,3928,558684,0.102411,0.349549,-0.247138,0.284410,0.1565,0.0070,-0.002788,0.021793,0.38458965718746185,-0.042565,0.076324,0.7977
uni,0.80,8,1,3,557993,932,1558,558226,0.098604,0.349509,-0.250905,0.287847,0.1407,0.0028,-0.007263,0.016025,0.20921538770198822,-0.064883,0.122381,0.4461
uni,0.80,8,1,4,557535,1165,821,557768,0.097202,0.349473,-0.252271,0.288666,0.1549,0.0015,-0.008154,0.012357,0.06260034441947937,-0.122837,0.164458,0.4847
uni,0.80,8,1,5,557077,1398,478,557310,0.096657,0.349438,-0.252781,0.289448,0.1372,0.0009,-0.008581,0.011853,0.052802190184593201,-0.109006,0.181001,0.2331
uni,0.80,8,1,6,556619,1631,308,556852,0.096431,0.349400,-0.252969,0.289410,0.1453,0.0006,-0.008751,0.011573,0.046223416924476624,-0.130698,0.192860,0.3316
uni,0.80,8,1,7,556161,1864,186,556394,0.096332,0.349378,-0.253046,0.289816,0.1287,0.0003,-0.008790,0.011525,0.041806250810623169,-0.112482,0.192079,0.2211
uni,0.80,8,2,0,673430,154,645666,0,0.271522,0.349610,-0.078088,0.138083,0.6652,0.9588,-0.084910,0.136671,1.4285714030265808,-9.000000,-9.000000,-9.0000
uni,0.80,8,2,1,673002,308,23478,673156,0.127828,0.349569,-0.221741,0.269367,0.1271,0.0349,0.009112,0.040441,0.3881327360868454,0.084685,0.134049,0.7565
uni,0.80,8,2,2,672574,462,7084,672728,0.116937,0.349529,-0.232591,0.276109,0.1706,0.0105,-0.002857,0.024306,0.42026177048683167,-0.035004,0.084602,0.7771
uni,0.80,8,2,3,672146,616,2688,672300,0.113021,0.349518,-0.236497,0.279741,0.1521,0.0040,-0.007904,0.017185,0.18782474100589752,-0.038965,0.129130,0.4057
uni,0.80,8,2,4,671718,770,1316,671872,0.111543,0.349510,-0.237967,0.280609,0.1654,0.0020,-0.009500,0.013984,0.081044748425483704,-0.103038,0.162355,0.4466
uni,0.80,8,2,5,671291,923,705,671444,0.110954,0.349493,-0.238539,0.281568,0.1459,0.0011,-0.010357,0.013133,0.057456076145172119,-0.076845,0.176896,0.2247
uni,0.80,8,2,6,670864,1076,409,671017,0.110706,0.349483,-0.238777,0.281559,0.1540,0.0006,-0.010570,0.012860,0.050582826137542725,-0.108702,0.187481,0.3294
uni,0.80,8,2,7,670437,1229,242,670590,0.110598,0.349468,-0.238870,0.282065,0.1367,0.0004,-0.011058,0.013065,0.038944974541664124,-0.082904,0.188369,0.2299
uni,0.80,8,3,0,806116,133,779335,0,0.280133,0.350218,-0.070085,0.125281,0.7099,0.9668,-0.076355,0.123090,1.3453668355941772,-9.000000,-9.000000,-9.0000
uni,0.80,8,3,1,805663,266,25117,805796,0.123497,0.350194,-0.226697,0.271357,0.0541,0.0312,0.014170,0.037231,0.35561540722846985,0.075264,0.119641,0.6612
uni,0.80,8,3,2,805210,399,6345,805343,0.110831,0.350167,-0.239336,0.280009,0.0909,0.0079,0.000100,0.016430,0.26045186817646027,-0.041162,0.077435,0.7206
uni,0.80,8,3,3,804757,532,2249,804890,0.106304,0.350151,-0.243847,0.283774,0.0868,0.0028,-0.004579,0.011628,0.092220857739448547,-0.065924,0.126025,0.3286
uni,0.80,8,3,4,804304,665,1004,804437,0.104607,0.350133,-0.245526,0.285005,0.0959,0.0012,-0.006110,0.009784,0.065389856696128845,-0.122625,0.169255,0.3159
uni,0.80,8,3,5,803851,798,514,803984,0.103933,0.350119,-0.246185,0.285707,0.0876,0.0006,-0.006905,0.009566,0.033145874738693237,-0.105376,0.182785,0.1219
uni,0.80,8,3,6,803398,931,281,803531,0.103650,0.350106,-0.246456,0.285898,0.0896,0.0003,-0.006850,0.009193,0.028995245695114136,-0.123912,0.192551,0.2052
uni,0.80,8,3,7,802945,1064,171,803078,0.103524,0.350097,-0.246573,0.286106,0.0835,0.0002,-0.007404,0.009557,0.026394188404083252,-0.106698,0.191148,0.1508
uni,0.80,8,4,0,614527,200,599063,0,0.287780,0.350493,-0.062713,0.118906,0.7068,0.9748,-0.067160,0.116966,1.4285714030265808,-9.000000,-9.000000,-9.0000
uni,0.80,8,4,1,614082,400,13856,614282,0.114567,0.350448,-0.235881,0.276410,0.1032,0.0226,0.016130,0.037496,0.54236310720443726,0.066001,0.113312,0.7334
uni,0.80,8,4,2,613637,600,3098,613837,0.103561,0.350398,-0.246836,0.283653,0.1476,0.0050,0.001884,0.014543,0.15288789570331573,-0.042665,0.076100,0.7891
uni,0.80,8,4,3,613192,800,915,613392,0.099657,0.350380,-0.250723,0.287148,0.1341,0.0015,-0.002895,0.008341,0.047781318426132202,-0.063579,0.121891,0.4276
uni,0.80,8,4,4,612747,1000,371,612947,0.098206,0.350358,-0.252152,0.288053,0.1477,0.0006,-0.004938,0.007423,0.033152908086776733,-0.122184,0.164020,0.4676
uni,0.80,8,4,5,612302,1200,139,612502,0.097638,0.350339,-0.252702,0.288819,0.1328,0.0002,-0.005455,0.007154,0.02099098265171051,-0.107103,0.179537,0.2066
uni,0.80,8,4,6,611857,1400,59,612057,0.097402,0.350312,-0.252910,0.288830,0.1401,0.0001,-0.005949,0.007533,0.018580138683319092,-0.130633,0.191773,0.3109
uni,0.80,8,4,7,611412,1600,27,611612,0.097299,0.350289,-0.252991,0.289182,0.1259,0.0000,-0.006978,0.007918,0.016405493021011353,-0.111642,0.191557,0.1909
uni,0.80,8,5,0,741564,158,715681,0,0.276069,0.349861,-0.073792,0.131830,0.6956,0.9651,-0.080060,0.129962,1.4285714030265808,-9.000000,-9.000000,-9.0000
uni,0.80,8,5,1,741102,316,23626,741260,0.125282,0.349830,-0.224548,0.271877,0.0995,0.0319,0.011839,0.040585,0.64089888334274292,0.079173,0.126643,0.7146
uni,0.80,8,5,2,740640,474,6736,740798,0.113231,0.349799,-0.236568,0.279709,0.1430,0.0091,-0.002487,0.023485,0.53949622809886932,-0.038640,0.080592,0.7539
uni,0.80,8,5,3,740178,632,2648,740336,0.108898,0.349784,-0.240886,0.283493,0.1305,0.0036,-0.007689,0.016388,0.29673926532268524,-0.055367,0.127343,0.3741
uni,0.80,8,5,4,739716,790,1380,739874,0.107259,0.349764,-0.242505,0.284619,0.1393,0.0019,-0.008893,0.012885,0.052059575915336609,-0.115563,0.167559,0.3851
uni,0.80,8,5,5,739254,948,802,739412,0.106603,0.349746,-0.243143,0.285432,0.1255,0.0011,-0.009669,0.012553,0.043911248445510864,-0.094658,0.181131,0.1889
uni,0.80,8,5,6,738792,1106,503,738950,0.106325,0.349720,-0.243396,0.285560,0.1286,0.0007,-0.009892,0.012383,0.038440227508544922,-0.118024,0.191407,0.2741
uni,0.80,8,5,7,738330,1264,330,738488,0.106199,0.349705,-0.243506,0.285909,0.1165,0.0004,-0.009935,0.012296,0.034766823053359985,-0.097692,0.190073,0.2038
uni,0.80,8,6,0,814293,390,771870,0,0.263481,0.349712,-0.086231,0.147195,0.6567,0.9479,-0.095595,0.145921,1.5,-9.000000,-9.000000,-9.0000
uni,0.80,8,6,1,813573,780,46179,813963,0.136729,0.349625,-0.212896,0.265746,0.1114,0.0568,0.000465,0.045179,0.99772578477859497,0.095385,0.143176,0.7355
uni,0.80,8,6,2,812853,1170,19100,813243,0.125591,0.349577,-0.223987,0.272526,0.1492,0.0235,-0.009393,0.027441,0.5556199848651886,-0.029257,0.088562,0.7375
uni,0.80,8,6,3,812133,1560,10446,812523,0.121555,0.349551,-0.227995,0.276054,0.1352,0.0129,-0.011713,0.018957,0.17379932105541229,-0.029291,0.132407,0.3772
uni,0.80,8,6,4,811413,1950,6836,811803,0.120020,0.349514,-0.229494,0.276983,0.1452,0.0084,-0.010958,0.014965,0.078708834946155548,-0.091993,0.162515,0.3893
uni,0.80,8,6,5,810694,2340,4843,811084,0.119401,0.349475,-0.230074,0.277796,0.1309,0.0060,-0.010446,0.013354,0.068939074873924255,-0.062153,0.175115,0.2181
uni,0.80,8,6,6,809975,2730,3670,810365,0.119139,0.349451,-0.230312,0.277839,0.1364,0.0045,-0.009739,0.012082,0.061592221260070801,-0.095244,0.184522,0.3019
uni,0.80,8,6,7,809256,3120,2878,809646,0.119020,0.349412,-0.230392,0.278209,0.1235,0.0036,-0.009456,0.011570,0.056067377328872681,-0.070279,0.187320,0.2245
uni,0.80,8,7,0,787380,194,749529,0,0.267069,0.349333,-0.082264,0.141636,0.6715,0.9519,-0.091116,0.139743,1.4327972233295441,-9.000000,-9.000000,-9.0000
uni,0.80,8,7,1,786874,388,35716,787068,0.134439,0.349295,-0.214856,0.266386,0.0654,0.0454,0.007559,0.041224,0.78127020597457886,0.090677,0.136945,0.6959
uni,0.80,8,7,2,786368,582,12064,786562,0.122679,0.349263,-0.226584,0.273734,0.1029,0.0153,-0.004392,0.023102,0.58365839719772339,-0.034146,0.085267,0.7156
uni,0.80,8,7,3,785862,776,5201,786056,0.118402,0.349241,-0.230840,0.277337,0.0917,0.0066,-0.008876,0.016796,0.32555204629898071,-0.038349,0.129672,0.3319
uni,0.80,8,7,4,785356,970,2828,785550,0.116764,0.349209,-0.232445,0.278412,0.1005,0.0036,-0.009361,0.013836,0.17582303285598755,-0.100513,0.163943,0.3395
uni,0.80,8,7,5,784850,1164,1672,785044,0.116100,0.349197,-0.233098,0.279182,0.0896,0.0021,-0.009804,0.013073,0.091375887393951416,-0.071024,0.174791,0.1745
uni,0.80,8,7,6,784344,1358,1048,784538,0.115815,0.349185,-0.233370,0.279314,0.0936,0.0013,-0.009628,0.012209,0.070340529084205627,-0.102179,0.184760,0.2555
uni,0.80,8,7,7,783838,1552,683,784032,0.115685,0.349171,-0.233486,0.279566,0.0860,0.0009,-0.009959,0.012305,0.064030960202217102,-0.078444,0.185916,0.1880
uni,0.80,8,8,0,674825,286,644568,0,0.272665,0.349962,-0.077298,0.139065,0.6589,0.9552,-0.084723,0.137445,1.4285714030265808,-9.000000,-9.000000,-9.0000
uni,0.80,8,8,1,674270,572,28148,674556,0.127025,0.349892,-0.222867,0.270923,0.1357,0.0417,0.003333,0.046121,0.66582769155502319,0.085093,0.135480,0.7767
uni,0.80,8,8,2,673715,858,10199,674001,0.116294,0.349834,-0.233539,0.277563,0.1737,0.0151,-0.009465,0.032512,0.53947672247886658,-0.032372,0.085284,0.7836
uni,0.80,8,8,3,673160,1144,4914,673446,0.112442,0.349814,-0.237372,0.280977,0.1609,0.0073,-0.014121,0.025748,0.29616466164588928,-0.039918,0.130759,0.4309
uni,0.80,8,8,4,672605,1430,3040,672891,0.110994,0.349780,-0.238786,0.281858,0.1703,0.0045,-0.014696,0.021663,0.13741554319858551,-0.099972,0.162591,0.4587
uni,0.80,8,8,5,672050,1716,1988,672336,0.110419,0.349759,-0.239339,0.282719,0.1548,0.0030,-0.015240,0.020096,0.07587878406047821,-0.077328,0.177574,0.2538
uni,0.80,8,8,6,671495,2002,1449,671781,0.110178,0.349710,-0.239532,0.282749,0.1583,0.0022,-0.015291,0.019105,0.067288249731063843,-0.105368,0.187118,0.3460
uni,0.80,8,8,7,670940,2288,1100,671226,0.110073,0.349683,-0.239610,0.283149,0.1452,0.0016,-0.015441,0.018694,0.06100761890411377,-0.083735,0.189154,0.2563
uni,0.90,12,1,0,545137,207,525509,0,0.287261,0.349993,-0.062733,0.122093,0.7358,0.9640,-0.067566,0.120201,1.457390695810318,-9.000000,-9.000000,-9.0000
uni,0.90,12,1,1,544711,414,23638,544918,0.114657,0.349962,-0.235305,0.284827,-0.0038,0.0434,-0.006389,0.050673,0.99841052293777466,0.068429,0.119307,0.7965
uni,0.90,12,1,2,544285,621,10880,544492,0.105429,0.349934,-0.244506,0.290276,0.0166,0.0200,-0.012191,0.037294,0.71226254105567932,-0.035995,0.081893,0.7825
uni,0.90,12,1,3,543859,828,6350,544066,0.102206,0.349918,-0.247712,0.292710,0.0160,0.0117,-0.013847,0.024390,0.32705023884773254,-0.049686,0.126782,0.3964
uni,0.90,12,1,4,543433,1035,4342,543640,0.101034,0.349899,-0.248865,0.293329,0.0292,0.0080,-0.012763,0.018548,0.14600041508674622,-0.108155,0.162125,0.4109
uni,0.90,12,1,5,543008,1241,3089,543214,0.100583,0.349886,-0.249302,0.293808,0.0238,0.0057,-0.012273,0.016075,0.079789981245994568,-0.098374,0.184115,0.1839
uni,0.90,12,1,6,542583,1447,2328,542789,0.100395,0.349868,-0.249473,0.293810,0.0300,0.0043,-0.011699,0.014724,0.066806763410568237,-0.123793,0.198271,0.2441
uni,0.90,12,1,7,542158,1653,1731,542364,0.100309,0.349856,-0.249547,0.293986,0.0248,0.0032,-0.011550,0.014242,0.052516266703605652,-0.106918,0.201934,0.1600
uni,0.90,12,1,8,541733,1859,1331,541939,0.100261,0.349837,-0.249576,0.293909,0.0293,0.0025,-0.011385,0.013889,0.048593759536743164,-0.124142,0.207648,0.2253
uni,0.90,12,1,9,541308,2065,1008,541514,0.100232,0.349830,-0.249599,0.294027,0.0252,0.0019,-0.011181,0.013538,0.045828387141227722,-0.112054,0.209349,0.1690
uni,0.90,12,1,10,540883,2271,767,541089,0.100209,0.349817,-0.249607,0.293967,0.0281,0.0014,-0.011016,0.013294,0.043878793716430664,-0.127048,0.214781,0.2179
uni,0.90,12,1,11,540458,2477,584,540664,0.100190,0.349800,-0.249610,0.294053,0.0241,0.0011,-0.011310,0.013591,0.042504340410232544,-0.116683,0.216209,0.1726
uni,0.90,12,2,0,657894,185,621097,0,0.269263,0.349453,-0.080190,0.142447,0.6915,0.9441,-0.087753,0.141705,1.5,-9.000000,-9.000000,-9.0000
uni,0.90,12,2,1,657442,370,32671,657627,0.129140,0.349428,-0.220287,0.277061,0.0242,0.0497,-0.006402,0.049969,0.86353307962417603,0.089403,0.140946,0.7955
uni,0.90,12,2,2,656991,555,14218,657176,0.119807,0.349417,-0.229610,0.282095,0.0480,0.0216,-0.012554,0.041498,0.52444557845592499,-0.028218,0.091298,0.7542
uni,0.90,12,2,3,656540,740,7525,656725,0.116507,0.349409,-0.232902,0.284672,0.0415,0.0115,-0.015694,0.028873,0.28546257317066193,-0.021769,0.134888,0.3666
uni,0.90,12,2,4,656089,925,4856,656274,0.115288,0.349400,-0.234112,0.285269,0.0547,0.0074,-0.015327,0.022278,0.1527206152677536,-0.089023,0.161852,0.3861
uni,0.90,12,2,5,655638,1110,3293,655823,0.114814,0.349387,-0.234573,0.285822,0.0470,0.0050,-0.015427,0.019784,0.077854111790657043,-0.064172,0.181765,0.1742
uni,0.90,12,2,6,655187,1295,2399,655372,0.114615,0.349377,-0.234762,0.285797,0.0539,0.0037,-0.014818,0.018006,0.068944528698921204,-0.101071,0.194199,0.2403
uni,0.90,12,2,7,654736,1480,1774,654921,0.114525,0.349362,-0.234837,0.286033,0.0469,0.0027,-0.014636,0.017314,0.062760189175605774,-0.074230,0.198806,0.1592
uni,0.90,12,2,8,654285,1665,1348,654470,0.114478,0.349354,-0.234875,0.285944,0.0515,0.0021,-0.014352,0.016641,0.051722362637519836,-0.101978,0.205578,0.2229
uni,0.90,12,2,9,653834,1850,1021,654019,0.114452,0.349347,-0.234895,0.286146,0.0443,0.0016,-0.014594,0.016700,0.048644512891769409,-0.079883,0.207477,0.1707
uni,0.90,12,2,10,653383,2035,794,653568,0.114431,0.349342,-0.234911,0.286038,0.0492,0.0012,-0.014488,0.016457,0.039954513311386108,-0.103512,0.213627,0.2195
uni,0.90,12,2,11,652932,2220,611,653117,0.114416,0.349342,-0.234926,0.286216,0.0428,0.0009,-0.014583,0.016481,0.039097964763641357,-0.085716,0.215868,0.1801
uni,0.90,12,3,0,796527,135,769949,0,0.282885,0.350035,-0.067150,0.123723,0.7545,0.9666,-0.072397,0.121890,1.5,-9.000000,-9.000000,-9.0000
uni,0.90,12,3,1,796074,270,29220,796209,0.122696,0.350016,-0.227320,0.280039,-0.0228,0.0367,0.004957,0.041909,0.88622093200683594,0.071779,0.118902,0.7000
uni,0.90,12,3,2,795621,405,10611,795756,0.111905,0.349999,-0.238094,0.286584,0.0022,0.0133,-0.005845,0.027179,0.42730060219764709,-0.042372,0.080825,0.7219
uni,0.90,12,3,3,795168,540,5042,795303,0.108076,0.349989,-0.241913,0.289482,0.0032,0.0063,-0.009613,0.019443,0.27028633654117584,-0.052881,0.124936,0.2973
uni,0.90,12,3,4,794715,675,2960,794850,0.106651,0.349969,-0.243318,0.290358,0.0156,0.0037,-0.010094,0.015673,0.1812923401594162,-0.116244,0.165840,0.2932
uni,0.90,12,3,5,794262,810,1870,794397,0.106091,0.349963,-0.243872,0.290839,0.0139,0.0024,-0.010636,0.014430,0.11747397482395172,-0.100235,0.184401,0.0821
uni,0.90,12,3,6,793809,945,1299,793944,0.105855,0.349953,-0.244098,0.290937,0.0184,0.0016,-0.010386,0.013243,0.051892176270484924,-0.129610,0.200737,0.1357
uni,0.90,12,3,7,793356,1080,915,793491,0.105749,0.349941,-0.244193,0.291043,0.0165,0.0012,-0.010702,0.013126,0.046921104192733765,-0.107682,0.201362,0.0765
uni,0.90,12,3,8,792903,1215,702,793038,0.105696,0.349932,-0.244236,0.291013,0.0198,0.0009,-0.010595,0.012844,0.043416485190391541,-0.127848,0.208295,0.1420
uni,0.90,12,3,9,792450,1350,533,792585,0.105668,0.349922,-0.244253,0.291054,0.0179,0.0007,-0.011003,0.013046,0.040945738554000854,-0.111196,0.207330,0.0986
uni,0.90,12,3,10,791998,1485,414,792133,0.105652,0.349912,-0.244260,0.290997,0.0214,0.0005,-0.010765,0.012758,0.039203852415084839,-0.128443,0.213416,0.1452
uni,0.90,12,3,11,791546,1620,330,791681,0.105642,0.349909,-0.244267,0.291041,0.0196,0.0004,-0.010902,0.012824,0.03797583281993866,-0.115860,0.213387,0.1099
uni,0.90,12,4,0,600809,184,578557,0,0.285980,0.349993,-0.064012,0.122711,0.7311,0.9630,-0.069187,0.120890,1.5,-9.000000,-9.000000,-9.0000
uni,0.90,12,4,1,600384,368,20332,600568,0.116054,0.349970,-0.233916,0.282821,-0.0135,0.0339,0.004912,0.041283,0.57184749841690063,0.069626,0.119109,0.7726
uni,0.90,12,4,2,599959,552,6907,600143,0.106573,0.349948,-0.243375,0.288307,0.0144,0.0115,-0.004504,0.030639,0.54258444905281067,-0.038403,0.079958,0.7793
uni,0.90,12,4,3,599534,736,2936,599718,0.103219,0.349939,-0.246720,0.290818,0.0159,0.0049,-0.008948,0.020368,0.25798201560974121,-0.047532,0.124070,0.3731
uni,0.90,12,4,4,599110,919,1590,599293,0.101977,0.349921,-0.247944,0.291488,0.0300,0.0027,-0.010019,0.016413,0.15289574861526489,-0.108537,0.159628,0.4032
uni,0.90,12,4,5,598686,1102,922,598869,0.101490,0.349910,-0.248420,0.291958,0.0260,0.0015,-0.011091,0.015107,0.087041646242141724,-0.094802,0.179867,0.1505
uni,0.90,12,4,6,598262,1285,596,598445,0.101284,0.349905,-0.248621,0.291937,0.0350,0.0010,-0.010868,0.013882,0.05229814350605011,-0.124043,0.194357,0.2271
uni,0.90,12,4,7,597838,1468,385,598021,0.101192,0.349898,-0.248707,0.292130,0.0290,0.0006,-0.011287,0.014064,0.047288164496421814,-0.104621,0.198141,0.1202
uni,0.90,12,4,8,597414,1651,260,597597,0.101145,0.349895,-0.248750,0.292025,0.0357,0.0004,-0.011007,0.013403,0.037315115332603455,-0.125293,0.204597,0.2031
uni,0.90,12,4,9,596990,1834,177,597173,0.101121,0.349890,-0.248770,0.292168,0.0299,0.0003,-0.011555,0.013897,0.036725133657455444,-0.109524,0.205987,0.1286
uni,0.90,12,4,10,596566,2017,125,596749,0.101105,0.349886,-0.248781,0.292047,0.0362,0.0002,-0.011159,0.013135,0.030992105603218079,-0.127176,0.211499,0.1953
uni,0.90,12,4,11,596142,2200,85,596325,0.101094,0.349872,-0.248778,0.292155,0.0312,0.0001,-0.011184,0.013275,0.03020864725112915,-0.114368,0.212972,0.1363
uni,0.90,12,5,0,729036,178,698054,0,0.276604,0.349463,-0.072859,0.132207,0.7283,0.9575,-0.078876,0.130687,1.5,-9.000000,-9.000000,-9.0000
uni,0.90,12,5,1,728575,356,29208,728753,0.125611,0.349429,-0.223818,0.278761,-0.0024,0.0401,-0.001824,0.046536,0.67779058218002319,0.079314,0.128813,0.7514
uni,0.90,12,5,2,728114,534,11899,728292,0.115429,0.349405,-0.233976,0.284573,0.0249,0.0163,-0.010845,0.034253,0.55336754024028778,-0.036763,0.085302,0.7436
uni,0.90,12,5,3,727653,712,6340,727831,0.111820,0.349409,-0.237589,0.287408,0.0200,0.0087,-0.014033,0.023548,0.30456267297267914,-0.038885,0.129374,0.3204
uni,0.90,12,5,4,727192,890,4123,727370,0.110482,0.349398,-0.238916,0.288155,0.0336,0.0057,-0.013515,0.018951,0.16423673927783966,-0.105509,0.164913,0.3317
uni,0.90,12,5,5,726731,1068,2838,726909,0.109956,0.349385,-0.239429,0.288680,0.0283,0.0039,-0.013225,0.016730,0.085092917084693909,-0.084297,0.183848,0.1219
uni,0.90,12,5,6,726270,1246,2088,726448,0.109735,0.349380,-0.239645,0.288704,0.0354,0.0029,-0.012899,0.015413,0.047913730144500732,-0.117714,0.198623,0.1853
uni,0.90,12,5,7,725809,1424,1574,725987,0.109634,0.349375,-0.239741,0.288921,0.0293,0.0022,-0.012751,0.014793,0.04332377016544342,-0.091805,0.199730,0.1188
uni,0.90,12,5,8,725348,1602,1188,725526,0.109583,0.349374,-0.239791,0.288853,0.0345,0.0016,-0.012597,0.014483,0.040087848901748657,-0.116685,0.206781,0.1853
uni,0.90,12,5,9,724887,1780,917,725065,0.109555,0.349363,-0.239809,0.288969,0.0297,0.0013,-0.012611,0.014318,0.037564545869827271,-0.096582,0.206682,0.1373
uni,0.90,12,5,10,724426,1958,733,724604,0.109536,0.349356,-0.239819,0.288874,0.0343,0.0010,-0.012686,0.014297,0.035966500639915466,-0.118447,0.213620,0.1868
uni,0.90,12,5,11,723965,2136,580,724143,0.109522,0.349350,-0.239828,0.288981,0.0295,0.0008,-0.012889,0.014415,0.034925192594528198,-0.102338,0.214567,0.1447
uni,0.90,12,6,0,801063,316,752378,0,0.263126,0.349880,-0.086754,0.149676,0.6930,0.9392,-0.096021,0.149024,1.5555555522441864,-9.000000,-9.000000,-9.0000
uni,0.90,12,6,1,800425,632,58981,800741,0.136821,0.349829,-0.213008,0.275117,0.0321,0.0737,-0.010990,0.053862,1.199999988079071,0.097305,0.147691,0.7738
uni,0.90,12,6,2,799787,948,30291,800103,0.127262,0.349804,-0.222542,0.280311,0.0484,0.0379,-0.014524,0.037704,0.74809172749519348,-0.023456,0.094859,0.7203
uni,0.90,12,6,3,799149,1264,18858,799465,0.123859,0.349795,-0.225936,0.282909,0.0421,0.0236,-0.015161,0.025625,0.52216556668281555,-0.015859,0.137788,0.3594
uni,0.90,12,6,4,798511,1580,13580,798827,0.122596,0.349791,-0.227195,0.283618,0.0514,0.0170,-0.013667,0.018963,0.25359804928302765,-0.081440,0.163819,0.3478
uni,0.90,12,6,5,797873,1896,10306,798189,0.122101,0.349792,-0.227691,0.284167,0.0452,0.0129,-0.012867,0.016297,0.13450361788272858,-0.054200,0.181494,0.1871
uni,0.90,12,6,6,797235,2212,8232,797551,0.121894,0.349771,-0.227876,0.284181,0.0500,0.0103,-0.011985,0.014545,0.067334368824958801,-0.091001,0.193589,0.2260
uni,0.90,12,6,7,796597,2528,6721,796913,0.121800,0.349760,-0.227960,0.284363,0.0456,0.0084,-0.011545,0.013718,0.049916848540306091,-0.065829,0.198677,0.1769
uni,0.90,12,6,8,795959,2844,5604,796275,0.121753,0.349749,-0.227995,0.284301,0.0490,0.0070,-0.011076,0.013055,0.046188488602638245,-0.093178,0.206762,0.2137
uni,0.90,12,6,9,795321,3160,4733,795637,0.121726,0.349745,-0.228019,0.284430,0.0449,0.0060,-0.010879,0.012742,0.043559983372688293,-0.073025,0.209936,0.1855
uni,0.90,12,6,10,794683,3476,4113,794999,0.121707,0.349740,-0.228033,0.284382,0.0473,0.0052,-0.010611,0.012393,0.041706889867782593,-0.095144,0.216653,0.2114
uni,0.90,12,6,11,794047,3791,3577,794362,0.121694,0.349722,-0.228028,0.284476,0.0426,0.0045,-0.010492,0.012242,0.040686741471290588,-0.078721,0.219376,0.1909
uni,0.90,12,7,0,773207,217,733800,0,0.268669,0.349718,-0.081049,0.141627,0.7185,0.9490,-0.088848,0.140333,1.5,-9.000000,-9.000000,-9.0000
uni,0.90,12,7,1,772686,434,42253,772903,0.134493,0.349689,-0.215196,0.275680,-0.0001,0.0547,-0.003607,0.049627,1.2220561504364014,0.089365,0.138432,0.7323
uni,0.90,12,7,2,772165,651,18635,772382,0.124235,0.349667,-0.225432,0.281313,0.0234,0.0241,-0.010822,0.033953,0.54761314392089844,-0.032985,0.090496,0.7002
uni,0.90,12,7,3,771644,868,10209,771861,0.120555,0.349655,-0.229100,0.284101,0.0180,0.0132,-0.013553,0.023887,0.30106550455093384,-0.026436,0.132268,0.3139
uni,0.90,12,7,4,771123,1085,6702,771340,0.119176,0.349644,-0.230469,0.284901,0.0289,0.0087,-0.013023,0.018739,0.13348196446895599,-0.094808,0.164667,0.3012
uni,0.90,12,7,5,770602,1302,4657,770819,0.118629,0.349642,-0.231013,0.285426,0.0247,0.0060,-0.012955,0.016891,0.079538404941558838,-0.065709,0.180079,0.1406
uni,0.90,12,7,6,770082,1518,3396,770298,0.118399,0.349634,-0.231234,0.285488,0.0297,0.0044,-0.012476,0.015522,0.062299281358718872,-0.104683,0.194734,0.1813
uni,0.90,12,7,7,769562,1734,2529,769778,0.118297,0.349625,-0.231328,0.285640,0.0266,0.0033,-0.012548,0.015182,0.056484296917915344,-0.076225,0.197028,0.1304
uni,0.90,12,7,8,769042,1950,1937,769258,0.118246,0.349618,-0.231372,0.285615,0.0294,0.0025,-0.012352,0.014728,0.051702648401260376,-0.106155,0.206216,0.1750
uni,0.90,12,7,9,768522,2166,1487,768738,0.118220,0.349610,-0.231390,0.285693,0.0265,0.0019,-0.012520,0.014780,0.048625960946083069,-0.082893,0.206956,0.1430
uni,0.90,12,7,10,768003,2382,1163,768219,0.118204,0.349604,-0.231400,0.285641,0.0293,0.0015,-0.012612,0.014762,0.046376556158065796,-0.108163,0.215169,0.1743
uni,0.90,12,7,11,767484,2598,920,767700,0.118194,0.349599,-0.231406,0.285721,0.0260,0.0012,-0.012725,0.014809,0.044732004404067993,-0.089338,0.216437,0.1483
uni,0.90,12,8,0,659451,289,620236,0,0.269741,0.349558,-0.079817,0.143640,0.6861,0.9405,-0.087945,0.142917,1.5,-9.000000,-9.000000,-9.0000
uni,0.90,12,8,1,658891,578,40912,659180,0.128270,0.349513,-0.221243,0.278664,0.0272,0.0621,-0.015186,0.059811,1.3333333134651184,0.090248,0.142926,0.8103
uni,0.90,12,8,2,658331,867,19963,658620,0.119293,0.349489,-0.230197,0.283593,0.0420,0.0303,-0.020453,0.049185,0.74687659740447998,-0.023940,0.094060,0.7553
uni,0.90,12,8,3,657771,1156,12297,658060,0.116144,0.349474,-0.233330,0.285941,0.0381,0.0187,-0.022787,0.036380,0.50809638202190399,-0.021869,0.137853,0.3904
uni,0.90,12,8,4,657212,1444,8945,657500,0.114998,0.349468,-0.234470,0.286505,0.0500,0.0136,-0.021724,0.029129,0.21449409425258636,-0.083691,0.163324,0.3930
uni,0.90,12,8,5,656653,1732,6909,656941,0.114561,0.349459,-0.234897,0.287025,0.0435,0.0105,-0.021075,0.025594,0.12464068830013275,-0.062706,0.183247,0.2044
uni,0.90,12,8,6,656095,2020,5675,656383,0.114383,0.349450,-0.235067,0.287007,0.0494,0.0086,-0.020211,0.023472,0.067763879895210266,-0.095076,0.194741,0.2545
uni,0.90,12,8,7,655537,2308,4775,655825,0.114303,0.349445,-0.235142,0.287207,0.0441,0.0073,-0.019863,0.022467,0.061685442924499512,-0.072926,0.199742,0.1913
uni,0.90,12,8,8,654979,2596,4166,655267,0.114262,0.349445,-0.235183,0.287121,0.0489,0.0064,-0.019527,0.021750,0.056415781378746033,-0.097028,0.206500,0.2392
uni,0.90,12,8,9,654421,2884,3659,654709,0.114236,0.349433,-0.235197,0.287279,0.0431,0.0056,-0.019539,0.021482,0.053058624267578125,-0.080595,0.210344,0.1951
uni,0.90,12,8,10,653863,3172,3284,654151,0.114215,0.349422,-0.235207,0.287151,0.0478,0.0050,-0.019516,0.021282,0.050604164600372314,-0.100278,0.216845,0.2295
uni,0.90,12,8,11,653305,3460,2970,653593,0.114197,0.349419,-0.235222,0.287308,0.0422,0.0045,-0.019649,0.021276,0.04880969226360321,-0.086971,0.220397,0.1976
uni,0.90,4,1,0,562584,340,550139,0,0.289917,0.349957,-0.060040,0.116363,0.7233,0.9779,-0.064103,0.114624,1.5,-9.000000,-9.000000,-9.0000
uni,0.90,4,1,1,562018,680,12238,562358,0.112227,0.349852,-0.237625,0.277279,0.1815,0.0218,0.015412,0.039077,0.32313777506351471,0.062760,0.110616,0.7377
uni,0.90,4,1,2,561455,1019,2658,561794,0.100790,0.349757,-0.248967,0.285088,0.2264,0.0047,0.000132,0.016791,0.19472391903400421,-0.043643,0.075381,0.7986
uni,0.90,4,1,3,560892,1358,870,561231,0.096764,0.349716,-0.252952,0.288896,0.2062,0.0016,-0.005260,0.011329,0.053527727723121643,-0.071865,0.122617,0.4845
uni,0.90,4,2,0,676016,277,653419,0,0.274007,0.350248,-0.076241,0.135732,0.6780,0.9666,-0.082282,0.134236,1.5,-9.000000,-9.000000,-9.0000
uni,0.90,4,2,1,675470,553,19457,675746,0.127081,0.350193,-0.223111,0.269327,0.1880,0.0288,0.015078,0.040051,0.51386392116546631,0.081178,0.130538,0.7415
uni,0.90,4,2,2,674924,829,4853,675200,0.115504,0.350138,-0.234634,0.276772,0.2362,0.0072,0.000380,0.019477,0.3280177116394043,-0.038860,0.083233,0.7820
uni,0.90,4,2,3,674378,1105,1625,674654,0.111329,0.350112,-0.238783,0.280865,0.2105,0.0024,-0.005136,0.013372,0.14750915765762329,-0.047628,0.127054,0.4374
uni,0.90,4,3,0,808161,152,781115,0,0.278976,0.350321,-0.071345,0.126560,0.6987,0.9665,-0.078038,0.124313,1.2695678472518921,-9.000000,-9.000000,-9.0000
uni,0.90,4,3,1,807688,303,25267,807839,0.123814,0.350295,-0.226481,0.269704,0.0923,0.0313,0.016451,0.036654,0.36330090463161469,0.076786,0.120632,0.6513
uni,0.90,4,3,2,807215,454,5565,807366,0.110356,0.350263,-0.239906,0.279192,0.1323,0.0069,0.001706,0.014536,0.18040207028388977,-0.040173,0.076515,0.7176
uni,0.90,4,3,3,806742,605,1707,806893,0.105536,0.350242,-0.244706,0.283321,0.1251,0.0021,-0.003400,0.009647,0.063777625560760498,-0.070844,0.126608,0.3540
uni,0.90,4,4,0,617880,268,603885,0,0.288353,0.350564,-0.062210,0.118447,0.7124,0.9773,-0.066483,0.116585,1.4285714030265808,-9.000000,-9.000000,-9.0000
uni,0.90,4,4,1,617366,536,12752,617634,0.113791,0.350495,-0.236704,0.276244,0.1700,0.0207,0.018641,0.038103,0.36707311868667603,0.065111,0.112648,0.7264
uni,0.90,4,4,2,616852,804,2439,617120,0.102153,0.350427,-0.248274,0.284344,0.2105,0.0040,0.003024,0.014635,0.20714294910430908,-0.043119,0.075385,0.7900
uni,0.90,4,4,3,616338,1072,624,616606,0.098028,0.350399,-0.252372,0.288156,0.1934,0.0010,-0.002648,0.008408,0.0443153977394104,-0.069797,0.122290,0.4675
uni,0.90,4,5,0,744532,222,717682,0,0.275482,0.350033,-0.074551,0.132279,0.6860,0.9639,-0.081513,0.130258,1.3333333134651184,-9.000000,-9.000000,-9.0000
uni,0.90,4,5,1,744011,444,23451,744233,0.125458,0.349978,-0.224521,0.269645,0.1446,0.0315,0.014806,0.038294,0.36162059009075165,0.080554,0.126848,0.7063
uni,0.90,4,5,2,743490,666,5676,743712,0.112558,0.349926,-0.237368,0.278526,0.1846,0.0076,-0.000054,0.018391,0.41808591783046722,-0.037833,0.078842,0.7566
uni,0.90,4,5,3,742969,888,1975,743191,0.107908,0.349903,-0.241996,0.282674,0.1704,0.0027,-0.005639,0.012748,0.094696938991546631,-0.061258,0.127464,0.3981
uni,0.90,4,6,0,816655,506,775538,0,0.263847,0.350050,-0.086203,0.147197,0.6534,0.9497,-0.095693,0.146037,1.5,-9.000000,-9.000000,-9.0000
uni,0.90,4,6,1,815812,1012,43095,816318,0.136672,0.349945,-0.213273,0.264685,0.1533,0.0528,0.004407,0.042556,0.7735443115234375,0.095187,0.142847,0.7262
uni,0.90,4,6,2,814970,1518,16521,815476,0.124767,0.349858,-0.225092,0.272180,0.1953,0.0203,-0.007135,0.024755,0.6869538277387619,-0.030346,0.087177,0.7430
uni,0.90,4,6,3,814128,2024,8415,814634,0.120432,0.349819,-0.229388,0.276087,0.1779,0.0103,-0.010269,0.017294,0.21092122793197632,-0.035861,0.131639,0.3985
uni,0.90,4,7,0,790882,267,753668,0,0.266832,0.349427,-0.082595,0.141009,0.6629,0.9529,-0.091689,0.139235,1.3741704225540161,-9.000000,-9.000000,-9.0000
uni,0.90,4,7,1,790297,534,33694,790564,0.134348,0.349381,-0.215034,0.263787,0.1057,0.0426,0.011342,0.038153,0.36900860071182251,0.090971,0.136037,0.6853
uni,0.90,4,7,2,789713,801,10039,789980,0.121944,0.349332,-0.227388,0.271910,0.1460,0.0127,-0.001925,0.019542,0.38317997753620148,-0.034545,0.083657,0.7200
uni,0.90,4,7,3,789129,1068,3874,789396,0.117418,0.349313,-0.231895,0.275906,0.1306,0.0049,-0.006727,0.014883,0.20838476717472076,-0.043905,0.129322,0.3467
uni,0.90,4,8,0,678895,381,651202,0,0.273653,0.349917,-0.076265,0.137355,0.6634,0.9592,-0.083584,0.135631,1.4285714030265808,-9.000000,-9.000000,-9.0000
uni,0.90,4,8,1,678240,762,25090,678621,0.126588,0.349815,-0.223226,0.269256,0.1907,0.0370,0.010779,0.040846,0.39452993869781494,0.083391,0.133079,0.7648
uni,0.90,4,8,2,677585,1143,7485,677966,0.115073,0.349726,-0.234653,0.276687,0.2324,0.0110,-0.003399,0.022550,0.27343045175075531,-0.034795,0.082893,0.7911
uni,0.90,4,8,3,676930,1524,3092,677311,0.110925,0.349686,-0.238762,0.280575,0.2131,0.0046,-0.008631,0.017533,0.14662811160087585,-0.047555,0.128911,0.4557
uni,0.90,8,1,0,552072,162,536096,0,0.288764,0.350097,-0.061333,0.118499,0.7265,0.9711,-0.065787,0.116527,1.5,-9.000000,-9.000000,-9.0000
uni,0.90,8,1,1,551682,324,17829,551844,0.114149,0.350047,-0.235899,0.280357,0.0439,0.0323,0.002579,0.044477,1.034546434879303,0.065433,0.113959,0.7702
uni,0.90,8,1,2,551292,486,6628,551454,0.104148,0.350000,-0.245852,0.286471,0.0814,0.0120,-0.007839,0.027703,0.54868781566619873,-0.040755,0.078080,0.7935
uni,0.90,8,1,3,550902,648,3233,551064,0.100646,0.349973,-0.249327,0.289391,0.0741,0.0059,-0.011099,0.019516,0.15061014890670776,-0.057400,0.123678,0.4091
uni,0.90,8,1,4,550514,810,2012,550676,0.099362,0.349951,-0.250589,0.290082,0.0896,0.0037,-0.010818,0.015562,0.069428384304046631,-0.116775,0.162665,0.4488
uni,0.90,8,1,5,550126,972,1290,550288,0.098864,0.349926,-0.251062,0.290710,0.0779,0.0023,-0.010694,0.013988,0.054834350943565369,-0.103461,0.181511,0.1971
uni,0.90,8,1,6,549738,1134,891,549900,0.098656,0.349909,-0.251253,0.290672,0.0863,0.0016,-0.010211,0.012863,0.048274710774421692,-0.128245,0.194553,0.2886
uni,0.90,8,1,7,549350,1296,632,549512,0.098562,0.349895,-0.251334,0.290978,0.0749,0.0012,-0.010232,0.012660,0.043650180101394653,-0.108961,0.195612,0.1788
uni,0.90,8,2,0,663887,189,629227,0,0.271705,0.350130,-0.078425,0.140449,0.6809,0.9478,-0.085977,0.139367,1.5,-9.000000,-9.000000,-9.0000
uni,0.90,8,2,1,663434,378,27991,663623,0.128692,0.350077,-0.221385,0.274587,0.0623,0.0422,0.000648,0.046167,0.66018038988113403,0.087405,0.138657,0.7749
uni,0.90,8,2,2,662981,567,10675,663170,0.118621,0.350042,-0.231422,0.280262,0.0991,0.0161,-0.009156,0.034041,0.48020607233047485,-0.031474,0.088311,0.7648
uni,0.90,8,2,3,662528,756,5225,662717,0.115019,0.350031,-0.235012,0.283379,0.0854,0.0079,-0.013524,0.024818,0.23850248754024506,-0.029567,0.132590,0.3782
uni,0.90,8,2,4,662076,945,3149,662265,0.113667,0.350021,-0.236353,0.284005,0.1024,0.0048,-0.013983,0.020426,0.12721817195415497,-0.095417,0.162373,0.4076
uni,0.90,8,2,5,661624,1134,2045,661813,0.113131,0.350007,-0.236875,0.284821,0.0868,0.0031,-0.014497,0.018644,0.069566190242767334,-0.070113,0.180007,0.1905
uni,0.90,8,2,6,661173,1323,1396,661362,0.112902,0.349994,-0.237092,0.284747,0.0963,0.0021,-0.014297,0.017456,0.061690330505371094,-0.104960,0.192041,0.2741
uni,0.90,8,2,7,660723,1512,1003,660912,0.112798,0.349965,-0.237167,0.285122,0.0835,0.0015,-0.014551,0.017316,0.055932179093360901,-0.078673,0.194795,0.1873
uni,0.90,8,3,0,801249,138,774867,0,0.281967,0.350183,-0.068216,0.124221,0.7361,0.9671,-0.073888,0.122226,1.5555555522441864,-9.000000,-9.000000,-9.0000
uni,0.90,8,3,1,800791,276,26376,800929,0.123051,0.350139,-0.227088,0.276077,0.0139,0.0329,0.010509,0.038580,0.49486762285232544,0.072986,0.118886,0.6773
uni,0.90,8,3,2,800333,414,7996,800471,0.111354,0.350109,-0.238755,0.283599,0.0454,0.0100,-0.001914,0.019892,0.41166634857654572,-0.042429,0.079101,0.7224
uni,0.90,8,3,3,799875,552,3195,800013,0.107190,0.350098,-0.242908,0.286912,0.0441,0.0040,-0.006328,0.014501,0.22391016781330109,-0.059217,0.125238,0.3086
uni,0.90,8,3,4,799417,690,1659,799555,0.105634,0.350087,-0.244453,0.287974,0.0547,0.0021,-0.007200,0.011930,0.11801563203334808,-0.119825,0.167348,0.3069
uni,0.90,8,3,5,798959,828,921,799097,0.105019,0.350074,-0.245056,0.288531,0.0511,0.0012,-0.008142,0.011341,0.05147986114025116,-0.103527,0.183738,0.0995
uni,0.90,8,3,6,798501,966,550,798639,0.104759,0.350060,-0.245301,0.288671,0.0544,0.0007,-0.008379,0.010992,0.042512863874435425,-0.127879,0.197131,0.1694
uni,0.90,8,3,7,798043,1104,347,798181,0.104642,0.350053,-0.245411,0.288836,0.0503,0.0004,-0.008819,0.011185,0.038450285792350769,-0.108072,0.196958,0.1069
uni,0.90,8,4,0,608220,182,588753,0,0.286332,0.350004,-0.063671,0.121129,0.7159,0.9680,-0.068734,0.119287,1.4285714030265808,-9.000000,-9.000000,-9.0000
uni,0.90,8,4,1,607790,364,17321,607972,0.115635,0.349970,-0.234335,0.278995,0.0348,0.0285,0.012021,0.037517,0.37204091250896454,0.068362,0.116538,0.7483
uni,0.90,8,4,2,607360,546,4835,607542,0.105316,0.349929,-0.244613,0.285331,0.0735,0.0080,-0.001191,0.017309,0.29697556793689728,-0.040421,0.077503,0.7834
uni,0.90,8,4,3,606930,728,1766,607112,0.101644,0.349904,-0.248260,0.288349,0.0672,0.0029,-0.005293,0.012045,0.13396082818508148,-0.055264,0.122096,0.3956
uni,0.90,8,4,4,606500,910,806,606682,0.100270,0.349884,-0.249614,0.289107,0.0833,0.0013,-0.006903,0.009995,0.077094666659832001,-0.114733,0.160789,0.4303
uni,0.90,8,4,5,606070,1092,398,606252,0.099726,0.349872,-0.250147,0.289752,0.0733,0.0007,-0.007878,0.010459,0.06752525269985199,-0.100144,0.178250,0.1747
uni,0.90,8,4,6,605640,1274,229,605822,0.099495,0.349852,-0.250357,0.289746,0.0814,0.0004,-0.008404,0.010072,0.026769399642944336,-0.126650,0.191794,0.2690
uni,0.90,8,4,7,605210,1456,135,605392,0.099391,0.349835,-0.250443,0.290004,0.0719,0.0002,-0.008876,0.010430,0.025548487901687622,-0.107558,0.193742,0.1527
uni,0.90,8,5,0,734746,191,703476,0,0.276731,0.349652,-0.072920,0.132126,0.7143,0.9574,-0.079497,0.130314,1.4285714030265808,-9.000000,-9.000000,-9.0000
uni,0.90,8,5,1,734270,382,26919,734461,0.125598,0.349614,-0.224017,0.275975,0.0353,0.0367,0.004034,0.043086,0.37882621586322784,0.079852,0.128568,0.7350
uni,0.90,8,5,2,733794,573,9646,733985,0.114567,0.349571,-0.235004,0.282608,0.0701,0.0131,-0.008060,0.028236,0.37802061438560486,-0.037122,0.083204,0.7480
uni,0.90,8,5,3,733318,764,4755,733509,0.110628,0.349553,-0.238925,0.285843,0.0617,0.0065,-0.011984,0.021011,0.17824225127696991,-0.045595,0.128601,0.3376
uni,0.90,8,5,4,732842,955,2887,733033,0.109153,0.349535,-0.240382,0.286706,0.0755,0.0039,-0.012324,0.017046,0.089947119355201721,-0.108871,0.165789,0.3470
uni,0.90,8,5,5,732366,1146,1812,732557,0.108567,0.349514,-0.240946,0.287391,0.0648,0.0025,-0.012612,0.015730,0.066281884908676147,-0.088132,0.182763,0.1425
uni,0.90,8,5,6,731890,1337,1210,732081,0.108318,0.349492,-0.241173,0.287372,0.0736,0.0017,-0.012280,0.014650,0.049252539873123169,-0.117213,0.195603,0.2184
uni,0.90,8,5,7,731414,1528,854,731605,0.108204,0.349475,-0.241271,0.287671,0.0634,0.0012,-0.012256,0.014279,0.04453432559967041,-0.093797,0.195752,0.1486
uni,0.90,8,6,0,807537,309,759677,0,0.263033,0.349717,-0.086684,0.149303,0.6741,0.9407,-0.096446,0.148382,1.5,-9.000000,-9.000000,-9.0000
uni,0.90,8,6,1,806907,618,53764,807216,0.137000,0.349643,-0.212643,0.271030,0.0605,0.0666,-0.005773,0.050034,1.3195163607597351,0.097284,0.146795,0.7562
uni,0.90,8,6,2,806277,927,25518,806586,0.126634,0.349612,-0.222978,0.276944,0.0880,0.0316,-0.012246,0.033402,0.70385231077671051,-0.025415,0.092011,0.7278
uni,0.90,8,6,3,805647,1236,15207,805956,0.122908,0.349596,-0.226689,0.279956,0.0794,0.0189,-0.013632,0.022729,0.44539207220077515,-0.021677,0.135438,0.3670
uni,0.90,8,6,4,805017,1545,10623,805326,0.121504,0.349576,-0.228072,0.280759,0.0899,0.0132,-0.012574,0.017443,0.17720186710357666,-0.085437,0.163080,0.3642
uni,0.90,8,6,5,804387,1854,7915,804696,0.120944,0.349556,-0.228612,0.281431,0.0797,0.0098,-0.011917,0.015124,0.1011568009853363,-0.057576,0.178494,0.2017
uni,0.90,8,6,6,803759,2163,6160,804068,0.120707,0.349530,-0.228823,0.281431,0.0857,0.0077,-0.011216,0.013706,0.053498432040214539,-0.091947,0.189180,0.2583
uni,0.90,8,6,7,803131,2472,4938,803440,0.120598,0.349514,-0.228916,0.281717,0.0774,0.0061,-0.010832,0.013033,0.04618304967880249,-0.067427,0.193322,0.1999
uni,0.90,8,7,0,780435,159,742394,0,0.267743,0.349724,-0.081981,0.141432,0.6969,0.9513,-0.090161,0.139931,1.4830451309680939,-9.000000,-9.000000,-9.0000
uni,0.90,8,7,1,779969,318,38365,780128,0.134502,0.349689,-0.215188,0.270859,0.0268,0.0492,0.002845,0.044682,0.6980634331703186,0.089935,0.137199,0.7131
uni,0.90,8,7,2,779503,477,14837,779662,0.123505,0.349665,-0.226159,0.277301,0.0597,0.0190,-0.007156,0.028479,0.55127756297588348,-0.033901,0.087214,0.7107
uni,0.90,8,7,3,779037,636,7305,779196,0.119531,0.349652,-0.230120,0.280488,0.0524,0.0094,-0.010720,0.019554,0.27322828769683838,-0.032317,0.130872,0.3170
uni,0.90,8,7,4,778571,795,4435,778730,0.118023,0.349638,-0.231614,0.281451,0.0622,0.0057,-0.010783,0.015712,0.14622882008552551,-0.097836,0.163765,0.3224
uni,0.90,8,7,5,778105,954,2850,778264,0.117417,0.349627,-0.232210,0.282044,0.0570,0.0037,-0.011101,0.014391,0.074601143598556519,-0.068686,0.177042,0.1552
uni,0.90,8,7,6,777639,1113,1922,777798,0.117159,0.349600,-0.232442,0.282137,0.0608,0.0025,-0.010895,0.013533,0.053396672010421753,-0.102955,0.188842,0.2175
uni,0.90,8,7,7,777173,1272,1355,777332,0.117042,0.349576,-0.232533,0.282319,0.0552,0.0017,-0.010881,0.013242,0.048412665724754333,-0.077364,0.190685,0.1588
uni,0.90,8,8,0,667706,212,632699,0,0.271112,0.349466,-0.078354,0.141002,0.6725,0.9476,-0.085948,0.139964,1.5555555522441864,-9.000000,-9.000000,-9.0000
uni,0.90,8,8,1,667235,424,33634,667447,0.127685,0.349408,-0.221723,0.274628,0.0639,0.0504,-0.006697,0.053509,1.217295229434967,0.087470,0.139397,0.7942
uni,0.90,8,8,2,666765,636,14526,666977,0.117996,0.349370,-0.231375,0.280067,0.0963,0.0218,-0.016098,0.041253,0.54224361479282379,-0.028613,0.089960,0.7689
uni,0.90,8,8,3,666295,848,8142,666507,0.114557,0.349354,-0.234797,0.282925,0.0871,0.0122,-0.019618,0.031937,0.34301662445068359,-0.029338,0.134301,0.4049
uni,0.90,8,8,4,665825,1060,5613,666037,0.113283,0.349321,-0.236038,0.283563,0.0994,0.0084,-0.019268,0.026523,0.20483216643333435,-0.091386,0.162442,0.4222
uni,0.90,8,8,5,665355,1272,4148,665567,0.112786,0.349300,-0.236514,0.284222,0.0887,0.0062,-0.018977,0.023800,0.11823654174804688,-0.068453,0.180044,0.2217
uni,0.90,8,8,6,664885,1484,3280,665097,0.112581,0.349280,-0.236699,0.284208,0.0950,0.0049,-0.018424,0.021902,0.063969969749450684,-0.099998,0.190543,0.2954
uni,0.90,8,8,7,664415,1696,2660,664627,0.112491,0.349260,-0.236769,0.284505,0.0855,0.0040,-0.018431,0.021187,0.058083802461624146,-0.077062,0.194436,0.2162
uni,0.95,12,1,0,531793,557,503624,0,0.283514,0.350515,-0.067002,0.128118,0.7455,0.9470,-0.073258,0.126313,1.5329242944717407,-9.000000,-9.000000,-9.0000
uni,0.95,12,1,1,531017,1114,33770,531574,0.116517,0.350433,-0.233916,0.289944,-0.0628,0.0636,-0.018890,0.062994,1.2420428395271301,0.076068,0.127535,0.8242
uni,0.95,12,1,2,530241,1671,18367,530798,0.107760,0.350343,-0.242583,0.295147,-0.0779,0.0346,-0.019827,0.051069,0.74289372563362122,-0.026425,0.088494,0.7610
uni,0.95,12,1,3,529465,2228,12478,530022,0.104741,0.350290,-0.245549,0.296993,-0.0699,0.0236,-0.019990,0.035272,0.46467375755310059,-0.038085,0.133796,0.3494
uni,0.95,12,1,4,528689,2785,9523,529246,0.103669,0.350254,-0.246585,0.297592,-0.0615,0.0180,-0.017868,0.026788,0.26600375771522522,-0.094569,0.163899,0.3399
uni,0.95,12,1,5,527913,3342,7559,528470,0.103264,0.350231,-0.246967,0.297832,-0.0575,0.0143,-0.016727,0.022593,0.16758367419242859,-0.086662,0.188370,0.1317
uni,0.95,12,1,6,527140,3897,6186,527695,0.103090,0.350231,-0.247142,0.297931,-0.0541,0.0117,-0.015753,0.020146,0.10150164365768433,-0.111339,0.201568,0.1758
uni,0.95,12,1,7,526367,4452,5138,526922,0.102999,0.350209,-0.247211,0.297966,-0.0520,0.0098,-0.015137,0.018733,0.061967521905899048,-0.097464,0.208049,0.1139
uni,0.95,12,1,8,525595,5006,4313,526149,0.102937,0.350197,-0.247260,0.297991,-0.0506,0.0082,-0.014905,0.018082,0.057303443551063538,-0.113245,0.213853,0.1607
uni,0.95,12,1,9,524823,5560,3643,525377,0.102888,0.350180,-0.247292,0.297968,-0.0483,0.0069,-0.014714,0.017629,0.05389346182346344,-0.103976,0.217746,0.1278
uni,0.95,12,1,10,524052,6113,3097,524605,0.102838,0.350169,-0.247331,0.297989,-0.0472,0.0059,-0.014710,0.017449,0.051400408148765564,-0.116922,0.223158,0.1634
uni,0.95,12,1,11,523281,6666,2602,523834,0.102790,0.350148,-0.247358,0.298022,-0.0473,0.0050,-0.014652,0.017271,0.049577713012695312,-0.110298,0.226912,0.1402
uni,0.95,12,2,0,644355,508,593706,0,0.264380,0.349941,-0.085561,0.149216,0.7017,0.9214,-0.095570,0.149533,1.4216172397136688,-9.000000,-9.000000,-9.0000
uni,0.95,12,2,1,643585,1016,47194,644093,0.130542,0.349885,-0.219344,0.283093,-0.0320,0.0733,-0.018614,0.059050,1.0457183718681335,0.099485,0.150865,0.8291
uni,0.95,12,2,2,642815,1524,23984,643323,0.121831,0.349822,-0.227990,0.287721,-0.0466,0.0373,-0.019595,0.052471,0.63442261517047882,-0.014730,0.098441,0.7321
uni,0.95,12,2,3,642046,2031,14718,642553,0.118820,0.349808,-0.230988,0.289571,-0.0436,0.0229,-0.021335,0.035906,0.4102122038602829,-0.009064,0.144001,0.3335
uni,0.95,12,2,4,641277,2538,10407,641784,0.117750,0.349787,-0.232037,0.290098,-0.0338,0.0162,-0.019834,0.027746,0.22317428886890411,-0.071437,0.165081,0.3169
uni,0.95,12,2,5,640508,3045,7636,641015,0.117352,0.349766,-0.232414,0.290421,-0.0345,0.0119,-0.019017,0.023933,0.11768485605716705,-0.051615,0.188641,0.1306
uni,0.95,12,2,6,639740,3552,5867,640247,0.117192,0.349750,-0.232558,0.290425,-0.0293,0.0092,-0.017966,0.021529,0.062234401702880859,-0.084530,0.199396,0.1653
uni,0.95,12,2,7,638973,4059,4562,639480,0.117113,0.349740,-0.232627,0.290499,-0.0291,0.0071,-0.017543,0.020420,0.056425482034683228,-0.063899,0.207360,0.1153
uni,0.95,12,2,8,638206,4566,3631,638713,0.117063,0.349731,-0.232667,0.290470,-0.0265,0.0057,-0.017194,0.019711,0.052178531885147095,-0.086211,0.212999,0.1556
uni,0.95,12,2,9,637440,5073,2930,637947,0.117023,0.349723,-0.232700,0.290511,-0.0266,0.0046,-0.017096,0.019390,0.049073517322540283,-0.070904,0.217872,0.1331
uni,0.95,12,2,10,636675,5580,2398,637182,0.116985,0.349707,-0.232722,0.290465,-0.0244,0.0038,-0.016978,0.019086,0.04680342972278595,-0.088691,0.223513,0.1595
uni,0.95,12,2,11,635910,6087,1979,636417,0.116948,0.349707,-0.232759,0.290536,-0.0254,0.0031,-0.017123,0.019115,0.045143738389015198,-0.077374,0.228037,0.1443
uni,0.95,12,3,0,787269,692,744522,0,0.279563,0.350124,-0.070561,0.129827,0.7580,0.9457,-0.078331,0.127582,1.3333333134651184,-9.000000,-9.000000,-9.0000
uni,0.95,12,3,1,786264,1384,44546,786956,0.123841,0.350051,-0.226209,0.285277,-0.0795,0.0567,-0.004323,0.047577,0.8053775429725647,0.079872,0.127036,0.7442
uni,0.95,12,3,2,785261,2075,20024,785952,0.113333,0.349983,-0.236650,0.291418,-0.0878,0.0255,-0.011819,0.036775,0.55307741463184357,-0.032182,0.083276,0.7086
uni,0.95,12,3,3,784260,2766,11451,784951,0.109620,0.349932,-0.240312,0.293855,-0.0805,0.0146,-0.014491,0.026155,0.303665891289711,-0.043140,0.129386,0.2605
uni,0.95,12,3,4,783259,3457,7654,783950,0.108244,0.349900,-0.241656,0.294729,-0.0721,0.0098,-0.014333,0.020787,0.16299788653850555,-0.102085,0.164729,0.2208
uni,0.95,12,3,5,782259,4147,5479,782949,0.107697,0.349892,-0.242195,0.295044,-0.0655,0.0070,-0.014088,0.018355,0.077218189835548401,-0.090318,0.186218,0.0411
uni,0.95,12,3,6,781259,4837,4162,781949,0.107457,0.349879,-0.242421,0.295201,-0.0636,0.0053,-0.013722,0.017083,0.061443880200386047,-0.116593,0.201003,0.0704
uni,0.95,12,3,7,780259,5527,3223,780949,0.107336,0.349866,-0.242530,0.295231,-0.0598,0.0041,-0.013683,0.016462,0.055708765983581543,-0.100687,0.205716,0.0364
uni,0.95,12,3,8,779260,6216,2534,779949,0.107263,0.349853,-0.242590,0.295251,-0.0577,0.0033,-0.013707,0.016168,0.051515758037567139,-0.116957,0.212038,0.0802
uni,0.95,12,3,9,778261,6905,2025,778950,0.107209,0.349836,-0.242627,0.295226,-0.0546,0.0026,-0.013857,0.016091,0.048450186848640442,-0.105719,0.214286,0.0623
uni,0.95,12,3,10,777262,7594,1649,777951,0.107164,0.349807,-0.242643,0.295192,-0.0520,0.0021,-0.013973,0.016059,0.045924127101898193,-0.118993,0.219779,0.0934
uni,0.95,12,3,11,776264,8283,1359,776953,0.107124,0.349789,-0.242665,0.295196,-0.0507,0.0018,-0.014180,0.016135,0.044295608997344971,-0.111346,0.222435,0.0822
uni,0.95,12,4,0,586726,658,548588,0,0.279939,0.350107,-0.070169,0.131330,0.7373,0.9350,-0.078162,0.129951,1.4285714030265808,-9.000000,-9.000000,-9.0000
uni,0.95,12,4,1,585836,1315,32531,586493,0.118443,0.350037,-0.231594,0.288474,-0.0841,0.0555,-0.005498,0.049135,1.0956054329872131,0.081522,0.131149,0.8136
uni,0.95,12,4,2,584947,1971,13900,585603,0.109103,0.349949,-0.240846,0.293749,-0.0940,0.0238,-0.011050,0.042849,0.59045687317848206,-0.025246,0.084239,0.7654
uni,0.95,12,4,3,584058,2627,7396,584714,0.105825,0.349889,-0.244064,0.295651,-0.0798,0.0127,-0.014743,0.030030,0.35052347183227539,-0.034896,0.131373,0.3312
uni,0.95,12,4,4,583170,3282,4632,583825,0.104623,0.349848,-0.245225,0.296354,-0.0715,0.0079,-0.015094,0.023743,0.16572511196136475,-0.090614,0.159371,0.3246
uni,0.95,12,4,5,582283,3936,3101,582937,0.104149,0.349828,-0.245680,0.296584,-0.0645,0.0053,-0.015687,0.021040,0.085134595632553101,-0.080913,0.182862,0.1088
uni,0.95,12,4,6,581396,4590,2167,582050,0.103943,0.349793,-0.245850,0.296661,-0.0611,0.0037,-0.015447,0.019330,0.061542883515357971,-0.106387,0.195327,0.1520
uni,0.95,12,4,7,580510,5243,1534,581163,0.103835,0.349757,-0.245922,0.296657,-0.0578,0.0026,-0.015690,0.018790,0.055798515677452087,-0.093770,0.203317,0.0854
uni,0.95,12,4,8,579624,5896,1140,580277,0.103767,0.349734,-0.245967,0.296643,-0.0545,0.0020,-0.015836,0.018493,0.051598742604255676,-0.109318,0.208899,0.1330
uni,0.95,12,4,9,578741,6546,869,579391,0.103715,0.349719,-0.246005,0.296663,-0.0529,0.0015,-0.016253,0.018695,0.04852825403213501,-0.100515,0.213579,0.1006
uni,0.95,12,4,10,577859,7196,679,578509,0.103669,0.349701,-0.246032,0.296663,-0.0510,0.0012,-0.016179,0.018486,0.046283379197120667,-0.112404,0.218598,0.1336
uni,0.95,12,4,11,576977,7846,524,577627,0.103624,0.349687,-0.246063,0.296680,-0.0497,0.0009,-0.016549,0.018705,0.044642120599746704,-0.107038,0.223236,0.1127
uni,0.95,12,5,0,716674,592,672115,0,0.273056,0.349994,-0.076937,0.137791,0.7346,0.9378,-0.084884,0.136752,1.4285714030265808,-9.000000,-9.000000,-9.0000
uni,0.95,12,5,1,715797,1183,41079,716388,0.126808,0.349930,-0.223122,0.283760,-0.0544,0.0574,-0.011707,0.053620,0.95148688554763794,0.087371,0.136933,0.7877
uni,0.95,12,5,2,714920,1774,19893,715511,0.117075,0.349859,-0.232785,0.289245,-0.0613,0.0278,-0.015954,0.043570,0.58083538711071014,-0.026715,0.089409,0.7289
uni,0.95,12,5,3,714044,2364,12078,714634,0.113663,0.349817,-0.236154,0.291504,-0.0581,0.0169,-0.017590,0.029474,0.35512124001979828,-0.028286,0.135724,0.2841
uni,0.95,12,5,4,713168,2954,8535,713758,0.112417,0.349797,-0.237380,0.292215,-0.0481,0.0120,-0.016349,0.022584,0.21416865289211273,-0.091884,0.165617,0.2692
uni,0.95,12,5,5,712292,3544,6349,712882,0.111932,0.349775,-0.237843,0.292540,-0.0462,0.0089,-0.015659,0.019234,0.12583838403224945,-0.073898,0.187877,0.0782
uni,0.95,12,5,6,711416,4134,4914,712006,0.111724,0.349761,-0.238037,0.292607,-0.0417,0.0069,-0.014937,0.017567,0.070484742522239685,-0.105036,0.200866,0.1206
uni,0.95,12,5,7,710540,4724,3869,711130,0.111620,0.349750,-0.238131,0.292673,-0.0409,0.0054,-0.014597,0.016712,0.050858110189437866,-0.084229,0.205926,0.0731
uni,0.95,12,5,8,709665,5314,3109,710255,0.111556,0.349744,-0.238188,0.292667,-0.0382,0.0044,-0.014329,0.016194,0.047030195593833923,-0.105458,0.212226,0.1183
uni,0.95,12,5,9,708790,5904,2511,709380,0.111508,0.349728,-0.238221,0.292703,-0.0385,0.0035,-0.014196,0.015915,0.04423154890537262,-0.089885,0.214351,0.0960
uni,0.95,12,5,10,707916,6493,2049,708505,0.111465,0.349717,-0.238252,0.292663,-0.0351,0.0029,-0.014212,0.015843,0.04218544065952301,-0.107193,0.220056,0.1262
uni,0.95,12,5,11,707042,7082,1712,707631,0.111426,0.349711,-0.238285,0.292697,-0.0356,0.0024,-0.014238,0.015763,0.040689513087272644,-0.096286,0.222953,0.1091
uni,0.95,12,6,0,788551,730,724747,0,0.259512,0.349943,-0.090431,0.154345,0.7051,0.9191,-0.101935,0.154413,1.5080130100250244,-9.000000,-9.000000,-9.0000
uni,0.95,12,6,1,787509,1459,75241,788238,0.138089,0.349866,-0.211777,0.280175,-0.0187,0.0955,-0.019432,0.060963,1.3333333134651184,0.105287,0.155166,0.7980
uni,0.95,12,6,2,786467,2188,42502,787196,0.129106,0.349802,-0.220696,0.285224,-0.0426,0.0540,-0.018722,0.047230,0.73544858396053314,-0.012201,0.101458,0.6949
uni,0.95,12,6,3,785427,2915,28575,786154,0.125971,0.349764,-0.223792,0.287223,-0.0436,0.0364,-0.018578,0.031362,0.4957030713558197,-0.003916,0.145286,0.3220
uni,0.95,12,6,4,784387,3642,21599,785114,0.124845,0.349715,-0.224870,0.287838,-0.0373,0.0275,-0.016613,0.023361,0.3321138322353363,-0.066851,0.166527,0.2894
uni,0.95,12,6,5,783347,4369,17114,784074,0.124423,0.349690,-0.225267,0.288142,-0.0364,0.0218,-0.015401,0.019795,0.19834944605827332,-0.042376,0.187562,0.1396
uni,0.95,12,6,6,782309,5095,13985,783035,0.124250,0.349671,-0.225421,0.288208,-0.0331,0.0179,-0.014364,0.017622,0.11452379822731018,-0.077024,0.198127,0.1621
uni,0.95,12,6,7,781271,5821,11661,781997,0.124167,0.349663,-0.225495,0.288286,-0.0324,0.0149,-0.013890,0.016586,0.061996102333068848,-0.055522,0.206259,0.1267
uni,0.95,12,6,8,780233,6547,9873,780959,0.124117,0.349643,-0.225526,0.288294,-0.0307,0.0127,-0.013415,0.015820,0.057402104139328003,-0.080682,0.213460,0.1532
uni,0.95,12,6,9,779196,7273,8444,779922,0.124079,0.349626,-0.225547,0.288297,-0.0297,0.0108,-0.013143,0.015324,0.053947418928146362,-0.063770,0.218941,0.1383
uni,0.95,12,6,10,778159,7999,7329,778885,0.124045,0.349606,-0.225561,0.288270,-0.0280,0.0094,-0.012901,0.014982,0.051349490880966187,-0.083691,0.225717,0.1550
uni,0.95,12,6,11,777122,8725,6376,777848,0.124011,0.349591,-0.225580,0.288301,-0.0279,0.0082,-0.012751,0.014750,0.047675624489784241,-0.071245,0.230931,0.1481
uni,0.95,12,7,0,760739,649,706151,0,0.264349,0.349858,-0.085509,0.147524,0.7252,0.9282,-0.096038,0.146630,1.5,-9.000000,-9.000000,-9.0000
uni,0.95,12,7,1,759782,1298,58894,760431,0.136174,0.349770,-0.213596,0.280309,-0.0480,0.0775,-0.011695,0.055470,1.1647518277168274,0.098270,0.146381,0.7597
uni,0.95,12,7,2,758825,1947,30078,759474,0.126188,0.349691,-0.223502,0.285761,-0.0601,0.0396,-0.015548,0.042016,0.73327971994876862,-0.021695,0.094339,0.6749
uni,0.95,12,7,3,757868,2596,18924,758517,0.122634,0.349650,-0.227016,0.288056,-0.0593,0.0250,-0.016633,0.028261,0.42135260999202728,-0.016284,0.138428,0.2702
uni,0.95,12,7,4,756911,3245,13614,757560,0.121319,0.349611,-0.228293,0.288857,-0.0529,0.0180,-0.015240,0.021756,0.25476856529712677,-0.080611,0.165393,0.2365
uni,0.95,12,7,5,755954,3894,10259,756603,0.120801,0.349594,-0.228793,0.289188,-0.0496,0.0136,-0.014522,0.018461,0.11521156132221222,-0.055644,0.184235,0.0953
uni,0.95,12,7,6,754998,4543,7976,755647,0.120579,0.349575,-0.228996,0.289310,-0.0474,0.0106,-0.013633,0.016570,0.068993732333183289,-0.090474,0.196494,0.1198
uni,0.95,12,7,7,754042,5192,6370,754691,0.120470,0.349558,-0.229088,0.289338,-0.0443,0.0084,-0.013434,0.015869,0.062804967164993286,-0.067524,0.201959,0.0882
uni,0.95,12,7,8,753086,5841,5170,753735,0.120406,0.349542,-0.229136,0.289344,-0.0424,0.0069,-0.013176,0.015350,0.051702648401260376,-0.092979,0.209780,0.1174
uni,0.95,12,7,9,752130,6490,4246,752779,0.120360,0.349521,-0.229161,0.289316,-0.0402,0.0056,-0.013165,0.015197,0.048625960946083069,-0.075494,0.213505,0.1038
uni,0.95,12,7,10,751175,7138,3496,751823,0.120321,0.349494,-0.229173,0.289289,-0.0385,0.0047,-0.013097,0.015015,0.046376556158065796,-0.096073,0.220745,0.1245
uni,0.95,12,7,11,750221,7785,2887,750868,0.120286,0.349482,-0.229196,0.289294,-0.0378,0.0038,-0.013136,0.015005,0.044732004404067993,-0.082652,0.224537,0.1131
uni,0.95,12,8,0,644228,695,594721,0,0.265510,0.350128,-0.084617,0.149120,0.7009,0.9232,-0.094666,0.149257,1.5555555522441864,-9.000000,-9.000000,-9.0000
uni,0.95,12,8,1,643278,1390,54416,643973,0.130128,0.350037,-0.219909,0.283909,-0.0265,0.0846,-0.023815,0.066406,1.3333333134651184,0.098420,0.150435,0.8279
uni,0.95,12,8,2,642328,2085,29477,643023,0.121653,0.349953,-0.228300,0.288498,-0.0411,0.0459,-0.024637,0.054793,0.68641333281993866,-0.013141,0.100642,0.7325
uni,0.95,12,8,3,641378,2780,19394,642073,0.118735,0.349909,-0.231174,0.290285,-0.0388,0.0302,-0.025439,0.040256,0.52530354261398315,-0.010263,0.145086,0.3559
uni,0.95,12,8,4,640431,3472,14661,641123,0.117714,0.349875,-0.232161,0.290774,-0.0294,0.0229,-0.023486,0.031651,0.37241560220718384,-0.069605,0.165996,0.3387
uni,0.95,12,8,5,639485,4164,11659,640177,0.117341,0.349850,-0.232509,0.291082,-0.0294,0.0182,-0.022326,0.027201,0.22325548529624939,-0.051424,0.188887,0.1618
uni,0.95,12,8,6,638541,4855,9745,639232,0.117194,0.349835,-0.232641,0.291089,-0.0242,0.0153,-0.021219,0.024551,0.1297818124294281,-0.081944,0.199180,0.1944
uni,0.95,12,8,7,637597,5546,8363,638288,0.117124,0.349817,-0.232692,0.291166,-0.0243,0.0131,-0.020677,0.023216,0.071204990148544312,-0.063587,0.207387,0.1408
uni,0.95,12,8,8,636653,6237,7359,637344,0.117079,0.349810,-0.232731,0.291130,-0.0206,0.0116,-0.020273,0.022362,0.056415781378746033,-0.084571,0.212738,0.1795
uni,0.95,12,8,9,635709,6928,6544,636400,0.117041,0.349785,-0.232744,0.291159,-0.0210,0.0103,-0.020164,0.021992,0.053058624267578125,-0.071231,0.218389,0.1509
uni,0.95,12,8,10,634765,7619,5896,635456,0.117004,0.349776,-0.232773,0.291125,-0.0182,0.0093,-0.020080,0.021721,0.050604164600372314,-0.088046,0.223975,0.1764
uni,0.95,12,8,11,633821,8310,5324,634512,0.116968,0.349748,-0.232780,0.291147,-0.0189,0.0084,-0.020183,0.021696,0.04880969226360321,-0.078368,0.229371,0.1570
uni,0.95,4,1,0,561939,278,548125,0,0.288403,0.349660,-0.061258,0.117728,0.7120,0.9754,-0.065788,0.115642,1.4897289574146271,-9.000000,-9.000000,-9.0000
uni,0.95,4,1,1,561430,556,13538,561708,0.113077,0.349575,-0.236498,0.276315,0.1526,0.0241,0.014035,0.038268,0.39377698302268982,0.064631,0.111946,0.7422
uni,0.95,4,1,2,560921,834,3238,561199,0.101605,0.349482,-0.247876,0.284017,0.1975,0.0058,-0.000533,0.018903,0.30539219081401825,-0.042291,0.075113,0.7991
uni,0.95,4,1,3,560412,1112,1105,560690,0.097565,0.349432,-0.251867,0.287766,0.1785,0.0020,-0.005044,0.013088,0.12461856007575989,-0.069220,0.122396,0.4691
uni,0.95,4,2,0,675162,221,648315,0,0.271792,0.349924,-0.078132,0.138109,0.6651,0.9602,-0.085203,0.136586,1.3333333134651184,-9.000000,-9.000000,-9.0000
uni,0.95,4,2,1,674668,442,22385,674889,0.127909,0.349878,-0.221969,0.268743,0.1641,0.0332,0.013081,0.038945,0.37954027950763702,0.084634,0.133510,0.7486
uni,0.95,4,2,2,674175,663,6169,674396,0.116253,0.349830,-0.233577,0.276259,0.2078,0.0092,-0.000735,0.020192,0.43799753487110138,-0.035634,0.083051,0.7807
uni,0.95,4,2,3,673682,884,2183,673903,0.112043,0.349813,-0.237770,0.280256,0.1862,0.0032,-0.006128,0.013090,0.13289718329906464,-0.044603,0.128069,0.4267
uni,0.95,4,3,0,808496,144,778710,0,0.278216,0.350013,-0.071797,0.127377,0.6929,0.9632,-0.079121,0.124947,1.4285714030265808,-9.000000,-9.000000,-9.0000
uni,0.95,4,3,1,808029,288,26768,808173,0.124082,0.349980,-0.225898,0.269205,0.0785,0.0331,0.016337,0.036340,0.36268909275531769,0.078105,0.121538,0.6562
uni,0.95,4,3,2,807562,432,6268,807706,0.110650,0.349944,-0.239294,0.278666,0.1148,0.0078,0.001863,0.014277,0.21207226812839508,-0.038931,0.076278,0.7184
uni,0.95,4,3,3,807095,576,1980,807239,0.105840,0.349925,-0.244085,0.282746,0.1089,0.0025,-0.003179,0.008893,0.11400578916072845,-0.069220,0.126593,0.3435
uni,0.95,4,4,0,617618,220,601700,0,0.286868,0.349971,-0.063103,0.119751,0.7026,0.9742,-0.067936,0.117611,1.2890637516975403,-9.000000,-9.000000,-9.0000
uni,0.95,4,4,1,617149,440,14055,617369,0.114516,0.349927,-0.235411,0.275363,0.1410,0.0228,0.017681,0.037151,0.50101035833358765,0.066821,0.114025,0.7276
uni,0.95,4,4,2,616681,660,2857,616901,0.102893,0.349864,-0.246971,0.283334,0.1814,0.0046,0.002998,0.018358,0.48091268539428711,-0.041897,0.075476,0.7873
uni,0.95,4,4,3,616214,879,775,616433,0.098768,0.349841,-0.251074,0.287069,0.1671,0.0013,-0.002143,0.011184,0.14851045608520508,-0.067120,0.122078,0.4517
uni,0.95,4,5,0,743222,207,714901,0,0.275250,0.350081,-0.074831,0.132928,0.6854,0.9619,-0.082041,0.130949,1.5,-9.000000,-9.000000,-9.0000
uni,0.95,4,5,1,742713,414,24452,742920,0.125702,0.350040,-0.224338,0.270281,0.1277,0.0329,0.014795,0.039060,0.36548282206058502,0.081244,0.127635,0.7088
uni,0.95,4,5,2,742204,621,6303,742411,0.112910,0.349994,-0.237084,0.278916,0.1699,0.0085,0.000080,0.017903,0.18551725149154663,-0.037129,0.079225,0.7546
uni,0.95,4,5,3,741695,828,2189,741902,0.108303,0.349974,-0.241671,0.282991,0.1562,0.0030,-0.005508,0.012347,0.064558997750282288,-0.059406,0.127528,0.3906
uni,0.95,4,6,0,815738,435,772967,0,0.263145,0.350044,-0.086899,0.147896,0.6499,0.9476,-0.096793,0.146637,1.516942024230957,-9.000000,-9.000000,-9.0000
uni,0.95,4,6,1,814979,869,44431,815413,0.136978,0.349963,-0.212986,0.264663,0.1393,0.0545,0.003862,0.042307,0.41157978773117065,0.096363,0.143492,0.7293
uni,0.95,4,6,2,814221,1303,17217,814655,0.125139,0.349899,-0.224760,0.272139,0.1789,0.0211,-0.007493,0.023018,0.28561392426490784,-0.029240,0.087012,0.7431
uni,0.95,4,6,3,813463,1737,8904,813897,0.120836,0.349857,-0.229020,0.275959,0.1626,0.0109,-0.010321,0.017037,0.13739839196205139,-0.033862,0.131875,0.3913
uni,0.95,4,7,0,787482,230,746214,0,0.266264,0.350141,-0.083878,0.143560,0.6574,0.9476,-0.094079,0.141576,1.5999999940395355,-9.000000,-9.000000,-9.0000
uni,0.95,4,7,1,786938,460,36838,787168,0.135059,0.350086,-0.215027,0.265357,0.0876,0.0468,0.011259,0.039244,0.36960385739803314,0.093645,0.138599,0.6924
uni,0.95,4,7,2,786394,690,11428,786624,0.122458,0.350052,-0.227594,0.273515,0.1257,0.0145,-0.001912,0.019510,0.323319211602211,-0.031954,0.083464,0.7189
uni,0.95,4,7,3,785851,920,4595,786081,0.117854,0.350036,-0.232182,0.277435,0.1148,0.0058,-0.006624,0.014444,0.17554651200771332,-0.042712,0.130064,0.3437
uni,0.95,4,8,0,678322,361,649586,0,0.272842,0.349592,-0.076750,0.138220,0.6599,0.9576,-0.084272,0.136374,1.409474641084671,-9.000000,-9.000000,-9.0000
uni,0.95,4,8,1,677691,721,26255,678051,0.126951,0.349503,-0.222552,0.269441,0.1708,0.0387,0.008878,0.042952,0.66582769155502319,0.084200,0.133923,0.7654
uni,0.95,4,8,2,677060,1081,8376,677420,0.115552,0.349422,-0.233870,0.276708,0.2115,0.0124,-0.005331,0.025940,0.53947672247886658,-0.033999,0.083507,0.7877
uni,0.95,4,8,3,676430,1440,3672,676789,0.111451,0.349375,-0.237924,0.280476,0.1935,0.0054,-0.010448,0.019595,0.18656942248344421,-0.044973,0.128963,0.4470
uni,0.95,8,1,0,547635,199,528050,0,0.286768,0.349776,-0.063008,0.122051,0.7277,0.9642,-0.068138,0.119996,1.5302039384841919,-9.000000,-9.000000,-9.0000
uni,0.95,8,1,1,547220,398,21748,547419,0.114894,0.349747,-0.234853,0.282959,0.0103,0.0397,-0.002335,0.048001,1,0.068653,0.118545,0.7892
uni,0.95,8,1,2,546805,597,9165,547004,0.105157,0.349715,-0.244558,0.288704,0.0404,0.0168,-0.010381,0.033297,0.6388603150844574,-0.036914,0.079849,0.7891
uni,0.95,8,1,3,546390,796,5071,546589,0.101744,0.349698,-0.247953,0.291385,0.0372,0.0093,-0.012539,0.021884,0.30448612570762634,-0.052204,0.125555,0.3998
uni,0.95,8,1,4,545975,995,3302,546174,0.100493,0.349676,-0.249183,0.292031,0.0521,0.0060,-0.012148,0.016904,0.087001711130142212,-0.110283,0.161640,0.4229
uni,0.95,8,1,5,545561,1194,2254,545760,0.100009,0.349667,-0.249658,0.292578,0.0449,0.0041,-0.011600,0.014969,0.07533581554889679,-0.099419,0.182594,0.1858
uni,0.95,8,1,6,545147,1393,1657,545346,0.099807,0.349651,-0.249843,0.292580,0.0513,0.0030,-0.011209,0.013912,0.066806763410568237,-0.123858,0.195750,0.2590
uni,0.95,8,1,7,544733,1592,1252,544932,0.099716,0.349636,-0.249921,0.292788,0.0447,0.0023,-0.011019,0.013398,0.060571074485778809,-0.106939,0.198885,0.1662
uni,0.95,8,2,0,661581,219,626059,0,0.269858,0.348951,-0.079093,0.140824,0.6875,0.9463,-0.086557,0.139824,1.4285714030265808,-9.000000,-9.000000,-9.0000
uni,0.95,8,2,1,661102,438,30322,661321,0.129031,0.348911,-0.219880,0.274801,0.0348,0.0459,-0.003891,0.048125,0.79305809736251831,0.088094,0.139172,0.7837
uni,0.95,8,2,2,660623,657,12550,660842,0.119511,0.348883,-0.229372,0.279995,0.0651,0.0190,-0.011418,0.037720,0.49412171542644501,-0.030271,0.089883,0.7574
uni,0.95,8,2,3,660144,876,6546,660363,0.116128,0.348878,-0.232750,0.282753,0.0561,0.0099,-0.015018,0.027230,0.27084387838840485,-0.023925,0.133301,0.3656
uni,0.95,8,2,4,659665,1095,4199,659884,0.114870,0.348857,-0.233987,0.283310,0.0714,0.0064,-0.014992,0.021630,0.14491520822048187,-0.091533,0.161220,0.3949
uni,0.95,8,2,5,659186,1314,2838,659405,0.114376,0.348851,-0.234475,0.283979,0.0605,0.0043,-0.015318,0.019637,0.077168375253677368,-0.065230,0.180285,0.1708
uni,0.95,8,2,6,658707,1533,2052,658926,0.114167,0.348840,-0.234673,0.283910,0.0693,0.0031,-0.014926,0.018248,0.068944528698921204,-0.102713,0.192668,0.2511
uni,0.95,8,2,7,658228,1752,1536,658447,0.114070,0.348837,-0.234767,0.284248,0.0592,0.0023,-0.014894,0.017737,0.062760189175605774,-0.074501,0.196215,0.1615
uni,0.95,8,3,0,797898,103,770835,0,0.282774,0.350111,-0.067337,0.124140,0.7473,0.9661,-0.072873,0.121920,1.4285714030265808,-9.000000,-9.000000,-9.0000
uni,0.95,8,3,1,797475,206,28392,797578,0.122941,0.350080,-0.227139,0.278879,-0.0164,0.0356,0.006714,0.041014,0.6199614405632019,0.072330,0.119165,0.6954
uni,0.95,8,3,2,797052,309,9790,797155,0.111812,0.350071,-0.238259,0.285705,0.0126,0.0123,-0.004898,0.025029,0.51940532028675079,-0.042313,0.080360,0.7233
uni,0.95,8,3,3,796630,411,4429,796732,0.107862,0.350060,-0.242199,0.288767,0.0113,0.0056,-0.009051,0.017858,0.21572397649288177,-0.054876,0.125275,0.3004
uni,0.95,8,3,4,796208,513,2547,796310,0.106393,0.350050,-0.243657,0.289708,0.0233,0.0032,-0.009603,0.014578,0.10180957615375519,-0.117328,0.166507,0.2946
uni,0.95,8,3,5,795786,615,1574,795888,0.105816,0.350039,-0.244224,0.290220,0.0203,0.0020,-0.010149,0.013912,0.058943361043930054,-0.101084,0.184059,0.0869
uni,0.95,8,3,6,795364,717,1057,795466,0.105574,0.350037,-0.244463,0.290322,0.0256,0.0013,-0.010113,0.013148,0.051892176270484924,-0.128756,0.199393,0.1440
uni,0.95,8,3,7,794942,819,720,795044,0.105465,0.350027,-0.244562,0.290466,0.0219,0.0009,-0.010308,0.013065,0.046921104192733765,-0.107616,0.199894,0.0861
uni,0.95,8,4,0,603221,162,580835,0,0.285716,0.350143,-0.064428,0.122972,0.7218,0.9629,-0.069853,0.121211,1.4285714030265808,-9.000000,-9.000000,-9.0000
uni,0.95,8,4,1,602819,324,19954,602981,0.116052,0.350121,-0.234069,0.281473,0.0024,0.0331,0.007817,0.038500,0.3741442859172821,0.070170,0.119284,0.7682
uni,0.95,8,4,2,602417,486,6441,602579,0.106201,0.350100,-0.243898,0.287374,0.0318,0.0107,-0.003549,0.022581,0.3854815661907196,-0.038170,0.078713,0.7839
uni,0.95,8,4,3,602015,648,2591,602177,0.102705,0.350086,-0.247381,0.290071,0.0314,0.0043,-0.007783,0.016856,0.16665516793727875,-0.050169,0.123835,0.3823
uni,0.95,8,4,4,601613,810,1367,601775,0.101404,0.350071,-0.248667,0.290786,0.0456,0.0023,-0.009020,0.013606,0.087106123566627502,-0.109651,0.159827,0.4086
uni,0.95,8,4,5,601211,972,762,601373,0.100891,0.350056,-0.249166,0.291278,0.0411,0.0013,-0.009948,0.013148,0.072858691215515137,-0.096913,0.179542,0.1619
uni,0.95,8,4,6,600809,1134,451,600971,0.100674,0.350049,-0.249375,0.291313,0.0477,0.0008,-0.010224,0.012540,0.037268459796905518,-0.124039,0.193547,0.2364
uni,0.95,8,4,7,600407,1296,262,600569,0.100576,0.350045,-0.249468,0.291492,0.0429,0.0004,-0.010574,0.012822,0.034687235951423645,-0.105510,0.196494,0.1356
uni,0.95,8,5,0,730878,120,699538,0,0.276529,0.349790,-0.073261,0.132290,0.7207,0.9571,-0.079585,0.130839,1.4285714030265808,-9.000000,-9.000000,-9.0000
uni,0.95,8,5,1,730466,240,28064,730586,0.125820,0.349772,-0.223952,0.277425,0.0083,0.0384,0.001472,0.045228,0.6082606315612793,0.079914,0.128918,0.7479
uni,0.95,8,5,2,730054,360,10829,730174,0.115215,0.349760,-0.234545,0.283660,0.0388,0.0148,-0.009324,0.032145,0.4788362979888916,-0.036762,0.084323,0.7469
uni,0.95,8,5,3,729642,480,5573,729762,0.111439,0.349753,-0.238315,0.286654,0.0333,0.0076,-0.012967,0.022350,0.23427976667881012,-0.041799,0.129130,0.3273
uni,0.95,8,5,4,729230,600,3556,729350,0.110031,0.349744,-0.239713,0.287468,0.0467,0.0049,-0.013081,0.017967,0.10615076124668121,-0.106951,0.165229,0.3379
uni,0.95,8,5,5,728818,720,2440,728938,0.109475,0.349736,-0.240261,0.288053,0.0399,0.0033,-0.013075,0.016194,0.072224557399749756,-0.085969,0.183090,0.1292
uni,0.95,8,5,6,728407,839,1727,728526,0.109242,0.349726,-0.240484,0.288082,0.0469,0.0024,-0.012701,0.015038,0.046828478574752808,-0.116946,0.196451,0.2010
uni,0.95,8,5,7,727997,957,1258,728115,0.109135,0.349717,-0.240582,0.288299,0.0401,0.0017,-0.012560,0.014501,0.042342483997344971,-0.092463,0.197352,0.1290
uni,0.95,8,6,0,803062,261,752591,0,0.263091,0.349814,-0.086723,0.150182,0.6816,0.9372,-0.096677,0.149216,1.5555555522441864,-9.000000,-9.000000,-9.0000
uni,0.95,8,6,1,802480,522,56952,802741,0.137190,0.349760,-0.212569,0.273578,0.0359,0.0710,-0.008525,0.051399,1.1699370741844177,0.098119,0.148177,0.7724
uni,0.95,8,6,2,801899,783,28060,802160,0.127270,0.349733,-0.222463,0.279022,0.0558,0.0350,-0.013073,0.036142,0.61534048616886139,-0.023655,0.093798,0.7256
uni,0.95,8,6,3,801318,1044,17095,801579,0.123723,0.349721,-0.225998,0.281758,0.0492,0.0213,-0.014288,0.024231,0.45600065588951111,-0.017177,0.137286,0.3590
uni,0.95,8,6,4,800737,1305,12169,800998,0.122399,0.349703,-0.227304,0.282491,0.0590,0.0152,-0.013144,0.018295,0.17992527782917023,-0.082242,0.163217,0.3542
uni,0.95,8,6,5,800158,1565,9264,800418,0.121878,0.349691,-0.227813,0.283060,0.0521,0.0116,-0.012282,0.015563,0.09333406388759613,-0.054168,0.180192,0.1878
uni,0.95,8,6,6,799579,1825,7408,799839,0.121659,0.349671,-0.228012,0.283082,0.0572,0.0093,-0.011511,0.014040,0.067821815609931946,-0.089971,0.191199,0.2344
uni,0.95,8,6,7,799000,2085,6075,799260,0.121561,0.349655,-0.228094,0.283278,0.0518,0.0076,-0.011067,0.013275,0.061738178133964539,-0.065398,0.196520,0.1805
uni,0.95,8,7,0,776022,168,735299,0,0.267822,0.349577,-0.081755,0.142282,0.7096,0.9475,-0.090112,0.140971,1.5,-9.000000,-9.000000,-9.0000
uni,0.95,8,7,1,775547,336,41590,775715,0.134599,0.349544,-0.214946,0.274020,0.0093,0.0536,-0.000803,0.046227,0.77241939306259155,0.090608,0.139116,0.7266
uni,0.95,8,7,2,775072,504,17427,775240,0.124029,0.349523,-0.225495,0.279994,0.0356,0.0225,-0.009252,0.031333,0.55364313721656799,-0.032332,0.089065,0.7063
uni,0.95,8,7,3,774597,672,9004,774765,0.120219,0.349518,-0.229299,0.282954,0.0297,0.0116,-0.012554,0.021955,0.30438283085823059,-0.028424,0.132072,0.3180
uni,0.95,8,7,4,774122,840,5695,774290,0.118777,0.349503,-0.230726,0.283804,0.0404,0.0074,-0.012233,0.017394,0.1571563333272934,-0.094712,0.164200,0.3057
uni,0.95,8,7,5,773647,1008,3797,773815,0.118201,0.349493,-0.231292,0.284362,0.0352,0.0049,-0.012139,0.015614,0.089205577969551086,-0.066163,0.178877,0.1454
uni,0.95,8,7,6,773172,1176,2698,773340,0.117956,0.349487,-0.231532,0.284444,0.0399,0.0035,-0.011909,0.014522,0.059954926371574402,-0.102394,0.191958,0.1907
uni,0.95,8,7,7,772697,1344,1938,772865,0.117845,0.349482,-0.231638,0.284620,0.0355,0.0025,-0.011908,0.014097,0.054358780384063721,-0.076102,0.194365,0.1418
uni,0.95,8,8,0,661698,238,623515,0,0.270029,0.349618,-0.079589,0.143020,0.6815,0.9423,-0.087658,0.142189,1.5555555522441864,-9.000000,-9.000000,-9.0000
uni,0.95,8,8,1,661187,476,38261,661425,0.128357,0.349578,-0.221222,0.277419,0.0361,0.0579,-0.012343,0.058590,1.3333333134651184,0.089720,0.142054,0.8065
uni,0.95,8,8,2,660676,714,17990,660914,0.119023,0.349549,-0.230526,0.282519,0.0583,0.0272,-0.019366,0.046075,0.63527734577655792,-0.025426,0.092500,0.7608
uni,0.95,8,8,3,660165,952,10953,660403,0.115723,0.349543,-0.233820,0.285098,0.0523,0.0166,-0.022025,0.034417,0.4741436243057251,-0.024312,0.136424,0.3962
uni,0.95,8,8,4,659654,1190,7885,659892,0.114511,0.349529,-0.235018,0.285698,0.0645,0.0120,-0.021006,0.027763,0.21590937674045563,-0.086389,0.162674,0.4046
uni,0.95,8,8,5,659143,1428,6115,659381,0.114041,0.349509,-0.235468,0.286246,0.0569,0.0093,-0.020298,0.024670,0.11297483742237091,-0.064542,0.181826,0.2088
uni,0.95,8,8,6,658632,1666,5020,658870,0.113848,0.349498,-0.235650,0.286197,0.0646,0.0076,-0.019393,0.022576,0.067288249731063843,-0.096668,0.192917,0.2683
uni,0.95,8,8,7,658121,1904,4235,658359,0.113762,0.349489,-0.235728,0.286475,0.0566,0.0064,-0.018971,0.021508,0.06100761890411377,-0.074198,0.197687,0.1976
